faq_id,topic,question,answer,intent_tags,escalation_required
FAQ-0001,foreign ownership,Can foreign buyers purchase Aqaar properties?,Aqaar can guide you on eligible projects and required documentation. Legal eligibility should be confirmed with the Aqaar team before reservation.,foreign ownership,false
FAQ-0002,viewing,Can I arrange a private viewing?,"Yes. Once your preferred project and contact details are confirmed, Aqaar can coordinate a private viewing or consultation.",viewing,false
FAQ-0003,investment,Which project is best for investment?,"The best option depends on budget, timeline, location preference, and yield expectations. The concierge can compare suitable projects.",investment,true
FAQ-0004,rental,Can Aqaar help with rental properties?,"Yes. Aqaar can help identify rental options based on location, budget, and move-in timeline.",rental,false
FAQ-0005,commercial,Does Aqaar offer commercial spaces?,"Yes. Aqaar can support retail, office, showroom, and mixed-use commercial inquiries.",commercial,false
FAQ-0006,payment,Are payment plans available?,Payment plans may vary by project and release. Aqaar should confirm current terms during consultation.,payment,true
FAQ-0007,handover,When will a project be handed over?,Handover timelines depend on project stage and inventory. Aqaar can confirm current dates for shortlisted options.,handover,false
FAQ-0008,service charges,Are there service charges?,Most managed communities include service charges. Aqaar can provide project-specific estimates when available.,service charges,false
FAQ-0009,foreign ownership,Can foreign buyers purchase Aqaar properties? (1),Aqaar can guide you on eligible projects and required documentation. Legal eligibility should be confirmed with the Aqaar team before reservation.,foreign ownership,true
FAQ-0010,viewing,Can I arrange a private viewing? (1),"Yes. Once your preferred project and contact details are confirmed, Aqaar can coordinate a private viewing or consultation.",viewing,false
FAQ-0011,investment,Which project is best for investment? (1),"The best option depends on budget, timeline, location preference, and yield expectations. The concierge can compare suitable projects.",investment,false
FAQ-0012,rental,Can Aqaar help with rental properties? (1),"Yes. Aqaar can help identify rental options based on location, budget, and move-in timeline.",rental,true
FAQ-0013,commercial,Does Aqaar offer commercial spaces? (1),"Yes. Aqaar can support retail, office, showroom, and mixed-use commercial inquiries.",commercial,false
FAQ-0014,payment,Are payment plans available? (1),Payment plans may vary by project and release. Aqaar should confirm current terms during consultation.,payment,false
FAQ-0015,handover,When will a project be handed over? (1),Handover timelines depend on project stage and inventory. Aqaar can confirm current dates for shortlisted options.,handover,true
FAQ-0016,service charges,Are there service charges? (1),Most managed communities include service charges. Aqaar can provide project-specific estimates when available.,service charges,false
FAQ-0017,foreign ownership,Can foreign buyers purchase Aqaar properties? (2),Aqaar can guide you on eligible projects and required documentation. Legal eligibility should be confirmed with the Aqaar team before reservation.,foreign ownership,false
FAQ-0018,viewing,Can I arrange a private viewing? (2),"Yes. Once your preferred project and contact details are confirmed, Aqaar can coordinate a private viewing or consultation.",viewing,true
FAQ-0019,investment,Which project is best for investment? (2),"The best option depends on budget, timeline, location preference, and yield expectations. The concierge can compare suitable projects.",investment,false
FAQ-0020,rental,Can Aqaar help with rental properties? (2),"Yes. Aqaar can help identify rental options based on location, budget, and move-in timeline.",rental,false
FAQ-0021,commercial,Does Aqaar offer commercial spaces? (2),"Yes. Aqaar can support retail, office, showroom, and mixed-use commercial inquiries.",commercial,true
FAQ-0022,payment,Are payment plans available? (2),Payment plans may vary by project and release. Aqaar should confirm current terms during consultation.,payment,false
FAQ-0023,handover,When will a project be handed over? (2),Handover timelines depend on project stage and inventory. Aqaar can confirm current dates for shortlisted options.,handover,false
FAQ-0024,service charges,Are there service charges? (2),Most managed communities include service charges. Aqaar can provide project-specific estimates when available.,service charges,true
FAQ-0025,foreign ownership,Can foreign buyers purchase Aqaar properties? (3),Aqaar can guide you on eligible projects and required documentation. Legal eligibility should be confirmed with the Aqaar team before reservation.,foreign ownership,false
FAQ-0026,viewing,Can I arrange a private viewing? (3),"Yes. Once your preferred project and contact details are confirmed, Aqaar can coordinate a private viewing or consultation.",viewing,false
FAQ-0027,investment,Which project is best for investment? (3),"The best option depends on budget, timeline, location preference, and yield expectations. The concierge can compare suitable projects.",investment,true
FAQ-0028,rental,Can Aqaar help with rental properties? (3),"Yes. Aqaar can help identify rental options based on location, budget, and move-in timeline.",rental,false
FAQ-0029,commercial,Does Aqaar offer commercial spaces? (3),"Yes. Aqaar can support retail, office, showroom, and mixed-use commercial inquiries.",commercial,false
FAQ-0030,payment,Are payment plans available? (3),Payment plans may vary by project and release. Aqaar should confirm current terms during consultation.,payment,true
FAQ-0031,handover,When will a project be handed over? (3),Handover timelines depend on project stage and inventory. Aqaar can confirm current dates for shortlisted options.,handover,false
FAQ-0032,service charges,Are there service charges? (3),Most managed communities include service charges. Aqaar can provide project-specific estimates when available.,service charges,false
FAQ-0033,foreign ownership,Can foreign buyers purchase Aqaar properties? (4),Aqaar can guide you on eligible projects and required documentation. Legal eligibility should be confirmed with the Aqaar team before reservation.,foreign ownership,true
FAQ-0034,viewing,Can I arrange a private viewing? (4),"Yes. Once your preferred project and contact details are confirmed, Aqaar can coordinate a private viewing or consultation.",viewing,false
FAQ-0035,investment,Which project is best for investment? (4),"The best option depends on budget, timeline, location preference, and yield expectations. The concierge can compare suitable projects.",investment,false
FAQ-0036,rental,Can Aqaar help with rental properties? (4),"Yes. Aqaar can help identify rental options based on location, budget, and move-in timeline.",rental,true
FAQ-0037,commercial,Does Aqaar offer commercial spaces? (4),"Yes. Aqaar can support retail, office, showroom, and mixed-use commercial inquiries.",commercial,false
FAQ-0038,payment,Are payment plans available? (4),Payment plans may vary by project and release. Aqaar should confirm current terms during consultation.,payment,false
FAQ-0039,handover,When will a project be handed over? (4),Handover timelines depend on project stage and inventory. Aqaar can confirm current dates for shortlisted options.,handover,true
FAQ-0040,service charges,Are there service charges? (4),Most managed communities include service charges. Aqaar can provide project-specific estimates when available.,service charges,false
FAQ-0041,foreign ownership,Can foreign buyers purchase Aqaar properties? (5),Aqaar can guide you on eligible projects and required documentation. Legal eligibility should be confirmed with the Aqaar team before reservation.,foreign ownership,false
FAQ-0042,viewing,Can I arrange a private viewing? (5),"Yes. Once your preferred project and contact details are confirmed, Aqaar can coordinate a private viewing or consultation.",viewing,true
FAQ-0043,investment,Which project is best for investment? (5),"The best option depends on budget, timeline, location preference, and yield expectations. The concierge can compare suitable projects.",investment,false
FAQ-0044,rental,Can Aqaar help with rental properties? (5),"Yes. Aqaar can help identify rental options based on location, budget, and move-in timeline.",rental,false
FAQ-0045,commercial,Does Aqaar offer commercial spaces? (5),"Yes. Aqaar can support retail, office, showroom, and mixed-use commercial inquiries.",commercial,true
FAQ-0046,payment,Are payment plans available? (5),Payment plans may vary by project and release. Aqaar should confirm current terms during consultation.,payment,false
FAQ-0047,handover,When will a project be handed over? (5),Handover timelines depend on project stage and inventory. Aqaar can confirm current dates for shortlisted options.,handover,false
FAQ-0048,service charges,Are there service charges? (5),Most managed communities include service charges. Aqaar can provide project-specific estimates when available.,service charges,true
FAQ-0049,foreign ownership,Can foreign buyers purchase Aqaar properties? (6),Aqaar can guide you on eligible projects and required documentation. Legal eligibility should be confirmed with the Aqaar team before reservation.,foreign ownership,false
FAQ-0050,viewing,Can I arrange a private viewing? (6),"Yes. Once your preferred project and contact details are confirmed, Aqaar can coordinate a private viewing or consultation.",viewing,false
FAQ-0051,investment,Which project is best for investment? (6),"The best option depends on budget, timeline, location preference, and yield expectations. The concierge can compare suitable projects.",investment,true
FAQ-0052,rental,Can Aqaar help with rental properties? (6),"Yes. Aqaar can help identify rental options based on location, budget, and move-in timeline.",rental,false
FAQ-0053,commercial,Does Aqaar offer commercial spaces? (6),"Yes. Aqaar can support retail, office, showroom, and mixed-use commercial inquiries.",commercial,false
FAQ-0054,payment,Are payment plans available? (6),Payment plans may vary by project and release. Aqaar should confirm current terms during consultation.,payment,true
FAQ-0055,handover,When will a project be handed over? (6),Handover timelines depend on project stage and inventory. Aqaar can confirm current dates for shortlisted options.,handover,false
FAQ-0056,service charges,Are there service charges? (6),Most managed communities include service charges. Aqaar can provide project-specific estimates when available.,service charges,false
FAQ-0057,foreign ownership,Can foreign buyers purchase Aqaar properties? (7),Aqaar can guide you on eligible projects and required documentation. Legal eligibility should be confirmed with the Aqaar team before reservation.,foreign ownership,true
FAQ-0058,viewing,Can I arrange a private viewing? (7),"Yes. Once your preferred project and contact details are confirmed, Aqaar can coordinate a private viewing or consultation.",viewing,false
FAQ-0059,investment,Which project is best for investment? (7),"The best option depends on budget, timeline, location preference, and yield expectations. The concierge can compare suitable projects.",investment,false
FAQ-0060,rental,Can Aqaar help with rental properties? (7),"Yes. Aqaar can help identify rental options based on location, budget, and move-in timeline.",rental,true
FAQ-0061,commercial,Does Aqaar offer commercial spaces? (7),"Yes. Aqaar can support retail, office, showroom, and mixed-use commercial inquiries.",commercial,false
FAQ-0062,payment,Are payment plans available? (7),Payment plans may vary by project and release. Aqaar should confirm current terms during consultation.,payment,false
FAQ-0063,handover,When will a project be handed over? (7),Handover timelines depend on project stage and inventory. Aqaar can confirm current dates for shortlisted options.,handover,true
FAQ-0064,service charges,Are there service charges? (7),Most managed communities include service charges. Aqaar can provide project-specific estimates when available.,service charges,false
FAQ-0065,foreign ownership,Can foreign buyers purchase Aqaar properties? (8),Aqaar can guide you on eligible projects and required documentation. Legal eligibility should be confirmed with the Aqaar team before reservation.,foreign ownership,false
FAQ-0066,viewing,Can I arrange a private viewing? (8),"Yes. Once your preferred project and contact details are confirmed, Aqaar can coordinate a private viewing or consultation.",viewing,true
FAQ-0067,investment,Which project is best for investment? (8),"The best option depends on budget, timeline, location preference, and yield expectations. The concierge can compare suitable projects.",investment,false
FAQ-0068,rental,Can Aqaar help with rental properties? (8),"Yes. Aqaar can help identify rental options based on location, budget, and move-in timeline.",rental,false
FAQ-0069,commercial,Does Aqaar offer commercial spaces? (8),"Yes. Aqaar can support retail, office, showroom, and mixed-use commercial inquiries.",commercial,true
FAQ-0070,payment,Are payment plans available? (8),Payment plans may vary by project and release. Aqaar should confirm current terms during consultation.,payment,false
FAQ-0071,handover,When will a project be handed over? (8),Handover timelines depend on project stage and inventory. Aqaar can confirm current dates for shortlisted options.,handover,false
FAQ-0072,service charges,Are there service charges? (8),Most managed communities include service charges. Aqaar can provide project-specific estimates when available.,service charges,true
FAQ-0073,foreign ownership,Can foreign buyers purchase Aqaar properties? (9),Aqaar can guide you on eligible projects and required documentation. Legal eligibility should be confirmed with the Aqaar team before reservation.,foreign ownership,false
FAQ-0074,viewing,Can I arrange a private viewing? (9),"Yes. Once your preferred project and contact details are confirmed, Aqaar can coordinate a private viewing or consultation.",viewing,false
FAQ-0075,investment,Which project is best for investment? (9),"The best option depends on budget, timeline, location preference, and yield expectations. The concierge can compare suitable projects.",investment,true
FAQ-0076,rental,Can Aqaar help with rental properties? (9),"Yes. Aqaar can help identify rental options based on location, budget, and move-in timeline.",rental,false
FAQ-0077,commercial,Does Aqaar offer commercial spaces? (9),"Yes. Aqaar can support retail, office, showroom, and mixed-use commercial inquiries.",commercial,false
FAQ-0078,payment,Are payment plans available? (9),Payment plans may vary by project and release. Aqaar should confirm current terms during consultation.,payment,true
FAQ-0079,handover,When will a project be handed over? (9),Handover timelines depend on project stage and inventory. Aqaar can confirm current dates for shortlisted options.,handover,false
FAQ-0080,service charges,Are there service charges? (9),Most managed communities include service charges. Aqaar can provide project-specific estimates when available.,service charges,false
FAQ-0081,foreign ownership,Can foreign buyers purchase Aqaar properties? (10),Aqaar can guide you on eligible projects and required documentation. Legal eligibility should be confirmed with the Aqaar team before reservation.,foreign ownership,true
FAQ-0082,viewing,Can I arrange a private viewing? (10),"Yes. Once your preferred project and contact details are confirmed, Aqaar can coordinate a private viewing or consultation.",viewing,false
FAQ-0083,investment,Which project is best for investment? (10),"The best option depends on budget, timeline, location preference, and yield expectations. The concierge can compare suitable projects.",investment,false
FAQ-0084,rental,Can Aqaar help with rental properties? (10),"Yes. Aqaar can help identify rental options based on location, budget, and move-in timeline.",rental,true
FAQ-0085,commercial,Does Aqaar offer commercial spaces? (10),"Yes. Aqaar can support retail, office, showroom, and mixed-use commercial inquiries.",commercial,false
FAQ-0086,payment,Are payment plans available? (10),Payment plans may vary by project and release. Aqaar should confirm current terms during consultation.,payment,false
FAQ-0087,handover,When will a project be handed over? (10),Handover timelines depend on project stage and inventory. Aqaar can confirm current dates for shortlisted options.,handover,true
FAQ-0088,service charges,Are there service charges? (10),Most managed communities include service charges. Aqaar can provide project-specific estimates when available.,service charges,false
FAQ-0089,foreign ownership,Can foreign buyers purchase Aqaar properties? (11),Aqaar can guide you on eligible projects and required documentation. Legal eligibility should be confirmed with the Aqaar team before reservation.,foreign ownership,false
FAQ-0090,viewing,Can I arrange a private viewing? (11),"Yes. Once your preferred project and contact details are confirmed, Aqaar can coordinate a private viewing or consultation.",viewing,true
FAQ-0091,investment,Which project is best for investment? (11),"The best option depends on budget, timeline, location preference, and yield expectations. The concierge can compare suitable projects.",investment,false
FAQ-0092,rental,Can Aqaar help with rental properties? (11),"Yes. Aqaar can help identify rental options based on location, budget, and move-in timeline.",rental,false
FAQ-0093,commercial,Does Aqaar offer commercial spaces? (11),"Yes. Aqaar can support retail, office, showroom, and mixed-use commercial inquiries.",commercial,true
FAQ-0094,payment,Are payment plans available? (11),Payment plans may vary by project and release. Aqaar should confirm current terms during consultation.,payment,false
FAQ-0095,handover,When will a project be handed over? (11),Handover timelines depend on project stage and inventory. Aqaar can confirm current dates for shortlisted options.,handover,false
FAQ-0096,service charges,Are there service charges? (11),Most managed communities include service charges. Aqaar can provide project-specific estimates when available.,service charges,true
FAQ-0097,foreign ownership,Can foreign buyers purchase Aqaar properties? (12),Aqaar can guide you on eligible projects and required documentation. Legal eligibility should be confirmed with the Aqaar team before reservation.,foreign ownership,false
FAQ-0098,viewing,Can I arrange a private viewing? (12),"Yes. Once your preferred project and contact details are confirmed, Aqaar can coordinate a private viewing or consultation.",viewing,false
FAQ-0099,investment,Which project is best for investment? (12),"The best option depends on budget, timeline, location preference, and yield expectations. The concierge can compare suitable projects.",investment,true
FAQ-0100,rental,Can Aqaar help with rental properties? (12),"Yes. Aqaar can help identify rental options based on location, budget, and move-in timeline.",rental,false
FAQ-0101,commercial,Does Aqaar offer commercial spaces? (12),"Yes. Aqaar can support retail, office, showroom, and mixed-use commercial inquiries.",commercial,false
FAQ-0102,payment,Are payment plans available? (12),Payment plans may vary by project and release. Aqaar should confirm current terms during consultation.,payment,true
FAQ-0103,handover,When will a project be handed over? (12),Handover timelines depend on project stage and inventory. Aqaar can confirm current dates for shortlisted options.,handover,false
FAQ-0104,service charges,Are there service charges? (12),Most managed communities include service charges. Aqaar can provide project-specific estimates when available.,service charges,false
FAQ-0105,foreign ownership,Can foreign buyers purchase Aqaar properties? (13),Aqaar can guide you on eligible projects and required documentation. Legal eligibility should be confirmed with the Aqaar team before reservation.,foreign ownership,true
FAQ-0106,viewing,Can I arrange a private viewing? (13),"Yes. Once your preferred project and contact details are confirmed, Aqaar can coordinate a private viewing or consultation.",viewing,false
FAQ-0107,investment,Which project is best for investment? (13),"The best option depends on budget, timeline, location preference, and yield expectations. The concierge can compare suitable projects.",investment,false
FAQ-0108,rental,Can Aqaar help with rental properties? (13),"Yes. Aqaar can help identify rental options based on location, budget, and move-in timeline.",rental,true
FAQ-0109,commercial,Does Aqaar offer commercial spaces? (13),"Yes. Aqaar can support retail, office, showroom, and mixed-use commercial inquiries.",commercial,false
FAQ-0110,payment,Are payment plans available? (13),Payment plans may vary by project and release. Aqaar should confirm current terms during consultation.,payment,false
FAQ-0111,handover,When will a project be handed over? (13),Handover timelines depend on project stage and inventory. Aqaar can confirm current dates for shortlisted options.,handover,true
FAQ-0112,service charges,Are there service charges? (13),Most managed communities include service charges. Aqaar can provide project-specific estimates when available.,service charges,false
FAQ-0113,foreign ownership,Can foreign buyers purchase Aqaar properties? (14),Aqaar can guide you on eligible projects and required documentation. Legal eligibility should be confirmed with the Aqaar team before reservation.,foreign ownership,false
FAQ-0114,viewing,Can I arrange a private viewing? (14),"Yes. Once your preferred project and contact details are confirmed, Aqaar can coordinate a private viewing or consultation.",viewing,true
FAQ-0115,investment,Which project is best for investment? (14),"The best option depends on budget, timeline, location preference, and yield expectations. The concierge can compare suitable projects.",investment,false
FAQ-0116,rental,Can Aqaar help with rental properties? (14),"Yes. Aqaar can help identify rental options based on location, budget, and move-in timeline.",rental,false
FAQ-0117,commercial,Does Aqaar offer commercial spaces? (14),"Yes. Aqaar can support retail, office, showroom, and mixed-use commercial inquiries.",commercial,true
FAQ-0118,payment,Are payment plans available? (14),Payment plans may vary by project and release. Aqaar should confirm current terms during consultation.,payment,false
FAQ-0119,handover,When will a project be handed over? (14),Handover timelines depend on project stage and inventory. Aqaar can confirm current dates for shortlisted options.,handover,false
FAQ-0120,service charges,Are there service charges? (14),Most managed communities include service charges. Aqaar can provide project-specific estimates when available.,service charges,true
FAQ-0121,foreign ownership,Can foreign buyers purchase Aqaar properties? (15),Aqaar can guide you on eligible projects and required documentation. Legal eligibility should be confirmed with the Aqaar team before reservation.,foreign ownership,false
FAQ-0122,viewing,Can I arrange a private viewing? (15),"Yes. Once your preferred project and contact details are confirmed, Aqaar can coordinate a private viewing or consultation.",viewing,false
FAQ-0123,investment,Which project is best for investment? (15),"The best option depends on budget, timeline, location preference, and yield expectations. The concierge can compare suitable projects.",investment,true
FAQ-0124,rental,Can Aqaar help with rental properties? (15),"Yes. Aqaar can help identify rental options based on location, budget, and move-in timeline.",rental,false
FAQ-0125,commercial,Does Aqaar offer commercial spaces? (15),"Yes. Aqaar can support retail, office, showroom, and mixed-use commercial inquiries.",commercial,false
FAQ-0126,payment,Are payment plans available? (15),Payment plans may vary by project and release. Aqaar should confirm current terms during consultation.,payment,true
FAQ-0127,handover,When will a project be handed over? (15),Handover timelines depend on project stage and inventory. Aqaar can confirm current dates for shortlisted options.,handover,false
FAQ-0128,service charges,Are there service charges? (15),Most managed communities include service charges. Aqaar can provide project-specific estimates when available.,service charges,false
FAQ-0129,foreign ownership,Can foreign buyers purchase Aqaar properties? (16),Aqaar can guide you on eligible projects and required documentation. Legal eligibility should be confirmed with the Aqaar team before reservation.,foreign ownership,true
FAQ-0130,viewing,Can I arrange a private viewing? (16),"Yes. Once your preferred project and contact details are confirmed, Aqaar can coordinate a private viewing or consultation.",viewing,false
FAQ-0131,investment,Which project is best for investment? (16),"The best option depends on budget, timeline, location preference, and yield expectations. The concierge can compare suitable projects.",investment,false
FAQ-0132,rental,Can Aqaar help with rental properties? (16),"Yes. Aqaar can help identify rental options based on location, budget, and move-in timeline.",rental,true
FAQ-0133,commercial,Does Aqaar offer commercial spaces? (16),"Yes. Aqaar can support retail, office, showroom, and mixed-use commercial inquiries.",commercial,false
FAQ-0134,payment,Are payment plans available? (16),Payment plans may vary by project and release. Aqaar should confirm current terms during consultation.,payment,false
FAQ-0135,handover,When will a project be handed over? (16),Handover timelines depend on project stage and inventory. Aqaar can confirm current dates for shortlisted options.,handover,true
FAQ-0136,service charges,Are there service charges? (16),Most managed communities include service charges. Aqaar can provide project-specific estimates when available.,service charges,false
FAQ-0137,foreign ownership,Can foreign buyers purchase Aqaar properties? (17),Aqaar can guide you on eligible projects and required documentation. Legal eligibility should be confirmed with the Aqaar team before reservation.,foreign ownership,false
FAQ-0138,viewing,Can I arrange a private viewing? (17),"Yes. Once your preferred project and contact details are confirmed, Aqaar can coordinate a private viewing or consultation.",viewing,true
FAQ-0139,investment,Which project is best for investment? (17),"The best option depends on budget, timeline, location preference, and yield expectations. The concierge can compare suitable projects.",investment,false
FAQ-0140,rental,Can Aqaar help with rental properties? (17),"Yes. Aqaar can help identify rental options based on location, budget, and move-in timeline.",rental,false
FAQ-0141,commercial,Does Aqaar offer commercial spaces? (17),"Yes. Aqaar can support retail, office, showroom, and mixed-use commercial inquiries.",commercial,true
FAQ-0142,payment,Are payment plans available? (17),Payment plans may vary by project and release. Aqaar should confirm current terms during consultation.,payment,false
FAQ-0143,handover,When will a project be handed over? (17),Handover timelines depend on project stage and inventory. Aqaar can confirm current dates for shortlisted options.,handover,false
FAQ-0144,service charges,Are there service charges? (17),Most managed communities include service charges. Aqaar can provide project-specific estimates when available.,service charges,true
FAQ-0145,foreign ownership,Can foreign buyers purchase Aqaar properties? (18),Aqaar can guide you on eligible projects and required documentation. Legal eligibility should be confirmed with the Aqaar team before reservation.,foreign ownership,false
FAQ-0146,viewing,Can I arrange a private viewing? (18),"Yes. Once your preferred project and contact details are confirmed, Aqaar can coordinate a private viewing or consultation.",viewing,false
FAQ-0147,investment,Which project is best for investment? (18),"The best option depends on budget, timeline, location preference, and yield expectations. The concierge can compare suitable projects.",investment,true
FAQ-0148,rental,Can Aqaar help with rental properties? (18),"Yes. Aqaar can help identify rental options based on location, budget, and move-in timeline.",rental,false
FAQ-0149,commercial,Does Aqaar offer commercial spaces? (18),"Yes. Aqaar can support retail, office, showroom, and mixed-use commercial inquiries.",commercial,false
FAQ-0150,payment,Are payment plans available? (18),Payment plans may vary by project and release. Aqaar should confirm current terms during consultation.,payment,true
FAQ-0151,handover,When will a project be handed over? (18),Handover timelines depend on project stage and inventory. Aqaar can confirm current dates for shortlisted options.,handover,false
FAQ-0152,service charges,Are there service charges? (18),Most managed communities include service charges. Aqaar can provide project-specific estimates when available.,service charges,false
FAQ-0153,foreign ownership,Can foreign buyers purchase Aqaar properties? (19),Aqaar can guide you on eligible projects and required documentation. Legal eligibility should be confirmed with the Aqaar team before reservation.,foreign ownership,true
FAQ-0154,viewing,Can I arrange a private viewing? (19),"Yes. Once your preferred project and contact details are confirmed, Aqaar can coordinate a private viewing or consultation.",viewing,false
FAQ-0155,investment,Which project is best for investment? (19),"The best option depends on budget, timeline, location preference, and yield expectations. The concierge can compare suitable projects.",investment,false
FAQ-0156,rental,Can Aqaar help with rental properties? (19),"Yes. Aqaar can help identify rental options based on location, budget, and move-in timeline.",rental,true
FAQ-0157,commercial,Does Aqaar offer commercial spaces? (19),"Yes. Aqaar can support retail, office, showroom, and mixed-use commercial inquiries.",commercial,false
FAQ-0158,payment,Are payment plans available? (19),Payment plans may vary by project and release. Aqaar should confirm current terms during consultation.,payment,false
FAQ-0159,handover,When will a project be handed over? (19),Handover timelines depend on project stage and inventory. Aqaar can confirm current dates for shortlisted options.,handover,true
FAQ-0160,service charges,Are there service charges? (19),Most managed communities include service charges. Aqaar can provide project-specific estimates when available.,service charges,false
FAQ-0161,foreign ownership,Can foreign buyers purchase Aqaar properties? (20),Aqaar can guide you on eligible projects and required documentation. Legal eligibility should be confirmed with the Aqaar team before reservation.,foreign ownership,false
FAQ-0162,viewing,Can I arrange a private viewing? (20),"Yes. Once your preferred project and contact details are confirmed, Aqaar can coordinate a private viewing or consultation.",viewing,true
FAQ-0163,investment,Which project is best for investment? (20),"The best option depends on budget, timeline, location preference, and yield expectations. The concierge can compare suitable projects.",investment,false
FAQ-0164,rental,Can Aqaar help with rental properties? (20),"Yes. Aqaar can help identify rental options based on location, budget, and move-in timeline.",rental,false
FAQ-0165,commercial,Does Aqaar offer commercial spaces? (20),"Yes. Aqaar can support retail, office, showroom, and mixed-use commercial inquiries.",commercial,true
FAQ-0166,payment,Are payment plans available? (20),Payment plans may vary by project and release. Aqaar should confirm current terms during consultation.,payment,false
FAQ-0167,handover,When will a project be handed over? (20),Handover timelines depend on project stage and inventory. Aqaar can confirm current dates for shortlisted options.,handover,false
FAQ-0168,service charges,Are there service charges? (20),Most managed communities include service charges. Aqaar can provide project-specific estimates when available.,service charges,true
FAQ-0169,foreign ownership,Can foreign buyers purchase Aqaar properties? (21),Aqaar can guide you on eligible projects and required documentation. Legal eligibility should be confirmed with the Aqaar team before reservation.,foreign ownership,false
FAQ-0170,viewing,Can I arrange a private viewing? (21),"Yes. Once your preferred project and contact details are confirmed, Aqaar can coordinate a private viewing or consultation.",viewing,false
FAQ-0171,investment,Which project is best for investment? (21),"The best option depends on budget, timeline, location preference, and yield expectations. The concierge can compare suitable projects.",investment,true
FAQ-0172,rental,Can Aqaar help with rental properties? (21),"Yes. Aqaar can help identify rental options based on location, budget, and move-in timeline.",rental,false
FAQ-0173,commercial,Does Aqaar offer commercial spaces? (21),"Yes. Aqaar can support retail, office, showroom, and mixed-use commercial inquiries.",commercial,false
FAQ-0174,payment,Are payment plans available? (21),Payment plans may vary by project and release. Aqaar should confirm current terms during consultation.,payment,true
FAQ-0175,handover,When will a project be handed over? (21),Handover timelines depend on project stage and inventory. Aqaar can confirm current dates for shortlisted options.,handover,false
FAQ-0176,service charges,Are there service charges? (21),Most managed communities include service charges. Aqaar can provide project-specific estimates when available.,service charges,false
FAQ-0177,foreign ownership,Can foreign buyers purchase Aqaar properties? (22),Aqaar can guide you on eligible projects and required documentation. Legal eligibility should be confirmed with the Aqaar team before reservation.,foreign ownership,true
FAQ-0178,viewing,Can I arrange a private viewing? (22),"Yes. Once your preferred project and contact details are confirmed, Aqaar can coordinate a private viewing or consultation.",viewing,false
FAQ-0179,investment,Which project is best for investment? (22),"The best option depends on budget, timeline, location preference, and yield expectations. The concierge can compare suitable projects.",investment,false
FAQ-0180,rental,Can Aqaar help with rental properties? (22),"Yes. Aqaar can help identify rental options based on location, budget, and move-in timeline.",rental,true
FAQ-0181,commercial,Does Aqaar offer commercial spaces? (22),"Yes. Aqaar can support retail, office, showroom, and mixed-use commercial inquiries.",commercial,false
FAQ-0182,payment,Are payment plans available? (22),Payment plans may vary by project and release. Aqaar should confirm current terms during consultation.,payment,false
FAQ-0183,handover,When will a project be handed over? (22),Handover timelines depend on project stage and inventory. Aqaar can confirm current dates for shortlisted options.,handover,true
FAQ-0184,service charges,Are there service charges? (22),Most managed communities include service charges. Aqaar can provide project-specific estimates when available.,service charges,false
FAQ-0185,foreign ownership,Can foreign buyers purchase Aqaar properties? (23),Aqaar can guide you on eligible projects and required documentation. Legal eligibility should be confirmed with the Aqaar team before reservation.,foreign ownership,false
FAQ-0186,viewing,Can I arrange a private viewing? (23),"Yes. Once your preferred project and contact details are confirmed, Aqaar can coordinate a private viewing or consultation.",viewing,true
FAQ-0187,investment,Which project is best for investment? (23),"The best option depends on budget, timeline, location preference, and yield expectations. The concierge can compare suitable projects.",investment,false
FAQ-0188,rental,Can Aqaar help with rental properties? (23),"Yes. Aqaar can help identify rental options based on location, budget, and move-in timeline.",rental,false
FAQ-0189,commercial,Does Aqaar offer commercial spaces? (23),"Yes. Aqaar can support retail, office, showroom, and mixed-use commercial inquiries.",commercial,true
FAQ-0190,payment,Are payment plans available? (23),Payment plans may vary by project and release. Aqaar should confirm current terms during consultation.,payment,false
FAQ-0191,handover,When will a project be handed over? (23),Handover timelines depend on project stage and inventory. Aqaar can confirm current dates for shortlisted options.,handover,false
FAQ-0192,service charges,Are there service charges? (23),Most managed communities include service charges. Aqaar can provide project-specific estimates when available.,service charges,true
FAQ-0193,foreign ownership,Can foreign buyers purchase Aqaar properties? (24),Aqaar can guide you on eligible projects and required documentation. Legal eligibility should be confirmed with the Aqaar team before reservation.,foreign ownership,false
FAQ-0194,viewing,Can I arrange a private viewing? (24),"Yes. Once your preferred project and contact details are confirmed, Aqaar can coordinate a private viewing or consultation.",viewing,false
FAQ-0195,investment,Which project is best for investment? (24),"The best option depends on budget, timeline, location preference, and yield expectations. The concierge can compare suitable projects.",investment,true
FAQ-0196,rental,Can Aqaar help with rental properties? (24),"Yes. Aqaar can help identify rental options based on location, budget, and move-in timeline.",rental,false
FAQ-0197,commercial,Does Aqaar offer commercial spaces? (24),"Yes. Aqaar can support retail, office, showroom, and mixed-use commercial inquiries.",commercial,false
FAQ-0198,payment,Are payment plans available? (24),Payment plans may vary by project and release. Aqaar should confirm current terms during consultation.,payment,true
FAQ-0199,handover,When will a project be handed over? (24),Handover timelines depend on project stage and inventory. Aqaar can confirm current dates for shortlisted options.,handover,false
FAQ-0200,service charges,Are there service charges? (24),Most managed communities include service charges. Aqaar can provide project-specific estimates when available.,service charges,false
FAQ-0201,foreign ownership,Can foreign buyers purchase Aqaar properties? (25),Aqaar can guide you on eligible projects and required documentation. Legal eligibility should be confirmed with the Aqaar team before reservation.,foreign ownership,true
FAQ-0202,viewing,Can I arrange a private viewing? (25),"Yes. Once your preferred project and contact details are confirmed, Aqaar can coordinate a private viewing or consultation.",viewing,false
FAQ-0203,investment,Which project is best for investment? (25),"The best option depends on budget, timeline, location preference, and yield expectations. The concierge can compare suitable projects.",investment,false
FAQ-0204,rental,Can Aqaar help with rental properties? (25),"Yes. Aqaar can help identify rental options based on location, budget, and move-in timeline.",rental,true
FAQ-0205,commercial,Does Aqaar offer commercial spaces? (25),"Yes. Aqaar can support retail, office, showroom, and mixed-use commercial inquiries.",commercial,false
FAQ-0206,payment,Are payment plans available? (25),Payment plans may vary by project and release. Aqaar should confirm current terms during consultation.,payment,false
FAQ-0207,handover,When will a project be handed over? (25),Handover timelines depend on project stage and inventory. Aqaar can confirm current dates for shortlisted options.,handover,true
FAQ-0208,service charges,Are there service charges? (25),Most managed communities include service charges. Aqaar can provide project-specific estimates when available.,service charges,false
FAQ-0209,foreign ownership,Can foreign buyers purchase Aqaar properties? (26),Aqaar can guide you on eligible projects and required documentation. Legal eligibility should be confirmed with the Aqaar team before reservation.,foreign ownership,false
FAQ-0210,viewing,Can I arrange a private viewing? (26),"Yes. Once your preferred project and contact details are confirmed, Aqaar can coordinate a private viewing or consultation.",viewing,true
FAQ-0211,investment,Which project is best for investment? (26),"The best option depends on budget, timeline, location preference, and yield expectations. The concierge can compare suitable projects.",investment,false
FAQ-0212,rental,Can Aqaar help with rental properties? (26),"Yes. Aqaar can help identify rental options based on location, budget, and move-in timeline.",rental,false
FAQ-0213,commercial,Does Aqaar offer commercial spaces? (26),"Yes. Aqaar can support retail, office, showroom, and mixed-use commercial inquiries.",commercial,true
FAQ-0214,payment,Are payment plans available? (26),Payment plans may vary by project and release. Aqaar should confirm current terms during consultation.,payment,false
FAQ-0215,handover,When will a project be handed over? (26),Handover timelines depend on project stage and inventory. Aqaar can confirm current dates for shortlisted options.,handover,false
FAQ-0216,service charges,Are there service charges? (26),Most managed communities include service charges. Aqaar can provide project-specific estimates when available.,service charges,true
FAQ-0217,foreign ownership,Can foreign buyers purchase Aqaar properties? (27),Aqaar can guide you on eligible projects and required documentation. Legal eligibility should be confirmed with the Aqaar team before reservation.,foreign ownership,false
FAQ-0218,viewing,Can I arrange a private viewing? (27),"Yes. Once your preferred project and contact details are confirmed, Aqaar can coordinate a private viewing or consultation.",viewing,false
FAQ-0219,investment,Which project is best for investment? (27),"The best option depends on budget, timeline, location preference, and yield expectations. The concierge can compare suitable projects.",investment,true
FAQ-0220,rental,Can Aqaar help with rental properties? (27),"Yes. Aqaar can help identify rental options based on location, budget, and move-in timeline.",rental,false
FAQ-0221,commercial,Does Aqaar offer commercial spaces? (27),"Yes. Aqaar can support retail, office, showroom, and mixed-use commercial inquiries.",commercial,false
FAQ-0222,payment,Are payment plans available? (27),Payment plans may vary by project and release. Aqaar should confirm current terms during consultation.,payment,true
FAQ-0223,handover,When will a project be handed over? (27),Handover timelines depend on project stage and inventory. Aqaar can confirm current dates for shortlisted options.,handover,false
FAQ-0224,service charges,Are there service charges? (27),Most managed communities include service charges. Aqaar can provide project-specific estimates when available.,service charges,false
FAQ-0225,foreign ownership,Can foreign buyers purchase Aqaar properties? (28),Aqaar can guide you on eligible projects and required documentation. Legal eligibility should be confirmed with the Aqaar team before reservation.,foreign ownership,true
FAQ-0226,viewing,Can I arrange a private viewing? (28),"Yes. Once your preferred project and contact details are confirmed, Aqaar can coordinate a private viewing or consultation.",viewing,false
FAQ-0227,investment,Which project is best for investment? (28),"The best option depends on budget, timeline, location preference, and yield expectations. The concierge can compare suitable projects.",investment,false
FAQ-0228,rental,Can Aqaar help with rental properties? (28),"Yes. Aqaar can help identify rental options based on location, budget, and move-in timeline.",rental,true
FAQ-0229,commercial,Does Aqaar offer commercial spaces? (28),"Yes. Aqaar can support retail, office, showroom, and mixed-use commercial inquiries.",commercial,false
FAQ-0230,payment,Are payment plans available? (28),Payment plans may vary by project and release. Aqaar should confirm current terms during consultation.,payment,false
FAQ-0231,handover,When will a project be handed over? (28),Handover timelines depend on project stage and inventory. Aqaar can confirm current dates for shortlisted options.,handover,true
FAQ-0232,service charges,Are there service charges? (28),Most managed communities include service charges. Aqaar can provide project-specific estimates when available.,service charges,false
FAQ-0233,foreign ownership,Can foreign buyers purchase Aqaar properties? (29),Aqaar can guide you on eligible projects and required documentation. Legal eligibility should be confirmed with the Aqaar team before reservation.,foreign ownership,false
FAQ-0234,viewing,Can I arrange a private viewing? (29),"Yes. Once your preferred project and contact details are confirmed, Aqaar can coordinate a private viewing or consultation.",viewing,true
FAQ-0235,investment,Which project is best for investment? (29),"The best option depends on budget, timeline, location preference, and yield expectations. The concierge can compare suitable projects.",investment,false
FAQ-0236,rental,Can Aqaar help with rental properties? (29),"Yes. Aqaar can help identify rental options based on location, budget, and move-in timeline.",rental,false
FAQ-0237,commercial,Does Aqaar offer commercial spaces? (29),"Yes. Aqaar can support retail, office, showroom, and mixed-use commercial inquiries.",commercial,true
FAQ-0238,payment,Are payment plans available? (29),Payment plans may vary by project and release. Aqaar should confirm current terms during consultation.,payment,false
FAQ-0239,handover,When will a project be handed over? (29),Handover timelines depend on project stage and inventory. Aqaar can confirm current dates for shortlisted options.,handover,false
FAQ-0240,service charges,Are there service charges? (29),Most managed communities include service charges. Aqaar can provide project-specific estimates when available.,service charges,true
