property_id,property_name,developer,city,district,community,country,property_type,sub_type,ownership_type,status,completion_status,launch_year,handover_year,source_url,last_verified,confidence_score
60b8dd4b_0ad1_e811_a2b8_00155d119707,Ajman American International School,Aqaar,Ajman,unknown,unknown,United Arab Emirates,education,education,unknown,active,unknown,unknown,unknown,https://prodadmin-aqaar.realcube.estate/api/globalSearch?search=Ajman%20American%20International%20School&pageNumber=1&pageSize=100,2026-06-24,0.62
ccb8dd4b_0ad1_e811_a2b8_00155d119707,Ajman Corniche Residences,Aqaar,Ajman,unknown,unknown,United Arab Emirates,residential,residential,unknown,sold_out,100% Sold out,unknown,unknown,https://prodadmin-aqaar.realcube.estate/api/globalSearch?search=Ajman%20Corniche%20Residences&pageNumber=1&pageSize=100,2026-06-24,0.86
2eb8dd4b_0ad1_e811_a2b8_00155d119707,Ajman One,Aqaar,Ajman,unknown,unknown,United Arab Emirates,residential,residential,unknown,sold_out,100% Sold out,unknown,unknown,https://prodadmin-aqaar.realcube.estate/api/globalSearch?search=Ajman%20One&pageNumber=1&pageSize=100,2026-06-24,0.86
22796319_20da_ee11_a2bf_00155d119841,Ajman One - PH II,Aqaar,Ajman,unknown,unknown,United Arab Emirates,residential,FreeHold,unknown,active,"Townhouse,1,2,3 bedroom for sale",unknown,unknown,https://prodadmin-aqaar.realcube.estate/api/globalSearch?search=Ajman%20One%20-%20PH%20II&pageNumber=1&pageSize=100,2026-06-24,0.62
7f307ab5_a6a9_ea11_a2c3_00155d119619,Ajman Pearl,Aqaar,Ajman,unknown,unknown,United Arab Emirates,residential,residential,unknown,sold_out,100% Sold out,unknown,unknown,https://prodadmin-aqaar.realcube.estate/api/globalSearch?search=Ajman%20Pearl&pageNumber=1&pageSize=100,2026-06-24,0.86
66b8dd4b_0ad1_e811_a2b8_00155d119707,Ajman Society Cooperative (Rumailah),Aqaar,Ajman,unknown,unknown,United Arab Emirates,mixed_use,mixed_use,unknown,active,unknown,unknown,unknown,https://prodadmin-aqaar.realcube.estate/api/globalSearch?search=Ajman%20Society%20Cooperative%20(Rumailah)&pageNumber=1&pageSize=100,2026-06-24,0.62
2a565476_ed0f_ee11_a2be_00155d119f33,Ajman Uptown,Aqaar,Ajman,unknown,unknown,United Arab Emirates,residential,residential,unknown,active,unknown,unknown,unknown,https://prodadmin-aqaar.realcube.estate/api/globalSearch?search=Ajman%20Uptown&pageNumber=1&pageSize=100,2026-06-24,0.86
f6b7dd4b_0ad1_e811_a2b8_00155d119707,Al Andalus 4,Aqaar,Ajman,unknown,unknown,United Arab Emirates,residential,residential,unknown,active,"1,2,3 Bedrooms for rent",unknown,unknown,https://prodadmin-aqaar.realcube.estate/api/globalSearch?search=Al%20Andalus%204&pageNumber=1&pageSize=100,2026-06-24,0.86
96b8dd4b_0ad1_e811_a2b8_00155d119707,Al Arabi Building,Aqaar,Ajman,unknown,unknown,United Arab Emirates,residential,residential,unknown,active,"1,2,3 Bedrooms for rent",unknown,unknown,https://prodadmin-aqaar.realcube.estate/api/globalSearch?search=Al%20Arabi%20Building&pageNumber=1&pageSize=100,2026-06-24,0.86
3ab8dd4b_0ad1_e811_a2b8_00155d119707,Al Berouj 1,Aqaar,Ajman,unknown,unknown,United Arab Emirates,residential,residential,unknown,active,"1,2,3 Bedrooms for rent",unknown,unknown,https://prodadmin-aqaar.realcube.estate/api/globalSearch?search=Al%20Berouj%201&pageNumber=1&pageSize=100,2026-06-24,0.86
3cb8dd4b_0ad1_e811_a2b8_00155d119707,Al Berouj 2,Aqaar,Ajman,unknown,unknown,United Arab Emirates,residential,residential,unknown,active,"Studio, 1, 2, 3 Bedrooms for rent",unknown,unknown,https://prodadmin-aqaar.realcube.estate/api/globalSearch?search=Al%20Berouj%202&pageNumber=1&pageSize=100,2026-06-24,0.86
3eb8dd4b_0ad1_e811_a2b8_00155d119707,Al Berouj 3,Aqaar,Ajman,unknown,unknown,United Arab Emirates,residential,residential,unknown,active,"Studio, 1, 2, 3 Bedrooms for rent",unknown,unknown,https://prodadmin-aqaar.realcube.estate/api/globalSearch?search=Al%20Berouj%203&pageNumber=1&pageSize=100,2026-06-24,0.86
40b8dd4b_0ad1_e811_a2b8_00155d119707,Al Berouj 4,Aqaar,Ajman,unknown,unknown,United Arab Emirates,residential,residential,unknown,active,"Studio, 1, 2, 3 Bedrooms for rent",unknown,unknown,https://prodadmin-aqaar.realcube.estate/api/globalSearch?search=Al%20Berouj%204&pageNumber=1&pageSize=100,2026-06-24,0.86
ecb7dd4b_0ad1_e811_a2b8_00155d119707,Al Bustan,Aqaar,Ajman,unknown,unknown,United Arab Emirates,residential,residential,unknown,active,"1,2,3 Bedrooms for rent",unknown,unknown,https://prodadmin-aqaar.realcube.estate/api/globalSearch?search=Al%20Bustan&pageNumber=1&pageSize=100,2026-06-24,0.86
08b8dd4b_0ad1_e811_a2b8_00155d119707,Al Bustan Shops,Aqaar,Ajman,unknown,unknown,United Arab Emirates,commercial,commercial,unknown,active,unknown,unknown,unknown,https://prodadmin-aqaar.realcube.estate/api/globalSearch?search=Al%20Bustan%20Shops&pageNumber=1&pageSize=100,2026-06-24,0.86
e6b7dd4b_0ad1_e811_a2b8_00155d119707,Al Dana,Aqaar,Ajman,unknown,unknown,United Arab Emirates,residential,residential,unknown,active,"Studio, 1, 2, 3 Bedrooms for rent",unknown,unknown,https://prodadmin-aqaar.realcube.estate/api/globalSearch?search=Al%20Dana&pageNumber=1&pageSize=100,2026-06-24,0.86
feb7dd4b_0ad1_e811_a2b8_00155d119707,Al Durra,Aqaar,Ajman,unknown,unknown,United Arab Emirates,residential,residential,unknown,active,"1,2,3 Bedrooms for rent",unknown,unknown,https://prodadmin-aqaar.realcube.estate/api/globalSearch?search=Al%20Durra&pageNumber=1&pageSize=100,2026-06-24,0.86
b0b8dd4b_0ad1_e811_a2b8_00155d119707,Al Fazzan,Aqaar,Ajman,unknown,unknown,United Arab Emirates,residential,residential,unknown,active,"1,2,3 Bedrooms for rent",unknown,unknown,https://prodadmin-aqaar.realcube.estate/api/globalSearch?search=Al%20Fazzan&pageNumber=1&pageSize=100,2026-06-24,0.86
f4502104_adbf_ec11_a2bf_00155d119927,Al Gharoub,Aqaar,Ajman,unknown,unknown,United Arab Emirates,residential,Leasing,unknown,active,"1,2,3 Bedrooms for rent",unknown,unknown,https://prodadmin-aqaar.realcube.estate/api/globalSearch?search=Al%20Gharoub&pageNumber=1&pageSize=100,2026-06-24,0.86
5b5d5569_83e3_ef11_a2ce_00155d119747,Al Helio Villas,Aqaar,Ajman,unknown,unknown,United Arab Emirates,villa,villa,unknown,active,unknown,unknown,unknown,https://prodadmin-aqaar.realcube.estate/api/globalSearch?search=Al%20Helio%20Villas&pageNumber=1&pageSize=100,2026-06-24,0.62
2cb8dd4b_0ad1_e811_a2b8_00155d119707,Al Humaidia Show Rooms,Aqaar,Ajman,unknown,unknown,United Arab Emirates,commercial,commercial,unknown,active,unknown,unknown,unknown,https://prodadmin-aqaar.realcube.estate/api/globalSearch?search=Al%20Humaidia%20Show%20Rooms&pageNumber=1&pageSize=100,2026-06-24,0.62
76b8dd4b_0ad1_e811_a2b8_00155d119707,Al Humaidia Villa 1,Aqaar,Ajman,unknown,unknown,United Arab Emirates,villa,villa,unknown,active,unknown,unknown,unknown,https://prodadmin-aqaar.realcube.estate/api/globalSearch?search=Al%20Humaidia%20Villa%201&pageNumber=1&pageSize=100,2026-06-24,0.86
78b8dd4b_0ad1_e811_a2b8_00155d119707,Al Humaidia Villa 2,Aqaar,Ajman,unknown,unknown,United Arab Emirates,villa,villa,unknown,active,unknown,unknown,unknown,https://prodadmin-aqaar.realcube.estate/api/globalSearch?search=Al%20Humaidia%20Villa%202&pageNumber=1&pageSize=100,2026-06-24,0.86
e8b7dd4b_0ad1_e811_a2b8_00155d119707,Al Itihad,Aqaar,Ajman,unknown,unknown,United Arab Emirates,residential,Leasing,unknown,active,"1,2,3 Bedrooms for rent",unknown,unknown,https://prodadmin-aqaar.realcube.estate/api/globalSearch?search=Al%20Itihad&pageNumber=1&pageSize=100,2026-06-24,0.86
a6b8dd4b_0ad1_e811_a2b8_00155d119707,Al Johara,Aqaar,Ajman,unknown,unknown,United Arab Emirates,residential,residential,unknown,active,"1,2,3 Bedrooms for rent",unknown,unknown,https://prodadmin-aqaar.realcube.estate/api/globalSearch?search=Al%20Johara&pageNumber=1&pageSize=100,2026-06-24,0.86
24b8dd4b_0ad1_e811_a2b8_00155d119707,Al Jurf 1,Aqaar,Ajman,unknown,unknown,United Arab Emirates,residential,residential,unknown,active,"1,2,3 Bedrooms for rent",unknown,unknown,https://prodadmin-aqaar.realcube.estate/api/globalSearch?search=Al%20Jurf%201&pageNumber=1&pageSize=100,2026-06-24,0.86
26b8dd4b_0ad1_e811_a2b8_00155d119707,Al Jurf 2,Aqaar,Ajman,unknown,unknown,United Arab Emirates,residential,residential,unknown,active,"Studio, 1, 2, 3 Bedrooms for rent",unknown,unknown,https://prodadmin-aqaar.realcube.estate/api/globalSearch?search=Al%20Jurf%202&pageNumber=1&pageSize=100,2026-06-24,0.86
22b8dd4b_0ad1_e811_a2b8_00155d119707,Al Jurf 3,Aqaar,Ajman,unknown,unknown,United Arab Emirates,residential,residential,unknown,active,"1,2,3 Bedrooms for rent",unknown,unknown,https://prodadmin-aqaar.realcube.estate/api/globalSearch?search=Al%20Jurf%203&pageNumber=1&pageSize=100,2026-06-24,0.86
82b8dd4b_0ad1_e811_a2b8_00155d119707,Al Jurf Buildings 20 / A7 (Labor City),Aqaar,Ajman,unknown,unknown,United Arab Emirates,mixed_use,mixed_use,unknown,active,unknown,unknown,unknown,https://prodadmin-aqaar.realcube.estate/api/globalSearch?search=Al%20Jurf%20Buildings%2020%20%2F%20A7%20(Labor%20City)&pageNumber=1&pageSize=100,2026-06-24,0.62
80b8dd4b_0ad1_e811_a2b8_00155d119707,Al Jurf Buildings 20 / B7 (Labor City),Aqaar,Ajman,unknown,unknown,United Arab Emirates,mixed_use,mixed_use,unknown,active,unknown,unknown,unknown,https://prodadmin-aqaar.realcube.estate/api/globalSearch?search=Al%20Jurf%20Buildings%2020%20%2F%20B7%20(Labor%20City)&pageNumber=1&pageSize=100,2026-06-24,0.62
2ab8dd4b_0ad1_e811_a2b8_00155d119707,Al Jurf Complex,Aqaar,Ajman,unknown,unknown,United Arab Emirates,residential,residential,unknown,active,"Studio, 1, 2, 3 Bedrooms for rent",unknown,unknown,https://prodadmin-aqaar.realcube.estate/api/globalSearch?search=Al%20Jurf%20Complex&pageNumber=1&pageSize=100,2026-06-24,0.86
20b8dd4b_0ad1_e811_a2b8_00155d119707,Al Jurf Residential Villas,Aqaar,Ajman,unknown,unknown,United Arab Emirates,villa,villa,unknown,active,unknown,unknown,unknown,https://prodadmin-aqaar.realcube.estate/api/globalSearch?search=Al%20Jurf%20Residential%20Villas&pageNumber=1&pageSize=100,2026-06-24,0.86
a2b8dd4b_0ad1_e811_a2b8_00155d119707,Al Jurf Show Room 1,Aqaar,Ajman,unknown,unknown,United Arab Emirates,commercial,commercial,unknown,active,unknown,unknown,unknown,https://prodadmin-aqaar.realcube.estate/api/globalSearch?search=Al%20Jurf%20Show%20Room%201&pageNumber=1&pageSize=100,2026-06-24,0.86
a4b8dd4b_0ad1_e811_a2b8_00155d119707,Al Jurf Show Room 2,Aqaar,Ajman,unknown,unknown,United Arab Emirates,commercial,commercial,unknown,active,unknown,unknown,unknown,https://prodadmin-aqaar.realcube.estate/api/globalSearch?search=Al%20Jurf%20Show%20Room%202&pageNumber=1&pageSize=100,2026-06-24,0.86
1cb8dd4b_0ad1_e811_a2b8_00155d119707,Al Jurf Villas,Aqaar,Ajman,unknown,unknown,United Arab Emirates,villa,villa,unknown,active,unknown,unknown,unknown,https://prodadmin-aqaar.realcube.estate/api/globalSearch?search=Al%20Jurf%20Villas&pageNumber=1&pageSize=100,2026-06-24,0.86
1eb8dd4b_0ad1_e811_a2b8_00155d119707,Al Jurf Villas 2,Aqaar,Ajman,unknown,unknown,United Arab Emirates,villa,villa,unknown,active,unknown,unknown,unknown,https://prodadmin-aqaar.realcube.estate/api/globalSearch?search=Al%20Jurf%20Villas%202&pageNumber=1&pageSize=100,2026-06-24,0.86
8aed16b5_4982_ec11_a2bf_00155d119927,Al Karama,Aqaar,Ajman,unknown,unknown,United Arab Emirates,residential,residential,unknown,active,"Studio, 1, 2, 3 Bedrooms for rent",unknown,unknown,https://prodadmin-aqaar.realcube.estate/api/globalSearch?search=Al%20Karama&pageNumber=1&pageSize=100,2026-06-24,0.86
44b8dd4b_0ad1_e811_a2b8_00155d119707,Al Khor Villas & Shops,Aqaar,Ajman,unknown,unknown,United Arab Emirates,commercial,commercial,unknown,active,Villa for rent,unknown,unknown,https://prodadmin-aqaar.realcube.estate/api/globalSearch?search=Al%20Khor%20Villas%20%26%20Shops&pageNumber=1&pageSize=100,2026-06-24,0.86
9cb8dd4b_0ad1_e811_a2b8_00155d119707,Al Madina Tower,Aqaar,Ajman,unknown,unknown,United Arab Emirates,residential,residential,unknown,active,"1,2,3 Bedrooms for rent",unknown,unknown,https://prodadmin-aqaar.realcube.estate/api/globalSearch?search=Al%20Madina%20Tower&pageNumber=1&pageSize=100,2026-06-24,0.86
7cb8dd4b_0ad1_e811_a2b8_00155d119707,Al Manama Buildings,Aqaar,Ajman,unknown,unknown,United Arab Emirates,residential,residential,unknown,active,"Studio, 1, 2, 3 Bedrooms for rent",unknown,unknown,https://prodadmin-aqaar.realcube.estate/api/globalSearch?search=Al%20Manama%20Buildings&pageNumber=1&pageSize=100,2026-06-24,0.86
74b8dd4b_0ad1_e811_a2b8_00155d119707,Al Manama Farm,Aqaar,Ajman,unknown,unknown,United Arab Emirates,mixed_use,mixed_use,unknown,active,unknown,unknown,unknown,https://prodadmin-aqaar.realcube.estate/api/globalSearch?search=Al%20Manama%20Farm&pageNumber=1&pageSize=100,2026-06-24,0.62
52cf79ec_eb47_ea11_a2bc_00155d119619,Al Manama Land,Aqaar,Ajman,unknown,unknown,United Arab Emirates,mixed_use,mixed_use,unknown,active,unknown,unknown,unknown,https://prodadmin-aqaar.realcube.estate/api/globalSearch?search=Al%20Manama%20Land&pageNumber=1&pageSize=100,2026-06-24,0.62
6eb8dd4b_0ad1_e811_a2b8_00155d119707,Al Manama New Shops,Aqaar,Ajman,unknown,unknown,United Arab Emirates,commercial,commercial,unknown,active,unknown,unknown,unknown,https://prodadmin-aqaar.realcube.estate/api/globalSearch?search=Al%20Manama%20New%20Shops&pageNumber=1&pageSize=100,2026-06-24,0.86
48b8dd4b_0ad1_e811_a2b8_00155d119707,Al Manama Old Clinic,Aqaar,Ajman,unknown,unknown,United Arab Emirates,healthcare,healthcare,unknown,active,"1,2,3 Bedrooms for rent",unknown,unknown,https://prodadmin-aqaar.realcube.estate/api/globalSearch?search=Al%20Manama%20Old%20Clinic&pageNumber=1&pageSize=100,2026-06-24,0.86
0ab8dd4b_0ad1_e811_a2b8_00155d119707,Al Manara,Aqaar,Ajman,unknown,unknown,United Arab Emirates,residential,residential,unknown,active,"Studio, 1, 2, 3 Bedrooms for rent",unknown,unknown,https://prodadmin-aqaar.realcube.estate/api/globalSearch?search=Al%20Manara&pageNumber=1&pageSize=100,2026-06-24,0.86
94b8dd4b_0ad1_e811_a2b8_00155d119707,Al Maya Super market,Aqaar,Ajman,unknown,unknown,United Arab Emirates,residential,residential,unknown,active,unknown,unknown,unknown,https://prodadmin-aqaar.realcube.estate/api/globalSearch?search=Al%20Maya%20Super%20market&pageNumber=1&pageSize=100,2026-06-24,0.86
12b8dd4b_0ad1_e811_a2b8_00155d119707,Al Monaliza,Aqaar,Ajman,unknown,unknown,United Arab Emirates,residential,residential,unknown,active,"1,2,3 Bedrooms for rent",unknown,unknown,https://prodadmin-aqaar.realcube.estate/api/globalSearch?search=Al%20Monaliza&pageNumber=1&pageSize=100,2026-06-24,0.86
b2b8dd4b_0ad1_e811_a2b8_00155d119707,Al Musalla Building (Kempinski),Aqaar,Ajman,unknown,unknown,United Arab Emirates,residential,residential,unknown,active,"1,2,3 Bedrooms for rent",unknown,unknown,https://prodadmin-aqaar.realcube.estate/api/globalSearch?search=Al%20Musalla%20%20Building%20(Kempinski)&pageNumber=1&pageSize=100,2026-06-24,0.86
00b8dd4b_0ad1_e811_a2b8_00155d119707,Al Muthaf,Aqaar,Ajman,unknown,unknown,United Arab Emirates,residential,residential,unknown,active,"Studio, 1, 2, 3 Bedrooms for rent",unknown,unknown,https://prodadmin-aqaar.realcube.estate/api/globalSearch?search=Al%20Muthaf&pageNumber=1&pageSize=100,2026-06-24,0.86
fcb7dd4b_0ad1_e811_a2b8_00155d119707,Al Nakheel 1,Aqaar,Ajman,unknown,unknown,United Arab Emirates,residential,residential,unknown,active,"1,2,3 Bedrooms for rent",unknown,unknown,https://prodadmin-aqaar.realcube.estate/api/globalSearch?search=Al%20Nakheel%201&pageNumber=1&pageSize=100,2026-06-24,0.86
29eb4220_c77d_ec11_a2ca_00155d119619,Al Nakheel 2,Aqaar,Ajman,unknown,unknown,United Arab Emirates,residential,residential,unknown,active,"Studio, 1, 2, 3 Bedrooms for rent",unknown,unknown,https://prodadmin-aqaar.realcube.estate/api/globalSearch?search=Al%20Nakheel%202&pageNumber=1&pageSize=100,2026-06-24,0.86
06b8dd4b_0ad1_e811_a2b8_00155d119707,Al Nasr,Aqaar,Ajman,unknown,unknown,United Arab Emirates,residential,residential,unknown,active,"1,2,3 Bedrooms for rent",unknown,unknown,https://prodadmin-aqaar.realcube.estate/api/globalSearch?search=Al%20Nasr&pageNumber=1&pageSize=100,2026-06-24,0.86
28b8dd4b_0ad1_e811_a2b8_00155d119707,Al Nuaimia Complex,Aqaar,Ajman,unknown,unknown,United Arab Emirates,residential,residential,unknown,active,"1,2,3 Bedrooms for rent",unknown,unknown,https://prodadmin-aqaar.realcube.estate/api/globalSearch?search=Al%20Nuaimia%20Complex&pageNumber=1&pageSize=100,2026-06-24,0.86
9eb8dd4b_0ad1_e811_a2b8_00155d119707,Al Ofoq Tower,Aqaar,Ajman,unknown,unknown,United Arab Emirates,residential,residential,unknown,active,"1,2,3 Bedrooms for rent",unknown,unknown,https://prodadmin-aqaar.realcube.estate/api/globalSearch?search=Al%20Ofoq%20Tower&pageNumber=1&pageSize=100,2026-06-24,0.86
98b8dd4b_0ad1_e811_a2b8_00155d119707,Al Quds Villa,Aqaar,Ajman,unknown,unknown,United Arab Emirates,villa,villa,unknown,active,unknown,unknown,unknown,https://prodadmin-aqaar.realcube.estate/api/globalSearch?search=Al%20Quds%20Villa&pageNumber=1&pageSize=100,2026-06-24,0.86
cc16b230_d81e_ee11_a2be_00155d119f33,Al Ras,Aqaar,Ajman,unknown,unknown,United Arab Emirates,residential,residential,unknown,active,unknown,unknown,unknown,https://prodadmin-aqaar.realcube.estate/api/globalSearch?search=Al%20Ras&pageNumber=1&pageSize=100,2026-06-24,0.86
88c9f0b0_29ea_f011_8406_70a8a5211049,Al Refaa,Aqaar,Ajman,unknown,unknown,United Arab Emirates,mixed_use,mixed_use,unknown,active,unknown,unknown,unknown,https://prodadmin-aqaar.realcube.estate/api/globalSearch?search=Al%20Refaa&pageNumber=1&pageSize=100,2026-06-24,0.62
f0d34484_309f_ee11_a2bf_00155d119841,Al Rumaila 1,Aqaar,Ajman,unknown,unknown,United Arab Emirates,residential,residential,unknown,active,"1,2,3 Bedrooms for rent",unknown,unknown,https://prodadmin-aqaar.realcube.estate/api/globalSearch?search=Al%20Rumaila%201&pageNumber=1&pageSize=100,2026-06-24,0.86
18b8dd4b_0ad1_e811_a2b8_00155d119707,Al Rumailah,Aqaar,Ajman,unknown,unknown,United Arab Emirates,residential,residential,unknown,active,"1,2,3 Bedrooms for rent",unknown,unknown,https://prodadmin-aqaar.realcube.estate/api/globalSearch?search=Al%20Rumailah&pageNumber=1&pageSize=100,2026-06-24,0.86
86b8dd4b_0ad1_e811_a2b8_00155d119707,Al Rumailah New Villas,Aqaar,Ajman,unknown,unknown,United Arab Emirates,villa,villa,unknown,active,Villa for rent,unknown,unknown,https://prodadmin-aqaar.realcube.estate/api/globalSearch?search=Al%20Rumailah%20New%20Villas&pageNumber=1&pageSize=100,2026-06-24,0.86
11f6f9c7_d27d_ec11_a2ca_00155d119619,Al Sediq,Aqaar,Ajman,unknown,unknown,United Arab Emirates,residential,residential,unknown,active,"1,2,3 Bedrooms for rent",unknown,unknown,https://prodadmin-aqaar.realcube.estate/api/globalSearch?search=Al%20Sediq&pageNumber=1&pageSize=100,2026-06-24,0.86
32b8dd4b_0ad1_e811_a2b8_00155d119707,Al Shahba,Aqaar,Ajman,unknown,unknown,United Arab Emirates,residential,Leasing,unknown,active,"1,2,3 Bedrooms for rent",unknown,unknown,https://prodadmin-aqaar.realcube.estate/api/globalSearch?search=Al%20Shahba&pageNumber=1&pageSize=100,2026-06-24,0.86
90b8dd4b_0ad1_e811_a2b8_00155d119707,Al Sheikh Humaid Building (Abu-Dhabi),Aqaar,Ajman,unknown,unknown,United Arab Emirates,residential,residential,unknown,active,"1,2,3 Bedrooms for rent",unknown,unknown,https://prodadmin-aqaar.realcube.estate/api/globalSearch?search=Al%20Sheikh%20Humaid%20Building%20(Abu-Dhabi)&pageNumber=1&pageSize=100,2026-06-24,0.86
b4b8dd4b_0ad1_e811_a2b8_00155d119707,Al Sheikha Fatima Building (Abu-Dhabi),Aqaar,Ajman,unknown,unknown,United Arab Emirates,residential,residential,unknown,active,"1,2,3 Bedrooms for rent",unknown,unknown,https://prodadmin-aqaar.realcube.estate/api/globalSearch?search=Al%20Sheikha%20Fatima%20Building%20(Abu-Dhabi)&pageNumber=1&pageSize=100,2026-06-24,0.86
44f00817_9e49_eb11_a2c6_00155d119619,Al Shorouq,Aqaar,Ajman,unknown,unknown,United Arab Emirates,residential,residential,unknown,active,"Studio, 1, 2, 3 Bedrooms for rent",unknown,unknown,https://prodadmin-aqaar.realcube.estate/api/globalSearch?search=Al%20Shorouq&pageNumber=1&pageSize=100,2026-06-24,0.86
0eb8dd4b_0ad1_e811_a2b8_00155d119707,Al Suwan,Aqaar,Ajman,unknown,unknown,United Arab Emirates,residential,residential,unknown,active,"1,2,3 Bedrooms for rent",unknown,unknown,https://prodadmin-aqaar.realcube.estate/api/globalSearch?search=Al%20Suwan&pageNumber=1&pageSize=100,2026-06-24,0.86
10b8dd4b_0ad1_e811_a2b8_00155d119707,Al Tameer,Aqaar,Ajman,unknown,unknown,United Arab Emirates,residential,residential,unknown,active,"1,2,3 Bedrooms for rent",unknown,unknown,https://prodadmin-aqaar.realcube.estate/api/globalSearch?search=Al%20Tameer&pageNumber=1&pageSize=100,2026-06-24,0.86
a8b8dd4b_0ad1_e811_a2b8_00155d119707,Al Thuraya 1,Aqaar,Ajman,unknown,unknown,United Arab Emirates,residential,residential,unknown,active,"1,2,3 Bedrooms for rent",unknown,unknown,https://prodadmin-aqaar.realcube.estate/api/globalSearch?search=Al%20Thuraya%201&pageNumber=1&pageSize=100,2026-06-24,0.86
aab8dd4b_0ad1_e811_a2b8_00155d119707,Al Thuraya 2,Aqaar,Ajman,unknown,unknown,United Arab Emirates,residential,residential,unknown,active,"1,2,3 Bedrooms for rent",unknown,unknown,https://prodadmin-aqaar.realcube.estate/api/globalSearch?search=Al%20Thuraya%202&pageNumber=1&pageSize=100,2026-06-24,0.86
acb8dd4b_0ad1_e811_a2b8_00155d119707,Al Thuraya 3,Aqaar,Ajman,unknown,unknown,United Arab Emirates,residential,residential,unknown,active,"1,2,3 Bedrooms for rent",unknown,unknown,https://prodadmin-aqaar.realcube.estate/api/globalSearch?search=Al%20Thuraya%203&pageNumber=1&pageSize=100,2026-06-24,0.86
42b8dd4b_0ad1_e811_a2b8_00155d119707,Al Yasmeen Complex,Aqaar,Ajman,unknown,unknown,United Arab Emirates,residential,Leasing,unknown,active,"Studio, 1, 2, 3 Bedrooms for rent",unknown,unknown,https://prodadmin-aqaar.realcube.estate/api/globalSearch?search=Al%20Yasmeen%20%20Complex&pageNumber=1&pageSize=100,2026-06-24,0.86
beabdf96_e122_e911_a2b8_00155d119707,Al Zahir,Aqaar,Ajman,unknown,unknown,United Arab Emirates,residential,residential,unknown,active,"1,2,3 Bedrooms for rent",unknown,unknown,https://prodadmin-aqaar.realcube.estate/api/globalSearch?search=Al%20Zahir&pageNumber=1&pageSize=100,2026-06-24,0.86
02b8dd4b_0ad1_e811_a2b8_00155d119707,Al Zahra Complex,Aqaar,Ajman,unknown,unknown,United Arab Emirates,residential,residential,unknown,active,"Studio, 1, 2, 3 Bedrooms for rent",unknown,unknown,https://prodadmin-aqaar.realcube.estate/api/globalSearch?search=Al%20Zahra%20Complex&pageNumber=1&pageSize=100,2026-06-24,0.86
6c1c103f_f0f0_ea11_a2c4_00155d119619,Al-Khour Tower C,Aqaar,Ajman,unknown,unknown,United Arab Emirates,residential,residential,unknown,active,"1,2,3 Bedrooms for rent",unknown,unknown,https://prodadmin-aqaar.realcube.estate/api/globalSearch?search=Al-Khour%20Tower%20C&pageNumber=1&pageSize=100,2026-06-24,0.86
eeb7dd4b_0ad1_e811_a2b8_00155d119707,AL-Khour Towers,Aqaar,Ajman,unknown,unknown,United Arab Emirates,residential,residential,unknown,sold_out,100% Sold out,unknown,unknown,https://prodadmin-aqaar.realcube.estate/api/globalSearch?search=AL-Khour%20Towers&pageNumber=1&pageSize=100,2026-06-24,0.86
88b8dd4b_0ad1_e811_a2b8_00155d119707,Amina Hospital,Aqaar,Ajman,unknown,unknown,United Arab Emirates,healthcare,healthcare,unknown,active,unknown,unknown,unknown,https://prodadmin-aqaar.realcube.estate/api/globalSearch?search=Amina%20Hospital&pageNumber=1&pageSize=100,2026-06-24,0.62
98de02ed_2222_e911_a2b8_00155d119707,Aqaar Offices,Aqaar,Ajman,unknown,unknown,United Arab Emirates,commercial,commercial,unknown,active,unknown,unknown,unknown,https://prodadmin-aqaar.realcube.estate/api/globalSearch?search=Aqaar%20Offices&pageNumber=1&pageSize=100,2026-06-24,0.62
1ab8dd4b_0ad1_e811_a2b8_00155d119707,Asayel 1,Aqaar,Ajman,unknown,unknown,United Arab Emirates,residential,residential,unknown,active,"1,2,3 Bedrooms for rent",unknown,unknown,https://prodadmin-aqaar.realcube.estate/api/globalSearch?search=Asayel%201&pageNumber=1&pageSize=100,2026-06-24,0.86
a0b8dd4b_0ad1_e811_a2b8_00155d119707,Asayel 2,Aqaar,Ajman,unknown,unknown,United Arab Emirates,residential,residential,unknown,active,"1,2,3 Bedrooms for rent",unknown,unknown,https://prodadmin-aqaar.realcube.estate/api/globalSearch?search=Asayel%202&pageNumber=1&pageSize=100,2026-06-24,0.86
c05d8b0f_bab9_e911_a2bb_00155d119619,Beach Residence,Aqaar,Ajman,unknown,unknown,United Arab Emirates,residential,residential,unknown,sold_out,100% Sold out,unknown,unknown,https://prodadmin-aqaar.realcube.estate/api/globalSearch?search=Beach%20Residence&pageNumber=1&pageSize=100,2026-06-24,0.62
5cb8dd4b_0ad1_e811_a2b8_00155d119707,Bloomington School,Aqaar,Ajman,unknown,unknown,United Arab Emirates,education,education,unknown,active,unknown,unknown,unknown,https://prodadmin-aqaar.realcube.estate/api/globalSearch?search=Bloomington%20School&pageNumber=1&pageSize=100,2026-06-24,0.62
64b8dd4b_0ad1_e811_a2b8_00155d119707,British International School,Aqaar,Ajman,unknown,unknown,United Arab Emirates,education,education,unknown,active,unknown,unknown,unknown,https://prodadmin-aqaar.realcube.estate/api/globalSearch?search=British%20International%20School&pageNumber=1&pageSize=100,2026-06-24,0.62
54b8dd4b_0ad1_e811_a2b8_00155d119707,Building materials Factory,Aqaar,Ajman,unknown,unknown,United Arab Emirates,commercial,commercial,unknown,active,unknown,unknown,unknown,https://prodadmin-aqaar.realcube.estate/api/globalSearch?search=Building%20materials%20Factory&pageNumber=1&pageSize=100,2026-06-24,0.62
30b8dd4b_0ad1_e811_a2b8_00155d119707,City Towers,Aqaar,Ajman,unknown,unknown,United Arab Emirates,residential,residential,unknown,sold_out,100% Sold out,unknown,unknown,https://prodadmin-aqaar.realcube.estate/api/globalSearch?search=City%20Towers&pageNumber=1&pageSize=100,2026-06-24,0.86
04b8dd4b_0ad1_e811_a2b8_00155d119707,Commercial Complex,Aqaar,Ajman,unknown,unknown,United Arab Emirates,residential,residential,unknown,active,"1,2,3 Bedrooms for rent",unknown,unknown,https://prodadmin-aqaar.realcube.estate/api/globalSearch?search=Commercial%20Complex&pageNumber=1&pageSize=100,2026-06-24,0.86
16b8dd4b_0ad1_e811_a2b8_00155d119707,Corniche Tower,Aqaar,Ajman,unknown,unknown,United Arab Emirates,residential,residential,unknown,sold_out,100% Sold out,unknown,unknown,https://prodadmin-aqaar.realcube.estate/api/globalSearch?search=Corniche%20Tower&pageNumber=1&pageSize=100,2026-06-24,0.86
301c3301_382a_eb11_a2c5_00155d119619,Crown Private,Aqaar,Ajman,unknown,unknown,United Arab Emirates,mixed_use,mixed_use,unknown,active,unknown,unknown,unknown,https://prodadmin-aqaar.realcube.estate/api/globalSearch?search=Crown%20Private&pageNumber=1&pageSize=100,2026-06-24,0.62
aeb8dd4b_0ad1_e811_a2b8_00155d119707,Crystal,Aqaar,Ajman,unknown,unknown,United Arab Emirates,commercial,commercial,unknown,active,"1,2,3 Bedrooms for rent",unknown,unknown,https://prodadmin-aqaar.realcube.estate/api/globalSearch?search=Crystal&pageNumber=1&pageSize=100,2026-06-24,0.86
38b8dd4b_0ad1_e811_a2b8_00155d119707,Crystal 1,Aqaar,Ajman,unknown,unknown,United Arab Emirates,commercial,commercial,unknown,active,"1,2,3 Bedrooms for rent",unknown,unknown,https://prodadmin-aqaar.realcube.estate/api/globalSearch?search=Crystal%201&pageNumber=1&pageSize=100,2026-06-24,0.86
eab7dd4b_0ad1_e811_a2b8_00155d119707,Dewan Towers,Aqaar,Ajman,unknown,unknown,United Arab Emirates,commercial,commercial,unknown,active,"Studio, 1, 2, 3 Bedrooms for rent",unknown,unknown,https://prodadmin-aqaar.realcube.estate/api/globalSearch?search=Dewan%20Towers&pageNumber=1&pageSize=100,2026-06-24,0.86
836256dc_a305_f111_8407_70a8a5232028,Dusit Thani Residences Ajman,Aqaar,Ajman,unknown,unknown,United Arab Emirates,residential,residential,unknown,active,unknown,unknown,unknown,https://prodadmin-aqaar.realcube.estate/api/globalSearch?search=Dusit%20Thani%20Residences%20Ajman&pageNumber=1&pageSize=100,2026-06-24,0.62
14b8dd4b_0ad1_e811_a2b8_00155d119707,Falcon Towers,Aqaar,Ajman,unknown,unknown,United Arab Emirates,commercial,commercial,unknown,sold_out,100% Sold out,unknown,unknown,https://prodadmin-aqaar.realcube.estate/api/globalSearch?search=Falcon%20Towers&pageNumber=1&pageSize=100,2026-06-24,0.86
34b8dd4b_0ad1_e811_a2b8_00155d119707,Flamingo Building,Aqaar,Ajman,unknown,unknown,United Arab Emirates,commercial,commercial,unknown,active,"Studio, 1, 2, 3 Bedrooms for rent",unknown,unknown,https://prodadmin-aqaar.realcube.estate/api/globalSearch?search=Flamingo%20Building&pageNumber=1&pageSize=100,2026-06-24,0.86
36b8dd4b_0ad1_e811_a2b8_00155d119707,Flamingo Villas,Aqaar,Ajman,unknown,unknown,United Arab Emirates,commercial,commercial,unknown,active,Villa for rent,unknown,unknown,https://prodadmin-aqaar.realcube.estate/api/globalSearch?search=Flamingo%20Villas&pageNumber=1&pageSize=100,2026-06-24,0.86
bd3ddba0_76fe_eb11_a2c8_00155d119619,Galleria Mall,Aqaar,Ajman,unknown,unknown,United Arab Emirates,commercial,commercial,unknown,active,unknown,unknown,unknown,https://prodadmin-aqaar.realcube.estate/api/globalSearch?search=Galleria%20Mall&pageNumber=1&pageSize=100,2026-06-24,0.62
7d307ab5_a6a9_ea11_a2c3_00155d119619,Garden City,Aqaar,Ajman,unknown,unknown,United Arab Emirates,commercial,commercial,unknown,sold_out,100% Sold out,unknown,unknown,https://prodadmin-aqaar.realcube.estate/api/globalSearch?search=Garden%20City&pageNumber=1&pageSize=100,2026-06-24,0.86
e4b7dd4b_0ad1_e811_a2b8_00155d119707,Grand,Aqaar,Ajman,unknown,unknown,United Arab Emirates,commercial,Leasing,unknown,active,"1,2,3 Bedrooms for rent",unknown,unknown,https://prodadmin-aqaar.realcube.estate/api/globalSearch?search=Grand&pageNumber=1&pageSize=100,2026-06-24,0.86
92b8dd4b_0ad1_e811_a2b8_00155d119707,Gulfa Warehouses,Aqaar,Ajman,unknown,unknown,United Arab Emirates,commercial,commercial,unknown,active,unknown,unknown,unknown,https://prodadmin-aqaar.realcube.estate/api/globalSearch?search=Gulfa%20Warehouses&pageNumber=1&pageSize=100,2026-06-24,0.62
58b8dd4b_0ad1_e811_a2b8_00155d119707,Habitat School,Aqaar,Ajman,unknown,unknown,United Arab Emirates,education,education,unknown,active,unknown,unknown,unknown,https://prodadmin-aqaar.realcube.estate/api/globalSearch?search=Habitat%20School&pageNumber=1&pageSize=100,2026-06-24,0.62
f4b7dd4b_0ad1_e811_a2b8_00155d119707,Horizon Towers,Aqaar,Ajman,unknown,unknown,United Arab Emirates,commercial,commercial,unknown,sold_out,100% Sold out,unknown,unknown,https://prodadmin-aqaar.realcube.estate/api/globalSearch?search=Horizon%20Towers&pageNumber=1&pageSize=100,2026-06-24,0.86
b984f548_ab76_f011_a2e0_00155d119f38,Horizon University,Aqaar,Ajman,unknown,unknown,United Arab Emirates,mixed_use,mixed_use,unknown,active,unknown,unknown,unknown,https://prodadmin-aqaar.realcube.estate/api/globalSearch?search=Horizon%20University&pageNumber=1&pageSize=100,2026-06-24,0.62
50b8dd4b_0ad1_e811_a2b8_00155d119707,Houses and Flats Masfoot,Aqaar,Ajman,unknown,unknown,United Arab Emirates,commercial,commercial,unknown,active,"1,2,3 Bedrooms for rent",unknown,unknown,https://prodadmin-aqaar.realcube.estate/api/globalSearch?search=Houses%20and%20Flats%20Masfoot&pageNumber=1&pageSize=100,2026-06-24,0.86
5ab8dd4b_0ad1_e811_a2b8_00155d119707,Indian International School 1,Aqaar,Ajman,unknown,unknown,United Arab Emirates,education,education,unknown,active,unknown,unknown,unknown,https://prodadmin-aqaar.realcube.estate/api/globalSearch?search=Indian%20International%20School%201&pageNumber=1&pageSize=100,2026-06-24,0.62
8ab8dd4b_0ad1_e811_a2b8_00155d119707,Industrial area -1,Aqaar,Ajman,unknown,unknown,United Arab Emirates,mixed_use,mixed_use,unknown,active,unknown,unknown,unknown,https://prodadmin-aqaar.realcube.estate/api/globalSearch?search=Industrial%20area%20-1&pageNumber=1&pageSize=100,2026-06-24,0.62
8eb8dd4b_0ad1_e811_a2b8_00155d119707,Industrial area -20,Aqaar,Ajman,unknown,unknown,United Arab Emirates,mixed_use,mixed_use,unknown,active,unknown,unknown,unknown,https://prodadmin-aqaar.realcube.estate/api/globalSearch?search=Industrial%20area%20-20&pageNumber=1&pageSize=100,2026-06-24,0.62
8cb8dd4b_0ad1_e811_a2b8_00155d119707,Industrial area -3,Aqaar,Ajman,unknown,unknown,United Arab Emirates,mixed_use,mixed_use,unknown,active,unknown,unknown,unknown,https://prodadmin-aqaar.realcube.estate/api/globalSearch?search=Industrial%20area%20-3&pageNumber=1&pageSize=100,2026-06-24,0.62
8dc5f8f8_ebb3_ec11_a2bf_00155d119927,industrial area 2,Aqaar,Ajman,unknown,unknown,United Arab Emirates,mixed_use,mixed_use,unknown,active,unknown,unknown,unknown,https://prodadmin-aqaar.realcube.estate/api/globalSearch?search=industrial%20area%202&pageNumber=1&pageSize=100,2026-06-24,0.62
8daed8f6_bd22_e911_a2b8_00155d119707,Labor Accommodation,Aqaar,Ajman,unknown,unknown,United Arab Emirates,mixed_use,mixed_use,unknown,active,unknown,unknown,unknown,https://prodadmin-aqaar.realcube.estate/api/globalSearch?search=Labor%20Accommodation&pageNumber=1&pageSize=100,2026-06-24,0.62
30485a5c_911e_ec11_a2c8_00155d119619,Lake Tower C4,Aqaar,Ajman,unknown,unknown,United Arab Emirates,residential,residential,unknown,active,unknown,unknown,unknown,https://prodadmin-aqaar.realcube.estate/api/globalSearch?search=Lake%20Tower%20C4&pageNumber=1&pageSize=100,2026-06-24,0.62
9ab8dd4b_0ad1_e811_a2b8_00155d119707,Lewara,Aqaar,Ajman,unknown,unknown,United Arab Emirates,commercial,commercial,unknown,active,"1,2,3 Bedrooms for rent",unknown,unknown,https://prodadmin-aqaar.realcube.estate/api/globalSearch?search=Lewara&pageNumber=1&pageSize=100,2026-06-24,0.86
4cb8dd4b_0ad1_e811_a2b8_00155d119707,Manama Flats,Aqaar,Ajman,unknown,unknown,United Arab Emirates,commercial,commercial,unknown,active,"1,2,3 Bedrooms for rent",unknown,unknown,https://prodadmin-aqaar.realcube.estate/api/globalSearch?search=Manama%20Flats&pageNumber=1&pageSize=100,2026-06-24,0.86
4eb8dd4b_0ad1_e811_a2b8_00155d119707,Manama Shops,Aqaar,Ajman,unknown,unknown,United Arab Emirates,commercial,commercial,unknown,active,unknown,unknown,unknown,https://prodadmin-aqaar.realcube.estate/api/globalSearch?search=Manama%20Shops&pageNumber=1&pageSize=100,2026-06-24,0.86
7ab8dd4b_0ad1_e811_a2b8_00155d119707,Manama Wedding Hall (Ajman Society),Aqaar,Ajman,unknown,unknown,United Arab Emirates,mixed_use,mixed_use,unknown,active,unknown,unknown,unknown,https://prodadmin-aqaar.realcube.estate/api/globalSearch?search=Manama%20Wedding%20Hall%20(Ajman%20Society)&pageNumber=1&pageSize=100,2026-06-24,0.62
84b8dd4b_0ad1_e811_a2b8_00155d119707,Masfoot Buildings,Aqaar,Ajman,unknown,unknown,United Arab Emirates,commercial,commercial,unknown,active,"Studio, 1, 2, 3 Bedrooms for rent",unknown,unknown,https://prodadmin-aqaar.realcube.estate/api/globalSearch?search=Masfoot%20Buildings&pageNumber=1&pageSize=100,2026-06-24,0.86
a736c16e_313f_e911_a2b9_00155d119910,Masfoot Plaza,Aqaar,Ajman,unknown,unknown,United Arab Emirates,commercial,commercial,unknown,active,"Studio, 1, 2, 3 Bedrooms for rent",unknown,unknown,https://prodadmin-aqaar.realcube.estate/api/globalSearch?search=Masfoot%20Plaza&pageNumber=1&pageSize=100,2026-06-24,0.86
ed194b08_59aa_f011_a2e0_00155d119f3e,Mawjan,Aqaar,Ajman,unknown,unknown,United Arab Emirates,residential,residential,unknown,active,unknown,unknown,unknown,https://prodadmin-aqaar.realcube.estate/api/globalSearch?search=Mawjan&pageNumber=1&pageSize=100,2026-06-24,0.62
fcb24d18_ff7d_ee11_a2bf_00155d119f33,Metropolitan International Indian Private School,Aqaar,Ajman,unknown,unknown,United Arab Emirates,education,education,unknown,active,unknown,unknown,unknown,https://prodadmin-aqaar.realcube.estate/api/globalSearch?search=Metropolitan%20International%20Indian%20Private%20School&pageNumber=1&pageSize=100,2026-06-24,0.62
dd64d3c4_e079_ed11_a2ba_00155d119841,Mortuary in Ajman Cemetery,Aqaar,Ajman,unknown,unknown,United Arab Emirates,mixed_use,mixed_use,unknown,active,unknown,unknown,unknown,https://prodadmin-aqaar.realcube.estate/api/globalSearch?search=Mortuary%20in%20Ajman%20Cemetery&pageNumber=1&pageSize=100,2026-06-24,0.62
52b8dd4b_0ad1_e811_a2b8_00155d119707,Musheirif Shops,Aqaar,Ajman,unknown,unknown,United Arab Emirates,commercial,commercial,unknown,active,unknown,unknown,unknown,https://prodadmin-aqaar.realcube.estate/api/globalSearch?search=Musheirif%20Shops&pageNumber=1&pageSize=100,2026-06-24,0.86
b514b2db_08f8_ea11_a2c5_00155d119619,Musherif Villas,Aqaar,Ajman,unknown,unknown,United Arab Emirates,commercial,commercial,unknown,active,Villa for rent,unknown,unknown,https://prodadmin-aqaar.realcube.estate/api/globalSearch?search=Musherif%20Villas&pageNumber=1&pageSize=100,2026-06-24,0.86
f8b7dd4b_0ad1_e811_a2b8_00155d119707,New Gold Market,Aqaar,Ajman,unknown,unknown,United Arab Emirates,mixed_use,mixed_use,unknown,active,"1,2,3 Bedrooms for rent",unknown,unknown,https://prodadmin-aqaar.realcube.estate/api/globalSearch?search=New%20Gold%20Market&pageNumber=1&pageSize=100,2026-06-24,0.62
e9afbd0c_b405_ee11_a2bc_00155d119841,New Musherif Villas,Aqaar,Ajman,unknown,unknown,United Arab Emirates,commercial,commercial,unknown,active,unknown,unknown,unknown,https://prodadmin-aqaar.realcube.estate/api/globalSearch?search=New%20Musherif%20Villas&pageNumber=1&pageSize=100,2026-06-24,0.86
bb57baca_fa02_ef11_a2c0_00155d119841,North Gate British School,Aqaar,Ajman,unknown,unknown,United Arab Emirates,education,education,unknown,active,unknown,unknown,unknown,https://prodadmin-aqaar.realcube.estate/api/globalSearch?search=North%20Gate%20British%20School&pageNumber=1&pageSize=100,2026-06-24,0.62
f0b7dd4b_0ad1_e811_a2b8_00155d119707,Nuaiemiyah Towers,Aqaar,Ajman,unknown,unknown,United Arab Emirates,commercial,commercial,unknown,sold_out,100% Sold out,unknown,unknown,https://prodadmin-aqaar.realcube.estate/api/globalSearch?search=Nuaiemiyah%20Towers&pageNumber=1&pageSize=100,2026-06-24,0.86
ea381dec_0c0f_ed11_a2bb_00155d119f33,Nuaimeya 3,Aqaar,Ajman,unknown,unknown,United Arab Emirates,commercial,commercial,unknown,active,unknown,unknown,unknown,https://prodadmin-aqaar.realcube.estate/api/globalSearch?search=Nuaimeya%203&pageNumber=1&pageSize=100,2026-06-24,0.86
70b8dd4b_0ad1_e811_a2b8_00155d119707,Old Civil Defense (Middle East ),Aqaar,Ajman,unknown,unknown,United Arab Emirates,mixed_use,mixed_use,unknown,active,unknown,unknown,unknown,https://prodadmin-aqaar.realcube.estate/api/globalSearch?search=Old%20Civil%20Defense%20(Middle%20East%20)&pageNumber=1&pageSize=100,2026-06-24,0.62
fab7dd4b_0ad1_e811_a2b8_00155d119707,Old Gold Market,Aqaar,Ajman,unknown,unknown,United Arab Emirates,mixed_use,mixed_use,unknown,active,"Studio, 1, 2, 3 Bedrooms for rent",unknown,unknown,https://prodadmin-aqaar.realcube.estate/api/globalSearch?search=Old%20Gold%20Market&pageNumber=1&pageSize=100,2026-06-24,0.62
0cb8dd4b_0ad1_e811_a2b8_00155d119707,Old Quds,Aqaar,Ajman,unknown,unknown,United Arab Emirates,commercial,commercial,unknown,active,"1,2,3 Bedrooms for rent",unknown,unknown,https://prodadmin-aqaar.realcube.estate/api/globalSearch?search=Old%20Quds&pageNumber=1&pageSize=100,2026-06-24,0.86
e2bc7f18_16cd_f011_8543_6045bd6a88e0,Online Test Project,Aqaar,Ajman,unknown,unknown,United Arab Emirates,mixed_use,mixed_use,unknown,active,unknown,unknown,unknown,https://prodadmin-aqaar.realcube.estate/api/globalSearch?search=Online%20Test%20Project&pageNumber=1&pageSize=100,2026-06-24,0.62
bd8bd1e6_0420_e911_a2b8_00155d119707,Orient Towers,Aqaar,Ajman,unknown,unknown,United Arab Emirates,commercial,commercial,unknown,sold_out,100% Sold out,unknown,unknown,https://prodadmin-aqaar.realcube.estate/api/globalSearch?search=Orient%20Towers&pageNumber=1&pageSize=100,2026-06-24,0.86
6cb8dd4b_0ad1_e811_a2b8_00155d119707,Preston shops,Aqaar,Ajman,unknown,unknown,United Arab Emirates,commercial,commercial,unknown,active,unknown,unknown,unknown,https://prodadmin-aqaar.realcube.estate/api/globalSearch?search=Preston%20shops&pageNumber=1&pageSize=100,2026-06-24,0.62
00f262fd_7fd2_ec11_a2c0_00155d119927,PRJ-RP,Aqaar,Ajman,unknown,unknown,United Arab Emirates,mixed_use,mixed_use,unknown,active,unknown,unknown,unknown,https://prodadmin-aqaar.realcube.estate/api/globalSearch?search=PRJ-RP&pageNumber=1&pageSize=100,2026-06-24,0.62
1be2d3a1_dee9_ef11_a2ce_00155d119747,Rashidia 2,Aqaar,Ajman,unknown,unknown,United Arab Emirates,mixed_use,mixed_use,unknown,active,unknown,unknown,unknown,https://prodadmin-aqaar.realcube.estate/api/globalSearch?search=Rashidia%202&pageNumber=1&pageSize=100,2026-06-24,0.62
f2b7dd4b_0ad1_e811_a2b8_00155d119707,Rashidia Towers,Aqaar,Ajman,unknown,unknown,United Arab Emirates,commercial,commercial,unknown,sold_out,100% Sold out,unknown,unknown,https://prodadmin-aqaar.realcube.estate/api/globalSearch?search=Rashidia%20Towers&pageNumber=1&pageSize=100,2026-06-24,0.86
46b8dd4b_0ad1_e811_a2b8_00155d119707,Rawdat Al Reef Flats & Shops,Aqaar,Ajman,unknown,unknown,United Arab Emirates,commercial,commercial,unknown,active,"1,2,3 Bedrooms for rent",unknown,unknown,https://prodadmin-aqaar.realcube.estate/api/globalSearch?search=Rawdat%20Al%20Reef%20Flats%20%26%20Shops&pageNumber=1&pageSize=100,2026-06-24,0.86
5eb8dd4b_0ad1_e811_a2b8_00155d119707,Royal Academic School,Aqaar,Ajman,unknown,unknown,United Arab Emirates,education,education,unknown,active,unknown,unknown,unknown,https://prodadmin-aqaar.realcube.estate/api/globalSearch?search=Royal%20Academic%20School&pageNumber=1&pageSize=100,2026-06-24,0.62
ceba2b44_2322_e911_a2b8_00155d119707,Royal Palaces,Aqaar,Ajman,unknown,unknown,United Arab Emirates,mixed_use,mixed_use,unknown,active,unknown,unknown,unknown,https://prodadmin-aqaar.realcube.estate/api/globalSearch?search=Royal%20Palaces&pageNumber=1&pageSize=100,2026-06-24,0.62
d6e426c5_e7c4_ee11_a2bf_00155d119841,Settlement Project,Aqaar,Ajman,unknown,unknown,United Arab Emirates,mixed_use,mixed_use,unknown,active,unknown,unknown,unknown,https://prodadmin-aqaar.realcube.estate/api/globalSearch?search=Settlement%20Project&pageNumber=1&pageSize=100,2026-06-24,0.62
4ab8dd4b_0ad1_e811_a2b8_00155d119707,Traditional Houses - Al Manama,Aqaar,Ajman,unknown,unknown,United Arab Emirates,commercial,commercial,unknown,active,"1,2,3 Bedrooms for rent",unknown,unknown,https://prodadmin-aqaar.realcube.estate/api/globalSearch?search=Traditional%20Houses%20-%20Al%20Manama&pageNumber=1&pageSize=100,2026-06-24,0.86
2a3a3b61_bd9f_ee11_a2bf_00155d119841,UM Khalaad School For Basic Education C-1,Aqaar,Ajman,unknown,unknown,United Arab Emirates,education,education,unknown,active,unknown,unknown,unknown,https://prodadmin-aqaar.realcube.estate/api/globalSearch?search=UM%20Khalaad%20School%20For%20Basic%20Education%20C-1&pageNumber=1&pageSize=100,2026-06-24,0.62
cab8dd4b_0ad1_e811_a2b8_00155d119707,Waqf Thamer Saied Salman (University),Aqaar,Ajman,unknown,unknown,United Arab Emirates,mixed_use,mixed_use,unknown,active,unknown,unknown,unknown,https://prodadmin-aqaar.realcube.estate/api/globalSearch?search=Waqf%20Thamer%20Saied%20Salman%20(University)&pageNumber=1&pageSize=100,2026-06-24,0.62
5a6d07a8_f7e1_ea11_a2c4_00155d119619,Water Treatment Plant,Aqaar,Ajman,unknown,unknown,United Arab Emirates,mixed_use,mixed_use,unknown,active,unknown,unknown,unknown,https://prodadmin-aqaar.realcube.estate/api/globalSearch?search=Water%20Treatment%20Plant&pageNumber=1&pageSize=100,2026-06-24,0.62
62b8dd4b_0ad1_e811_a2b8_00155d119707,Wood Lem Park School,Aqaar,Ajman,unknown,unknown,United Arab Emirates,education,education,unknown,active,unknown,unknown,unknown,https://prodadmin-aqaar.realcube.estate/api/globalSearch?search=Wood%20Lem%20Park%20School&pageNumber=1&pageSize=100,2026-06-24,0.62
