property_id,location_name,city,district,community,nearest_landmark,nearest_mall,nearest_school,nearest_hospital,nearest_beach,nearest_airport,nearest_highway,latitude,longitude,source_url,last_verified,confidence_score
60b8dd4b_0ad1_e811_a2b8_00155d119707,Ajman,Ajman,Ajman,Ajman,unknown,unknown,unknown,unknown,unknown,unknown,unknown,25.417402,55.502815,https://prodadmin-aqaar.realcube.estate/api/globalSearch?search=Ajman%20American%20International%20School&pageNumber=1&pageSize=100,2026-06-24,0.60
ccb8dd4b_0ad1_e811_a2b8_00155d119707,Ajman Corniche,Ajman,Ajman Corniche,Ajman Corniche,Ajman Corniche,unknown,unknown,unknown,Ajman Corniche waterfront,unknown,unknown,25.4045314,55.4300412,https://prodadmin-aqaar.realcube.estate/api/globalSearch?search=Ajman%20Corniche%20Residences&pageNumber=1&pageSize=100,2026-06-24,0.80
2eb8dd4b_0ad1_e811_a2b8_00155d119707,Ajman,Ajman,Ajman,Ajman,unknown,unknown,unknown,unknown,unknown,unknown,unknown,25.394384,55.4312389,https://prodadmin-aqaar.realcube.estate/api/globalSearch?search=Ajman%20One&pageNumber=1&pageSize=100,2026-06-24,0.80
22796319_20da_ee11_a2bf_00155d119841,Ajman,Ajman,Ajman,Ajman,unknown,unknown,unknown,unknown,unknown,unknown,unknown,unknown,unknown,https://www.aqaar.com/ajman-one-phase2,2026-06-24,0.94
7f307ab5_a6a9_ea11_a2c3_00155d119619,Ajman,Ajman,Ajman,Ajman,unknown,unknown,unknown,unknown,unknown,unknown,unknown,25.3925983,55.4680152,https://prodadmin-aqaar.realcube.estate/api/globalSearch?search=Ajman%20Pearl&pageNumber=1&pageSize=100,2026-06-24,0.80
66b8dd4b_0ad1_e811_a2b8_00155d119707,Rumaila 1,Ajman,Rumaila 1,Rumaila 1,unknown,unknown,unknown,unknown,unknown,unknown,unknown,25.4004258,55.4335779,https://prodadmin-aqaar.realcube.estate/api/globalSearch?search=Ajman%20Society%20Cooperative%20(Rumailah)&pageNumber=1&pageSize=100,2026-06-24,0.60
2a565476_ed0f_ee11_a2be_00155d119f33,Ajman,Ajman,Ajman,Ajman,unknown,unknown,unknown,unknown,unknown,unknown,unknown,unknown,unknown,https://prodadmin-aqaar.realcube.estate/api/globalSearch?search=Ajman%20Uptown&pageNumber=1&pageSize=100,2026-06-24,0.72
f6b7dd4b_0ad1_e811_a2b8_00155d119707,unknown,Ajman,unknown,unknown,unknown,unknown,unknown,unknown,unknown,unknown,unknown,25.392999,55.435431,https://prodadmin-aqaar.realcube.estate/api/globalSearch?search=Al%20Andalus%204&pageNumber=1&pageSize=100,2026-06-24,0.80
96b8dd4b_0ad1_e811_a2b8_00155d119707,unknown,Ajman,unknown,unknown,unknown,unknown,unknown,unknown,unknown,unknown,unknown,25.405031,55.44081,https://prodadmin-aqaar.realcube.estate/api/globalSearch?search=Al%20Arabi%20Building&pageNumber=1&pageSize=100,2026-06-24,0.80
3ab8dd4b_0ad1_e811_a2b8_00155d119707,unknown,Ajman,unknown,unknown,unknown,unknown,unknown,unknown,unknown,unknown,unknown,25.403287,55.440907,https://prodadmin-aqaar.realcube.estate/api/globalSearch?search=Al%20Berouj%201&pageNumber=1&pageSize=100,2026-06-24,0.80
3cb8dd4b_0ad1_e811_a2b8_00155d119707,unknown,Ajman,unknown,unknown,unknown,unknown,unknown,unknown,unknown,unknown,unknown,unknown,unknown,https://prodadmin-aqaar.realcube.estate/api/globalSearch?search=Al%20Berouj%202&pageNumber=1&pageSize=100,2026-06-24,0.80
3eb8dd4b_0ad1_e811_a2b8_00155d119707,unknown,Ajman,unknown,unknown,unknown,unknown,unknown,unknown,unknown,unknown,unknown,unknown,unknown,https://prodadmin-aqaar.realcube.estate/api/globalSearch?search=Al%20Berouj%203&pageNumber=1&pageSize=100,2026-06-24,0.80
40b8dd4b_0ad1_e811_a2b8_00155d119707,unknown,Ajman,unknown,unknown,unknown,unknown,unknown,unknown,unknown,unknown,unknown,unknown,unknown,https://prodadmin-aqaar.realcube.estate/api/globalSearch?search=Al%20Berouj%204&pageNumber=1&pageSize=100,2026-06-24,0.80
ecb7dd4b_0ad1_e811_a2b8_00155d119707,unknown,Ajman,unknown,unknown,unknown,unknown,unknown,unknown,unknown,unknown,unknown,25.412094,55.444342,https://prodadmin-aqaar.realcube.estate/api/globalSearch?search=Al%20Bustan&pageNumber=1&pageSize=100,2026-06-24,0.80
08b8dd4b_0ad1_e811_a2b8_00155d119707,unknown,Ajman,unknown,unknown,unknown,unknown,unknown,unknown,unknown,unknown,unknown,unknown,unknown,https://prodadmin-aqaar.realcube.estate/api/globalSearch?search=Al%20Bustan%20Shops&pageNumber=1&pageSize=100,2026-06-24,0.68
e6b7dd4b_0ad1_e811_a2b8_00155d119707,unknown,Ajman,unknown,unknown,unknown,unknown,unknown,unknown,unknown,unknown,unknown,25.415487,55.442462,https://prodadmin-aqaar.realcube.estate/api/globalSearch?search=Al%20Dana&pageNumber=1&pageSize=100,2026-06-24,0.80
feb7dd4b_0ad1_e811_a2b8_00155d119707,unknown,Ajman,unknown,unknown,unknown,unknown,unknown,unknown,unknown,unknown,unknown,25.415619,55.442642,https://prodadmin-aqaar.realcube.estate/api/globalSearch?search=Al%20Durra&pageNumber=1&pageSize=100,2026-06-24,0.80
b0b8dd4b_0ad1_e811_a2b8_00155d119707,unknown,Ajman,unknown,unknown,unknown,unknown,unknown,unknown,unknown,unknown,unknown,25.416985,55.43755,https://prodadmin-aqaar.realcube.estate/api/globalSearch?search=Al%20Fazzan&pageNumber=1&pageSize=100,2026-06-24,0.80
f4502104_adbf_ec11_a2bf_00155d119927,unknown,Ajman,unknown,unknown,unknown,unknown,unknown,unknown,unknown,unknown,unknown,25.393735,55.471222,https://prodadmin-aqaar.realcube.estate/api/globalSearch?search=Al%20Gharoub&pageNumber=1&pageSize=100,2026-06-24,0.86
5b5d5569_83e3_ef11_a2ce_00155d119747,unknown,Ajman,unknown,unknown,unknown,unknown,unknown,unknown,unknown,unknown,unknown,unknown,unknown,https://prodadmin-aqaar.realcube.estate/api/globalSearch?search=Al%20Helio%20Villas&pageNumber=1&pageSize=100,2026-06-24,0.60
2cb8dd4b_0ad1_e811_a2b8_00155d119707,unknown,Ajman,unknown,unknown,unknown,unknown,unknown,unknown,unknown,unknown,unknown,25.3938317,55.4798069,https://prodadmin-aqaar.realcube.estate/api/globalSearch?search=Al%20Humaidia%20Show%20Rooms&pageNumber=1&pageSize=100,2026-06-24,0.60
76b8dd4b_0ad1_e811_a2b8_00155d119707,unknown,Ajman,unknown,unknown,unknown,unknown,unknown,unknown,unknown,unknown,unknown,unknown,unknown,https://prodadmin-aqaar.realcube.estate/api/globalSearch?search=Al%20Humaidia%20Villa%201&pageNumber=1&pageSize=100,2026-06-24,0.72
78b8dd4b_0ad1_e811_a2b8_00155d119707,unknown,Ajman,unknown,unknown,unknown,unknown,unknown,unknown,unknown,unknown,unknown,unknown,unknown,https://prodadmin-aqaar.realcube.estate/api/globalSearch?search=Al%20Humaidia%20Villa%202&pageNumber=1&pageSize=100,2026-06-24,0.72
e8b7dd4b_0ad1_e811_a2b8_00155d119707,unknown,Ajman,unknown,unknown,unknown,unknown,unknown,unknown,unknown,unknown,unknown,25.417218941038513,55.44006501539404,https://prodadmin-aqaar.realcube.estate/api/globalSearch?search=Al%20Itihad&pageNumber=1&pageSize=100,2026-06-24,0.86
a6b8dd4b_0ad1_e811_a2b8_00155d119707,unknown,Ajman,unknown,unknown,unknown,unknown,unknown,unknown,unknown,unknown,unknown,unknown,unknown,https://prodadmin-aqaar.realcube.estate/api/globalSearch?search=Al%20Johara&pageNumber=1&pageSize=100,2026-06-24,0.80
24b8dd4b_0ad1_e811_a2b8_00155d119707,Jurf 1,Ajman,Jurf 1,Jurf 1,unknown,unknown,unknown,unknown,unknown,unknown,unknown,25.4131318,55.5012232,https://prodadmin-aqaar.realcube.estate/api/globalSearch?search=Al%20Jurf%201&pageNumber=1&pageSize=100,2026-06-24,0.80
26b8dd4b_0ad1_e811_a2b8_00155d119707,Jurf 2,Ajman,Jurf 2,Jurf 2,unknown,unknown,unknown,unknown,unknown,unknown,unknown,25.4140059,55.5002784,https://prodadmin-aqaar.realcube.estate/api/globalSearch?search=Al%20Jurf%202&pageNumber=1&pageSize=100,2026-06-24,0.80
22b8dd4b_0ad1_e811_a2b8_00155d119707,unknown,Ajman,unknown,unknown,unknown,unknown,unknown,unknown,unknown,unknown,unknown,25.4093676,55.5100175,https://prodadmin-aqaar.realcube.estate/api/globalSearch?search=Al%20Jurf%203&pageNumber=1&pageSize=100,2026-06-24,0.80
82b8dd4b_0ad1_e811_a2b8_00155d119707,unknown,Ajman,unknown,unknown,unknown,unknown,unknown,unknown,unknown,unknown,unknown,unknown,unknown,https://prodadmin-aqaar.realcube.estate/api/globalSearch?search=Al%20Jurf%20Buildings%2020%20%2F%20A7%20(Labor%20City)&pageNumber=1&pageSize=100,2026-06-24,0.60
80b8dd4b_0ad1_e811_a2b8_00155d119707,unknown,Ajman,unknown,unknown,unknown,unknown,unknown,unknown,unknown,unknown,unknown,unknown,unknown,https://prodadmin-aqaar.realcube.estate/api/globalSearch?search=Al%20Jurf%20Buildings%2020%20%2F%20B7%20(Labor%20City)&pageNumber=1&pageSize=100,2026-06-24,0.60
2ab8dd4b_0ad1_e811_a2b8_00155d119707,unknown,Ajman,unknown,unknown,unknown,unknown,unknown,unknown,unknown,unknown,unknown,25.413829,55.501294,https://prodadmin-aqaar.realcube.estate/api/globalSearch?search=Al%20Jurf%20Complex&pageNumber=1&pageSize=100,2026-06-24,0.80
20b8dd4b_0ad1_e811_a2b8_00155d119707,unknown,Ajman,unknown,unknown,unknown,unknown,unknown,unknown,unknown,unknown,unknown,25.3997531,55.4827739,https://prodadmin-aqaar.realcube.estate/api/globalSearch?search=Al%20Jurf%20Residential%20Villas&pageNumber=1&pageSize=100,2026-06-24,0.72
a2b8dd4b_0ad1_e811_a2b8_00155d119707,unknown,Ajman,unknown,unknown,unknown,unknown,unknown,unknown,unknown,unknown,unknown,25.4138075,55.5031374,https://prodadmin-aqaar.realcube.estate/api/globalSearch?search=Al%20Jurf%20Show%20Room%201&pageNumber=1&pageSize=100,2026-06-24,0.68
a4b8dd4b_0ad1_e811_a2b8_00155d119707,unknown,Ajman,unknown,unknown,unknown,unknown,unknown,unknown,unknown,unknown,unknown,25.4138075,55.5031374,https://prodadmin-aqaar.realcube.estate/api/globalSearch?search=Al%20Jurf%20Show%20Room%202&pageNumber=1&pageSize=100,2026-06-24,0.68
1cb8dd4b_0ad1_e811_a2b8_00155d119707,unknown,Ajman,unknown,unknown,unknown,unknown,unknown,unknown,unknown,unknown,unknown,25.4126132,55.4998699,https://prodadmin-aqaar.realcube.estate/api/globalSearch?search=Al%20Jurf%20Villas&pageNumber=1&pageSize=100,2026-06-24,0.72
1eb8dd4b_0ad1_e811_a2b8_00155d119707,unknown,Ajman,unknown,unknown,unknown,unknown,unknown,unknown,unknown,unknown,unknown,25.4131126,55.5014878,https://prodadmin-aqaar.realcube.estate/api/globalSearch?search=Al%20Jurf%20Villas%202&pageNumber=1&pageSize=100,2026-06-24,0.72
8aed16b5_4982_ec11_a2bf_00155d119927,unknown,Ajman,unknown,unknown,unknown,unknown,unknown,unknown,unknown,unknown,unknown,25.413259,55.439114,https://prodadmin-aqaar.realcube.estate/api/globalSearch?search=Al%20Karama&pageNumber=1&pageSize=100,2026-06-24,0.80
44b8dd4b_0ad1_e811_a2b8_00155d119707,unknown,Ajman,unknown,unknown,unknown,unknown,unknown,unknown,unknown,unknown,unknown,25.4004574,55.4500998,https://prodadmin-aqaar.realcube.estate/api/globalSearch?search=Al%20Khor%20Villas%20%26%20Shops&pageNumber=1&pageSize=100,2026-06-24,0.80
9cb8dd4b_0ad1_e811_a2b8_00155d119707,unknown,Ajman,unknown,unknown,unknown,unknown,unknown,unknown,unknown,unknown,unknown,25.405225,55.441095,https://prodadmin-aqaar.realcube.estate/api/globalSearch?search=Al%20Madina%20Tower&pageNumber=1&pageSize=100,2026-06-24,0.80
7cb8dd4b_0ad1_e811_a2b8_00155d119707,unknown,Ajman,unknown,unknown,unknown,unknown,unknown,unknown,unknown,unknown,unknown,25.32380,56.007789,https://prodadmin-aqaar.realcube.estate/api/globalSearch?search=Al%20Manama%20Buildings&pageNumber=1&pageSize=100,2026-06-24,0.80
74b8dd4b_0ad1_e811_a2b8_00155d119707,unknown,Ajman,unknown,unknown,unknown,unknown,unknown,unknown,unknown,unknown,unknown,25.3222866,56.0055886,https://prodadmin-aqaar.realcube.estate/api/globalSearch?search=Al%20Manama%20Farm&pageNumber=1&pageSize=100,2026-06-24,0.60
52cf79ec_eb47_ea11_a2bc_00155d119619,unknown,Ajman,unknown,unknown,unknown,unknown,unknown,unknown,unknown,unknown,unknown,25.3222866,56.0055886,https://prodadmin-aqaar.realcube.estate/api/globalSearch?search=Al%20Manama%20Land&pageNumber=1&pageSize=100,2026-06-24,0.60
6eb8dd4b_0ad1_e811_a2b8_00155d119707,unknown,Ajman,unknown,unknown,unknown,unknown,unknown,unknown,unknown,unknown,unknown,25.3222866,56.0055886,https://prodadmin-aqaar.realcube.estate/api/globalSearch?search=Al%20Manama%20New%20Shops&pageNumber=1&pageSize=100,2026-06-24,0.68
48b8dd4b_0ad1_e811_a2b8_00155d119707,unknown,Ajman,unknown,unknown,unknown,unknown,unknown,unknown,unknown,unknown,unknown,25.3222866,56.0055886,https://prodadmin-aqaar.realcube.estate/api/globalSearch?search=Al%20Manama%20Old%20Clinic&pageNumber=1&pageSize=100,2026-06-24,0.80
0ab8dd4b_0ad1_e811_a2b8_00155d119707,unknown,Ajman,unknown,unknown,unknown,unknown,unknown,unknown,unknown,unknown,unknown,25.408825,55.444151,https://prodadmin-aqaar.realcube.estate/api/globalSearch?search=Al%20Manara&pageNumber=1&pageSize=100,2026-06-24,0.80
94b8dd4b_0ad1_e811_a2b8_00155d119707,unknown,Ajman,unknown,unknown,unknown,unknown,unknown,unknown,unknown,unknown,unknown,25.4013866,55.4441827,https://prodadmin-aqaar.realcube.estate/api/globalSearch?search=Al%20Maya%20Super%20market&pageNumber=1&pageSize=100,2026-06-24,0.68
12b8dd4b_0ad1_e811_a2b8_00155d119707,unknown,Ajman,unknown,unknown,unknown,unknown,unknown,unknown,unknown,unknown,unknown,25.405467,55.441317,https://prodadmin-aqaar.realcube.estate/api/globalSearch?search=Al%20Monaliza&pageNumber=1&pageSize=100,2026-06-24,0.80
b2b8dd4b_0ad1_e811_a2b8_00155d119707,unknown,Ajman,unknown,unknown,unknown,unknown,unknown,unknown,unknown,unknown,unknown,25.40963,55.445307,https://prodadmin-aqaar.realcube.estate/api/globalSearch?search=Al%20Musalla%20%20Building%20(Kempinski)&pageNumber=1&pageSize=100,2026-06-24,0.80
00b8dd4b_0ad1_e811_a2b8_00155d119707,unknown,Ajman,unknown,unknown,unknown,unknown,unknown,unknown,unknown,unknown,unknown,25.414269,55.444668,https://prodadmin-aqaar.realcube.estate/api/globalSearch?search=Al%20Muthaf&pageNumber=1&pageSize=100,2026-06-24,0.80
fcb7dd4b_0ad1_e811_a2b8_00155d119707,Nakheel 1,Ajman,Nakheel 1,Nakheel 1,unknown,unknown,unknown,unknown,unknown,unknown,unknown,25.413572,55.441983,https://prodadmin-aqaar.realcube.estate/api/globalSearch?search=Al%20Nakheel%201&pageNumber=1&pageSize=100,2026-06-24,0.80
29eb4220_c77d_ec11_a2ca_00155d119619,Nakheel 2,Ajman,Nakheel 2,Nakheel 2,unknown,unknown,unknown,unknown,unknown,unknown,unknown,25.404108,55.439417,https://prodadmin-aqaar.realcube.estate/api/globalSearch?search=Al%20Nakheel%202&pageNumber=1&pageSize=100,2026-06-24,0.80
06b8dd4b_0ad1_e811_a2b8_00155d119707,unknown,Ajman,unknown,unknown,unknown,unknown,unknown,unknown,unknown,unknown,unknown,25.412308,55.443788,https://prodadmin-aqaar.realcube.estate/api/globalSearch?search=Al%20Nasr&pageNumber=1&pageSize=100,2026-06-24,0.80
28b8dd4b_0ad1_e811_a2b8_00155d119707,unknown,Ajman,unknown,unknown,unknown,unknown,unknown,unknown,unknown,unknown,unknown,25.390234,55.439845,https://prodadmin-aqaar.realcube.estate/api/globalSearch?search=Al%20Nuaimia%20Complex&pageNumber=1&pageSize=100,2026-06-24,0.80
9eb8dd4b_0ad1_e811_a2b8_00155d119707,unknown,Ajman,unknown,unknown,unknown,unknown,unknown,unknown,unknown,unknown,unknown,25.390018,55.448092,https://prodadmin-aqaar.realcube.estate/api/globalSearch?search=Al%20Ofoq%20Tower&pageNumber=1&pageSize=100,2026-06-24,0.80
98b8dd4b_0ad1_e811_a2b8_00155d119707,unknown,Ajman,unknown,unknown,unknown,unknown,unknown,unknown,unknown,unknown,unknown,unknown,unknown,https://prodadmin-aqaar.realcube.estate/api/globalSearch?search=Al%20Quds%20Villa&pageNumber=1&pageSize=100,2026-06-24,0.68
cc16b230_d81e_ee11_a2be_00155d119f33,unknown,Ajman,unknown,unknown,unknown,unknown,unknown,unknown,unknown,unknown,unknown,unknown,unknown,https://prodadmin-aqaar.realcube.estate/api/globalSearch?search=Al%20Ras&pageNumber=1&pageSize=100,2026-06-24,0.68
88c9f0b0_29ea_f011_8406_70a8a5211049,unknown,Ajman,unknown,unknown,unknown,unknown,unknown,unknown,unknown,unknown,unknown,unknown,unknown,https://prodadmin-aqaar.realcube.estate/api/globalSearch?search=Al%20Refaa&pageNumber=1&pageSize=100,2026-06-24,0.60
f0d34484_309f_ee11_a2bf_00155d119841,Rumaila 1,Ajman,Rumaila 1,Rumaila 1,unknown,unknown,unknown,unknown,unknown,unknown,unknown,25.401353949170037,55.43388024553958,https://prodadmin-aqaar.realcube.estate/api/globalSearch?search=Al%20Rumaila%201&pageNumber=1&pageSize=100,2026-06-24,0.80
18b8dd4b_0ad1_e811_a2b8_00155d119707,Rumaila 1,Ajman,Rumaila 1,Rumaila 1,unknown,unknown,unknown,unknown,unknown,unknown,unknown,25.4042778,55.43552,https://prodadmin-aqaar.realcube.estate/api/globalSearch?search=Al%20Rumailah&pageNumber=1&pageSize=100,2026-06-24,0.80
86b8dd4b_0ad1_e811_a2b8_00155d119707,Rumaila 1,Ajman,Rumaila 1,Rumaila 1,unknown,unknown,unknown,unknown,unknown,unknown,unknown,25.4019146,55.4332886,https://prodadmin-aqaar.realcube.estate/api/globalSearch?search=Al%20Rumailah%20New%20Villas&pageNumber=1&pageSize=100,2026-06-24,0.80
11f6f9c7_d27d_ec11_a2ca_00155d119619,unknown,Ajman,unknown,unknown,unknown,unknown,unknown,unknown,unknown,unknown,unknown,unknown,unknown,https://prodadmin-aqaar.realcube.estate/api/globalSearch?search=Al%20Sediq&pageNumber=1&pageSize=100,2026-06-24,0.80
32b8dd4b_0ad1_e811_a2b8_00155d119707,unknown,Ajman,unknown,unknown,unknown,unknown,unknown,unknown,unknown,unknown,unknown,25.398945,55.482374,https://prodadmin-aqaar.realcube.estate/api/globalSearch?search=Al%20Shahba&pageNumber=1&pageSize=100,2026-06-24,0.86
90b8dd4b_0ad1_e811_a2b8_00155d119707,unknown,Abu Dhabi,unknown,unknown,unknown,unknown,unknown,unknown,unknown,unknown,unknown,24.4746348,54.342818,https://prodadmin-aqaar.realcube.estate/api/globalSearch?search=Al%20Sheikh%20Humaid%20Building%20(Abu-Dhabi)&pageNumber=1&pageSize=100,2026-06-24,0.80
b4b8dd4b_0ad1_e811_a2b8_00155d119707,unknown,Abu Dhabi,unknown,unknown,unknown,unknown,unknown,unknown,unknown,unknown,unknown,24.477298,54.366572,https://prodadmin-aqaar.realcube.estate/api/globalSearch?search=Al%20Sheikha%20Fatima%20Building%20(Abu-Dhabi)&pageNumber=1&pageSize=100,2026-06-24,0.80
44f00817_9e49_eb11_a2c6_00155d119619,unknown,Ajman,unknown,unknown,unknown,unknown,unknown,unknown,unknown,unknown,unknown,25.389509,55.468506,https://prodadmin-aqaar.realcube.estate/api/globalSearch?search=Al%20Shorouq&pageNumber=1&pageSize=100,2026-06-24,0.80
0eb8dd4b_0ad1_e811_a2b8_00155d119707,unknown,Ajman,unknown,unknown,unknown,unknown,unknown,unknown,unknown,unknown,unknown,25.404027,55.440389,https://prodadmin-aqaar.realcube.estate/api/globalSearch?search=Al%20Suwan&pageNumber=1&pageSize=100,2026-06-24,0.80
10b8dd4b_0ad1_e811_a2b8_00155d119707,unknown,Ajman,unknown,unknown,unknown,unknown,unknown,unknown,unknown,unknown,unknown,25.406293,55.440699,https://prodadmin-aqaar.realcube.estate/api/globalSearch?search=Al%20Tameer&pageNumber=1&pageSize=100,2026-06-24,0.80
a8b8dd4b_0ad1_e811_a2b8_00155d119707,unknown,Ajman,unknown,unknown,unknown,unknown,unknown,unknown,unknown,unknown,unknown,25.393043,55.433179,https://prodadmin-aqaar.realcube.estate/api/globalSearch?search=Al%20Thuraya%201&pageNumber=1&pageSize=100,2026-06-24,0.80
aab8dd4b_0ad1_e811_a2b8_00155d119707,unknown,Ajman,unknown,unknown,unknown,unknown,unknown,unknown,unknown,unknown,unknown,25.393106,55.433668,https://prodadmin-aqaar.realcube.estate/api/globalSearch?search=Al%20Thuraya%202&pageNumber=1&pageSize=100,2026-06-24,0.80
acb8dd4b_0ad1_e811_a2b8_00155d119707,unknown,Ajman,unknown,unknown,unknown,unknown,unknown,unknown,unknown,unknown,unknown,25.393412,55.433171,https://prodadmin-aqaar.realcube.estate/api/globalSearch?search=Al%20Thuraya%203&pageNumber=1&pageSize=100,2026-06-24,0.80
42b8dd4b_0ad1_e811_a2b8_00155d119707,unknown,Ajman,unknown,unknown,unknown,unknown,unknown,unknown,unknown,unknown,unknown,25.396183,55.483812,https://prodadmin-aqaar.realcube.estate/api/globalSearch?search=Al%20Yasmeen%20%20Complex&pageNumber=1&pageSize=100,2026-06-24,0.86
beabdf96_e122_e911_a2b8_00155d119707,unknown,Ajman,unknown,unknown,unknown,unknown,unknown,unknown,unknown,unknown,unknown,25.399147,55.440736,https://prodadmin-aqaar.realcube.estate/api/globalSearch?search=Al%20Zahir&pageNumber=1&pageSize=100,2026-06-24,0.80
02b8dd4b_0ad1_e811_a2b8_00155d119707,unknown,Ajman,unknown,unknown,unknown,unknown,unknown,unknown,unknown,unknown,unknown,25.416648,55.444269,https://prodadmin-aqaar.realcube.estate/api/globalSearch?search=Al%20Zahra%20Complex&pageNumber=1&pageSize=100,2026-06-24,0.80
6c1c103f_f0f0_ea11_a2c4_00155d119619,unknown,Ajman,unknown,unknown,unknown,unknown,unknown,unknown,unknown,unknown,unknown,25.393745,55.457341,https://prodadmin-aqaar.realcube.estate/api/globalSearch?search=Al-Khour%20Tower%20C&pageNumber=1&pageSize=100,2026-06-24,0.80
eeb7dd4b_0ad1_e811_a2b8_00155d119707,unknown,Ajman,unknown,unknown,unknown,unknown,unknown,unknown,unknown,unknown,unknown,unknown,unknown,https://prodadmin-aqaar.realcube.estate/api/globalSearch?search=AL-Khour%20Towers&pageNumber=1&pageSize=100,2026-06-24,0.80
88b8dd4b_0ad1_e811_a2b8_00155d119707,unknown,Ajman,unknown,unknown,unknown,unknown,unknown,unknown,unknown,unknown,unknown,25.4031616,55.4408281,https://prodadmin-aqaar.realcube.estate/api/globalSearch?search=Amina%20Hospital&pageNumber=1&pageSize=100,2026-06-24,0.60
98de02ed_2222_e911_a2b8_00155d119707,unknown,Ajman,unknown,unknown,unknown,unknown,unknown,unknown,unknown,unknown,unknown,25.3924655,55.3627318,https://prodadmin-aqaar.realcube.estate/api/globalSearch?search=Aqaar%20Offices&pageNumber=1&pageSize=100,2026-06-24,0.60
1ab8dd4b_0ad1_e811_a2b8_00155d119707,unknown,Ajman,unknown,unknown,unknown,unknown,unknown,unknown,unknown,unknown,unknown,25.391301,55.440565,https://prodadmin-aqaar.realcube.estate/api/globalSearch?search=Asayel%201&pageNumber=1&pageSize=100,2026-06-24,0.80
a0b8dd4b_0ad1_e811_a2b8_00155d119707,unknown,Ajman,unknown,unknown,unknown,unknown,unknown,unknown,unknown,unknown,unknown,25.391202,55.44019,https://prodadmin-aqaar.realcube.estate/api/globalSearch?search=Asayel%202&pageNumber=1&pageSize=100,2026-06-24,0.80
c05d8b0f_bab9_e911_a2bb_00155d119619,unknown,Ajman,unknown,unknown,unknown,unknown,unknown,unknown,unknown,unknown,unknown,unknown,unknown,https://prodadmin-aqaar.realcube.estate/api/globalSearch?search=Beach%20Residence&pageNumber=1&pageSize=100,2026-06-24,0.68
5cb8dd4b_0ad1_e811_a2b8_00155d119707,unknown,Ajman,unknown,unknown,unknown,unknown,unknown,unknown,unknown,unknown,unknown,25.4063808,55.4460024,https://prodadmin-aqaar.realcube.estate/api/globalSearch?search=Bloomington%20School&pageNumber=1&pageSize=100,2026-06-24,0.60
64b8dd4b_0ad1_e811_a2b8_00155d119707,unknown,Ajman,unknown,unknown,unknown,unknown,unknown,unknown,unknown,unknown,unknown,25.3555014,55.4451935,https://prodadmin-aqaar.realcube.estate/api/globalSearch?search=British%20International%20School&pageNumber=1&pageSize=100,2026-06-24,0.60
54b8dd4b_0ad1_e811_a2b8_00155d119707,unknown,Ajman,unknown,unknown,unknown,unknown,unknown,unknown,unknown,unknown,unknown,unknown,unknown,https://prodadmin-aqaar.realcube.estate/api/globalSearch?search=Building%20materials%20Factory&pageNumber=1&pageSize=100,2026-06-24,0.60
30b8dd4b_0ad1_e811_a2b8_00155d119707,unknown,Ajman,unknown,unknown,unknown,unknown,unknown,unknown,unknown,unknown,unknown,25.3907144,55.4399602,https://prodadmin-aqaar.realcube.estate/api/globalSearch?search=City%20Towers&pageNumber=1&pageSize=100,2026-06-24,0.80
04b8dd4b_0ad1_e811_a2b8_00155d119707,unknown,Ajman,unknown,unknown,unknown,unknown,unknown,unknown,unknown,unknown,unknown,25.4100383,55.4434264,https://prodadmin-aqaar.realcube.estate/api/globalSearch?search=Commercial%20Complex&pageNumber=1&pageSize=100,2026-06-24,0.80
16b8dd4b_0ad1_e811_a2b8_00155d119707,Ajman Corniche,Ajman,Ajman Corniche,Ajman Corniche,Ajman Corniche,unknown,unknown,unknown,Ajman Corniche waterfront,unknown,unknown,25.4025391,55.4294356,https://prodadmin-aqaar.realcube.estate/api/globalSearch?search=Corniche%20Tower&pageNumber=1&pageSize=100,2026-06-24,0.80
301c3301_382a_eb11_a2c5_00155d119619,unknown,Ajman,unknown,unknown,unknown,unknown,unknown,unknown,unknown,unknown,unknown,25.4145508,55.5284665,https://prodadmin-aqaar.realcube.estate/api/globalSearch?search=Crown%20Private&pageNumber=1&pageSize=100,2026-06-24,0.60
aeb8dd4b_0ad1_e811_a2b8_00155d119707,unknown,Ajman,unknown,unknown,unknown,unknown,unknown,unknown,unknown,unknown,unknown,25.392008,55.432314,https://prodadmin-aqaar.realcube.estate/api/globalSearch?search=Crystal&pageNumber=1&pageSize=100,2026-06-24,0.80
38b8dd4b_0ad1_e811_a2b8_00155d119707,unknown,Ajman,unknown,unknown,unknown,unknown,unknown,unknown,unknown,unknown,unknown,25.392169,55.432306,https://prodadmin-aqaar.realcube.estate/api/globalSearch?search=Crystal%201&pageNumber=1&pageSize=100,2026-06-24,0.80
eab7dd4b_0ad1_e811_a2b8_00155d119707,unknown,Ajman,unknown,unknown,unknown,unknown,unknown,unknown,unknown,unknown,unknown,25.415972,55.442656,https://prodadmin-aqaar.realcube.estate/api/globalSearch?search=Dewan%20Towers&pageNumber=1&pageSize=100,2026-06-24,0.80
836256dc_a305_f111_8407_70a8a5232028,Ajman Corniche,Ajman,Ajman Corniche,Ajman Corniche,Ajman Corniche,unknown,unknown,unknown,Ajman Corniche waterfront,unknown,unknown,unknown,unknown,https://www.aqaar.com/dusit-thani,2026-06-24,0.76
14b8dd4b_0ad1_e811_a2b8_00155d119707,unknown,Ajman,unknown,unknown,unknown,unknown,unknown,unknown,unknown,unknown,unknown,25.39907,55.4488644,https://prodadmin-aqaar.realcube.estate/api/globalSearch?search=Falcon%20Towers&pageNumber=1&pageSize=100,2026-06-24,0.80
34b8dd4b_0ad1_e811_a2b8_00155d119707,unknown,Ajman,unknown,unknown,unknown,unknown,unknown,unknown,unknown,unknown,unknown,25.422889,55.492602,https://prodadmin-aqaar.realcube.estate/api/globalSearch?search=Flamingo%20Building&pageNumber=1&pageSize=100,2026-06-24,0.80
36b8dd4b_0ad1_e811_a2b8_00155d119707,unknown,Ajman,unknown,unknown,unknown,unknown,unknown,unknown,unknown,unknown,unknown,25.422889,55.492602,https://prodadmin-aqaar.realcube.estate/api/globalSearch?search=Flamingo%20Villas&pageNumber=1&pageSize=100,2026-06-24,0.80
bd3ddba0_76fe_eb11_a2c8_00155d119619,unknown,Ajman,unknown,unknown,unknown,unknown,unknown,unknown,unknown,unknown,unknown,25.3904705,55.4687424,https://prodadmin-aqaar.realcube.estate/api/globalSearch?search=Galleria%20Mall&pageNumber=1&pageSize=100,2026-06-24,0.60
7d307ab5_a6a9_ea11_a2c3_00155d119619,unknown,Ajman,unknown,unknown,unknown,unknown,unknown,unknown,unknown,unknown,unknown,25.4043442,55.5051767,https://prodadmin-aqaar.realcube.estate/api/globalSearch?search=Garden%20City&pageNumber=1&pageSize=100,2026-06-24,0.80
e4b7dd4b_0ad1_e811_a2b8_00155d119707,unknown,Ajman,unknown,unknown,unknown,unknown,unknown,unknown,unknown,unknown,unknown,25.3925314,55.4386795,https://prodadmin-aqaar.realcube.estate/api/globalSearch?search=Grand&pageNumber=1&pageSize=100,2026-06-24,0.86
92b8dd4b_0ad1_e811_a2b8_00155d119707,unknown,Ajman,unknown,unknown,unknown,unknown,unknown,unknown,unknown,unknown,unknown,25.3899131,55.4561359,https://prodadmin-aqaar.realcube.estate/api/globalSearch?search=Gulfa%20Warehouses&pageNumber=1&pageSize=100,2026-06-24,0.60
58b8dd4b_0ad1_e811_a2b8_00155d119707,unknown,Ajman,unknown,unknown,unknown,unknown,unknown,unknown,unknown,unknown,unknown,25.3854902,55.4923502,https://prodadmin-aqaar.realcube.estate/api/globalSearch?search=Habitat%20School&pageNumber=1&pageSize=100,2026-06-24,0.60
f4b7dd4b_0ad1_e811_a2b8_00155d119707,unknown,Ajman,unknown,unknown,unknown,unknown,unknown,unknown,unknown,unknown,unknown,25.3943883,55.4546228,https://prodadmin-aqaar.realcube.estate/api/globalSearch?search=Horizon%20Towers&pageNumber=1&pageSize=100,2026-06-24,0.80
b984f548_ab76_f011_a2e0_00155d119f38,unknown,Ajman,unknown,unknown,unknown,unknown,unknown,unknown,unknown,unknown,unknown,unknown,unknown,https://prodadmin-aqaar.realcube.estate/api/globalSearch?search=Horizon%20University&pageNumber=1&pageSize=100,2026-06-24,0.60
50b8dd4b_0ad1_e811_a2b8_00155d119707,Masfout,Ajman,Masfout,Masfout,unknown,unknown,unknown,unknown,unknown,unknown,unknown,24.8191651,56.0701148,https://prodadmin-aqaar.realcube.estate/api/globalSearch?search=Houses%20and%20Flats%20Masfoot&pageNumber=1&pageSize=100,2026-06-24,0.80
5ab8dd4b_0ad1_e811_a2b8_00155d119707,unknown,Ajman,unknown,unknown,unknown,unknown,unknown,unknown,unknown,unknown,unknown,25.388406,55.4281439,https://prodadmin-aqaar.realcube.estate/api/globalSearch?search=Indian%20International%20School%201&pageNumber=1&pageSize=100,2026-06-24,0.60
8ab8dd4b_0ad1_e811_a2b8_00155d119707,unknown,Ajman,unknown,unknown,unknown,unknown,unknown,unknown,unknown,unknown,unknown,unknown,unknown,https://prodadmin-aqaar.realcube.estate/api/globalSearch?search=Industrial%20area%20-1&pageNumber=1&pageSize=100,2026-06-24,0.60
8eb8dd4b_0ad1_e811_a2b8_00155d119707,unknown,Ajman,unknown,unknown,unknown,unknown,unknown,unknown,unknown,unknown,unknown,unknown,unknown,https://prodadmin-aqaar.realcube.estate/api/globalSearch?search=Industrial%20area%20-20&pageNumber=1&pageSize=100,2026-06-24,0.60
8cb8dd4b_0ad1_e811_a2b8_00155d119707,Industrial area - 3,Ajman,Industrial area - 3,Industrial area - 3,unknown,unknown,unknown,unknown,unknown,unknown,unknown,unknown,unknown,https://prodadmin-aqaar.realcube.estate/api/globalSearch?search=Industrial%20area%20-3&pageNumber=1&pageSize=100,2026-06-24,0.60
8dc5f8f8_ebb3_ec11_a2bf_00155d119927,unknown,Ajman,unknown,unknown,unknown,unknown,unknown,unknown,unknown,unknown,unknown,unknown,unknown,https://prodadmin-aqaar.realcube.estate/api/globalSearch?search=industrial%20area%202&pageNumber=1&pageSize=100,2026-06-24,0.60
8daed8f6_bd22_e911_a2b8_00155d119707,unknown,Ajman,unknown,unknown,unknown,unknown,unknown,unknown,unknown,unknown,unknown,unknown,unknown,https://prodadmin-aqaar.realcube.estate/api/globalSearch?search=Labor%20Accommodation&pageNumber=1&pageSize=100,2026-06-24,0.60
30485a5c_911e_ec11_a2c8_00155d119619,unknown,Ajman,unknown,unknown,unknown,unknown,unknown,unknown,unknown,unknown,unknown,25.3912176,55.5735183,https://prodadmin-aqaar.realcube.estate/api/globalSearch?search=Lake%20Tower%20C4&pageNumber=1&pageSize=100,2026-06-24,0.60
9ab8dd4b_0ad1_e811_a2b8_00155d119707,Liwara 1,Ajman,Liwara 1,Liwara 1,unknown,unknown,unknown,unknown,unknown,unknown,unknown,25.40556,55.445818,https://prodadmin-aqaar.realcube.estate/api/globalSearch?search=Lewara&pageNumber=1&pageSize=100,2026-06-24,0.80
4cb8dd4b_0ad1_e811_a2b8_00155d119707,unknown,Ajman,unknown,unknown,unknown,unknown,unknown,unknown,unknown,unknown,unknown,unknown,unknown,https://prodadmin-aqaar.realcube.estate/api/globalSearch?search=Manama%20Flats&pageNumber=1&pageSize=100,2026-06-24,0.80
4eb8dd4b_0ad1_e811_a2b8_00155d119707,unknown,Ajman,unknown,unknown,unknown,unknown,unknown,unknown,unknown,unknown,unknown,unknown,unknown,https://prodadmin-aqaar.realcube.estate/api/globalSearch?search=Manama%20Shops&pageNumber=1&pageSize=100,2026-06-24,0.68
7ab8dd4b_0ad1_e811_a2b8_00155d119707,Ajman,Ajman,Ajman,Ajman,unknown,unknown,unknown,unknown,unknown,unknown,unknown,unknown,unknown,https://prodadmin-aqaar.realcube.estate/api/globalSearch?search=Manama%20Wedding%20Hall%20(Ajman%20Society)&pageNumber=1&pageSize=100,2026-06-24,0.60
84b8dd4b_0ad1_e811_a2b8_00155d119707,Masfout,Ajman,Masfout,Masfout,unknown,unknown,unknown,unknown,unknown,unknown,unknown,25.32375684369029,56.00780159452503,https://prodadmin-aqaar.realcube.estate/api/globalSearch?search=Masfoot%20Buildings&pageNumber=1&pageSize=100,2026-06-24,0.80
a736c16e_313f_e911_a2b9_00155d119910,Masfout,Ajman,Masfout,Masfout,unknown,unknown,unknown,unknown,unknown,unknown,unknown,25.4090686,55.4411888,https://prodadmin-aqaar.realcube.estate/api/globalSearch?search=Masfoot%20Plaza&pageNumber=1&pageSize=100,2026-06-24,0.76
ed194b08_59aa_f011_a2e0_00155d119f3e,Ajman Corniche,Ajman,Ajman Corniche,Ajman Corniche,Ajman Corniche,unknown,unknown,unknown,Ajman Corniche waterfront,unknown,unknown,unknown,unknown,https://www.aqaar.com/mawjan,2026-06-24,0.76
fcb24d18_ff7d_ee11_a2bf_00155d119f33,unknown,Ajman,unknown,unknown,unknown,unknown,unknown,unknown,unknown,unknown,unknown,25.4157706,55.5293108,https://prodadmin-aqaar.realcube.estate/api/globalSearch?search=Metropolitan%20International%20Indian%20Private%20School&pageNumber=1&pageSize=100,2026-06-24,0.60
dd64d3c4_e079_ed11_a2ba_00155d119841,Ajman,Ajman,Ajman,Ajman,unknown,unknown,unknown,unknown,unknown,unknown,unknown,25.4395552,55.530421,https://prodadmin-aqaar.realcube.estate/api/globalSearch?search=Mortuary%20in%20Ajman%20Cemetery&pageNumber=1&pageSize=100,2026-06-24,0.60
52b8dd4b_0ad1_e811_a2b8_00155d119707,unknown,Ajman,unknown,unknown,unknown,unknown,unknown,unknown,unknown,unknown,unknown,25.3998966,55.4588738,https://prodadmin-aqaar.realcube.estate/api/globalSearch?search=Musheirif%20Shops&pageNumber=1&pageSize=100,2026-06-24,0.68
b514b2db_08f8_ea11_a2c5_00155d119619,Musherif,Ajman,Musherif,Musherif,unknown,unknown,unknown,unknown,unknown,unknown,unknown,25.4005803,55.467267,https://prodadmin-aqaar.realcube.estate/api/globalSearch?search=Musherif%20Villas&pageNumber=1&pageSize=100,2026-06-24,0.80
f8b7dd4b_0ad1_e811_a2b8_00155d119707,unknown,Ajman,unknown,unknown,unknown,unknown,unknown,unknown,unknown,unknown,unknown,unknown,unknown,https://prodadmin-aqaar.realcube.estate/api/globalSearch?search=New%20Gold%20Market&pageNumber=1&pageSize=100,2026-06-24,0.72
e9afbd0c_b405_ee11_a2bc_00155d119841,Musherif,Ajman,Musherif,Musherif,unknown,unknown,unknown,unknown,unknown,unknown,unknown,25.4149404,55.4652082,https://prodadmin-aqaar.realcube.estate/api/globalSearch?search=New%20Musherif%20Villas&pageNumber=1&pageSize=100,2026-06-24,0.72
bb57baca_fa02_ef11_a2c0_00155d119841,unknown,Ajman,unknown,unknown,unknown,unknown,unknown,unknown,unknown,unknown,unknown,25.4180207,55.5294738,https://prodadmin-aqaar.realcube.estate/api/globalSearch?search=North%20Gate%20British%20School&pageNumber=1&pageSize=100,2026-06-24,0.60
f0b7dd4b_0ad1_e811_a2b8_00155d119707,unknown,Ajman,unknown,unknown,unknown,unknown,unknown,unknown,unknown,unknown,unknown,25.3861778,55.4586772,https://prodadmin-aqaar.realcube.estate/api/globalSearch?search=Nuaiemiyah%20Towers&pageNumber=1&pageSize=100,2026-06-24,0.80
ea381dec_0c0f_ed11_a2bb_00155d119f33,Nuaimeya 3,Ajman,Nuaimeya 3,Nuaimeya 3,unknown,unknown,unknown,unknown,unknown,unknown,unknown,unknown,unknown,https://prodadmin-aqaar.realcube.estate/api/globalSearch?search=Nuaimeya%203&pageNumber=1&pageSize=100,2026-06-24,0.68
70b8dd4b_0ad1_e811_a2b8_00155d119707,unknown,Ajman,unknown,unknown,unknown,unknown,unknown,unknown,unknown,unknown,unknown,25.392604,55.472062,https://prodadmin-aqaar.realcube.estate/api/globalSearch?search=Old%20Civil%20Defense%20(Middle%20East%20)&pageNumber=1&pageSize=100,2026-06-24,0.60
fab7dd4b_0ad1_e811_a2b8_00155d119707,unknown,Ajman,unknown,unknown,unknown,unknown,unknown,unknown,unknown,unknown,unknown,unknown,unknown,https://prodadmin-aqaar.realcube.estate/api/globalSearch?search=Old%20Gold%20Market&pageNumber=1&pageSize=100,2026-06-24,0.72
0cb8dd4b_0ad1_e811_a2b8_00155d119707,unknown,Ajman,unknown,unknown,unknown,unknown,unknown,unknown,unknown,unknown,unknown,25.4028244,55.4400826,https://prodadmin-aqaar.realcube.estate/api/globalSearch?search=Old%20Quds&pageNumber=1&pageSize=100,2026-06-24,0.80
bd8bd1e6_0420_e911_a2b8_00155d119707,unknown,Ajman,unknown,unknown,unknown,unknown,unknown,unknown,unknown,unknown,unknown,25.4044917,55.4511638,https://prodadmin-aqaar.realcube.estate/api/globalSearch?search=Orient%20Towers&pageNumber=1&pageSize=100,2026-06-24,0.80
6cb8dd4b_0ad1_e811_a2b8_00155d119707,unknown,Ajman,unknown,unknown,unknown,unknown,unknown,unknown,unknown,unknown,unknown,unknown,unknown,https://prodadmin-aqaar.realcube.estate/api/globalSearch?search=Preston%20shops&pageNumber=1&pageSize=100,2026-06-24,0.64
1be2d3a1_dee9_ef11_a2ce_00155d119747,unknown,Ajman,unknown,unknown,unknown,unknown,unknown,unknown,unknown,unknown,unknown,unknown,unknown,https://prodadmin-aqaar.realcube.estate/api/globalSearch?search=Rashidia%202&pageNumber=1&pageSize=100,2026-06-24,0.60
f2b7dd4b_0ad1_e811_a2b8_00155d119707,unknown,Ajman,unknown,unknown,unknown,unknown,unknown,unknown,unknown,unknown,unknown,25.3953086,55.4515205,https://prodadmin-aqaar.realcube.estate/api/globalSearch?search=Rashidia%20Towers&pageNumber=1&pageSize=100,2026-06-24,0.80
46b8dd4b_0ad1_e811_a2b8_00155d119707,unknown,Ajman,unknown,unknown,unknown,unknown,unknown,unknown,unknown,unknown,unknown,unknown,unknown,https://prodadmin-aqaar.realcube.estate/api/globalSearch?search=Rawdat%20Al%20Reef%20Flats%20%26%20Shops&pageNumber=1&pageSize=100,2026-06-24,0.80
5eb8dd4b_0ad1_e811_a2b8_00155d119707,unknown,Ajman,unknown,unknown,unknown,unknown,unknown,unknown,unknown,unknown,unknown,25.4032495,55.5199169,https://prodadmin-aqaar.realcube.estate/api/globalSearch?search=Royal%20Academic%20School&pageNumber=1&pageSize=100,2026-06-24,0.60
ceba2b44_2322_e911_a2b8_00155d119707,unknown,Ajman,unknown,unknown,unknown,unknown,unknown,unknown,unknown,unknown,unknown,25.429185,55.5288204,https://prodadmin-aqaar.realcube.estate/api/globalSearch?search=Royal%20Palaces&pageNumber=1&pageSize=100,2026-06-24,0.60
d6e426c5_e7c4_ee11_a2bf_00155d119841,unknown,Ajman,unknown,unknown,unknown,unknown,unknown,unknown,unknown,unknown,unknown,unknown,unknown,https://prodadmin-aqaar.realcube.estate/api/globalSearch?search=Settlement%20Project&pageNumber=1&pageSize=100,2026-06-24,0.60
4ab8dd4b_0ad1_e811_a2b8_00155d119707,unknown,Ajman,unknown,unknown,unknown,unknown,unknown,unknown,unknown,unknown,unknown,unknown,unknown,https://prodadmin-aqaar.realcube.estate/api/globalSearch?search=Traditional%20Houses%20-%20Al%20Manama&pageNumber=1&pageSize=100,2026-06-24,0.80
2a3a3b61_bd9f_ee11_a2bf_00155d119841,unknown,Ajman,unknown,unknown,unknown,unknown,unknown,unknown,unknown,unknown,unknown,25.4130459,55.4705591,https://prodadmin-aqaar.realcube.estate/api/globalSearch?search=UM%20Khalaad%20School%20For%20Basic%20Education%20C-1&pageNumber=1&pageSize=100,2026-06-24,0.60
cab8dd4b_0ad1_e811_a2b8_00155d119707,unknown,Ajman,unknown,unknown,unknown,unknown,unknown,unknown,unknown,unknown,unknown,25.4020359,55.5040687,https://prodadmin-aqaar.realcube.estate/api/globalSearch?search=Waqf%20Thamer%20Saied%20Salman%20(University)&pageNumber=1&pageSize=100,2026-06-24,0.64
5a6d07a8_f7e1_ea11_a2c4_00155d119619,unknown,Ajman,unknown,unknown,unknown,unknown,unknown,unknown,unknown,unknown,unknown,unknown,unknown,https://prodadmin-aqaar.realcube.estate/api/globalSearch?search=Water%20Treatment%20Plant&pageNumber=1&pageSize=100,2026-06-24,0.60
62b8dd4b_0ad1_e811_a2b8_00155d119707,unknown,Ajman,unknown,unknown,unknown,unknown,unknown,unknown,unknown,unknown,unknown,25.3843181,55.5287715,https://prodadmin-aqaar.realcube.estate/api/globalSearch?search=Wood%20Lem%20Park%20School&pageNumber=1&pageSize=100,2026-06-24,0.60
