unit_id,property_id,property_name,unit_type,bedrooms_min,bedrooms_max,bathrooms_min,bathrooms_max,area_min_sqft,area_max_sqft,price_min,price_max,currency,payment_plan,down_payment,installment_years,availability_status,price_status,price_source,last_verified,confidence_score
60b8dd4b_0ad1_e811_a2b8_00155d119707_inventory,60b8dd4b_0ad1_e811_a2b8_00155d119707,Ajman American International School,Education,unknown,unknown,unknown,unknown,unknown,unknown,unknown,unknown,unknown,unknown,unknown,unknown,active,unknown,https://prodadmin-aqaar.realcube.estate/api/globalSearch?search=Ajman%20American%20International%20School&pageNumber=1&pageSize=100,2026-06-24,0.60
ccb8dd4b_0ad1_e811_a2b8_00155d119707_inventory,ccb8dd4b_0ad1_e811_a2b8_00155d119707,Ajman Corniche Residences,Commercial,unknown,unknown,unknown,unknown,unknown,unknown,236000,236000,AED,unknown,unknown,unknown,sold_out,official_published_start_price,https://prodadmin-aqaar.realcube.estate/api/globalSearch?search=Ajman%20Corniche%20Residences&pageNumber=1&pageSize=100,2026-06-24,0.80
2eb8dd4b_0ad1_e811_a2b8_00155d119707_inventory,2eb8dd4b_0ad1_e811_a2b8_00155d119707,Ajman One,Commercial,unknown,unknown,unknown,unknown,unknown,unknown,263000,263000,AED,unknown,unknown,unknown,sold_out,official_published_start_price,https://prodadmin-aqaar.realcube.estate/api/globalSearch?search=Ajman%20One&pageNumber=1&pageSize=100,2026-06-24,0.80
22796319_20da_ee11_a2bf_00155d119841_inventory,22796319_20da_ee11_a2bf_00155d119841,Ajman One - PH II,Freehold,1,3,unknown,unknown,unknown,unknown,316000,316000,AED,5% Down payment | 1% Monthly installment,5%,1% monthly installment,active,official_published_start_price,https://www.aqaar.com/ajman-one-phase2,2026-06-24,0.94
7f307ab5_a6a9_ea11_a2c3_00155d119619_inventory,7f307ab5_a6a9_ea11_a2c3_00155d119619,Ajman Pearl,Commercial,unknown,unknown,unknown,unknown,unknown,unknown,183500,183500,AED,unknown,unknown,unknown,sold_out,official_published_start_price,https://prodadmin-aqaar.realcube.estate/api/globalSearch?search=Ajman%20Pearl&pageNumber=1&pageSize=100,2026-06-24,0.80
66b8dd4b_0ad1_e811_a2b8_00155d119707_inventory,66b8dd4b_0ad1_e811_a2b8_00155d119707,Ajman Society Cooperative (Rumailah),Commercial,unknown,unknown,unknown,unknown,unknown,unknown,unknown,unknown,unknown,unknown,unknown,unknown,active,unknown,https://prodadmin-aqaar.realcube.estate/api/globalSearch?search=Ajman%20Society%20Cooperative%20(Rumailah)&pageNumber=1&pageSize=100,2026-06-24,0.60
2a565476_ed0f_ee11_a2be_00155d119f33_inventory,2a565476_ed0f_ee11_a2be_00155d119f33,Ajman Uptown,Commercial,unknown,unknown,unknown,unknown,unknown,unknown,979000,979000,AED,unknown,unknown,unknown,active,official_published_start_price,https://prodadmin-aqaar.realcube.estate/api/globalSearch?search=Ajman%20Uptown&pageNumber=1&pageSize=100,2026-06-24,0.72
f6b7dd4b_0ad1_e811_a2b8_00155d119707_inventory,f6b7dd4b_0ad1_e811_a2b8_00155d119707,Al Andalus 4,Commercial,1,3,unknown,unknown,unknown,unknown,20000,20000,AED,unknown,unknown,unknown,active,official_published_start_price,https://prodadmin-aqaar.realcube.estate/api/globalSearch?search=Al%20Andalus%204&pageNumber=1&pageSize=100,2026-06-24,0.80
96b8dd4b_0ad1_e811_a2b8_00155d119707_inventory,96b8dd4b_0ad1_e811_a2b8_00155d119707,Al Arabi Building,Commercial,1,3,unknown,unknown,unknown,unknown,35500,35500,AED,unknown,unknown,unknown,active,official_published_start_price,https://prodadmin-aqaar.realcube.estate/api/globalSearch?search=Al%20Arabi%20Building&pageNumber=1&pageSize=100,2026-06-24,0.80
3ab8dd4b_0ad1_e811_a2b8_00155d119707_inventory,3ab8dd4b_0ad1_e811_a2b8_00155d119707,Al Berouj 1,Commercial,1,3,unknown,unknown,unknown,unknown,19200,19200,AED,unknown,unknown,unknown,active,official_published_start_price,https://prodadmin-aqaar.realcube.estate/api/globalSearch?search=Al%20Berouj%201&pageNumber=1&pageSize=100,2026-06-24,0.80
3cb8dd4b_0ad1_e811_a2b8_00155d119707_inventory,3cb8dd4b_0ad1_e811_a2b8_00155d119707,Al Berouj 2,Commercial,0,3,unknown,unknown,unknown,unknown,15600,15600,AED,unknown,unknown,unknown,active,official_published_start_price,https://prodadmin-aqaar.realcube.estate/api/globalSearch?search=Al%20Berouj%202&pageNumber=1&pageSize=100,2026-06-24,0.80
3eb8dd4b_0ad1_e811_a2b8_00155d119707_inventory,3eb8dd4b_0ad1_e811_a2b8_00155d119707,Al Berouj 3,Commercial,0,3,unknown,unknown,unknown,unknown,15600,15600,AED,unknown,unknown,unknown,active,official_published_start_price,https://prodadmin-aqaar.realcube.estate/api/globalSearch?search=Al%20Berouj%203&pageNumber=1&pageSize=100,2026-06-24,0.80
40b8dd4b_0ad1_e811_a2b8_00155d119707_inventory,40b8dd4b_0ad1_e811_a2b8_00155d119707,Al Berouj 4,Commercial,0,3,unknown,unknown,unknown,unknown,15600,15600,AED,unknown,unknown,unknown,active,official_published_start_price,https://prodadmin-aqaar.realcube.estate/api/globalSearch?search=Al%20Berouj%204&pageNumber=1&pageSize=100,2026-06-24,0.80
ecb7dd4b_0ad1_e811_a2b8_00155d119707_inventory,ecb7dd4b_0ad1_e811_a2b8_00155d119707,Al Bustan,Commercial,1,3,unknown,unknown,unknown,unknown,36000,36000,AED,unknown,unknown,unknown,active,official_published_start_price,https://prodadmin-aqaar.realcube.estate/api/globalSearch?search=Al%20Bustan&pageNumber=1&pageSize=100,2026-06-24,0.80
08b8dd4b_0ad1_e811_a2b8_00155d119707_inventory,08b8dd4b_0ad1_e811_a2b8_00155d119707,Al Bustan Shops,Retail,unknown,unknown,unknown,unknown,unknown,unknown,unknown,unknown,unknown,unknown,unknown,unknown,active,unknown,https://prodadmin-aqaar.realcube.estate/api/globalSearch?search=Al%20Bustan%20Shops&pageNumber=1&pageSize=100,2026-06-24,0.68
e6b7dd4b_0ad1_e811_a2b8_00155d119707_inventory,e6b7dd4b_0ad1_e811_a2b8_00155d119707,Al Dana,Commercial,0,3,unknown,unknown,unknown,unknown,14400,14400,AED,unknown,unknown,unknown,active,official_published_start_price,https://prodadmin-aqaar.realcube.estate/api/globalSearch?search=Al%20Dana&pageNumber=1&pageSize=100,2026-06-24,0.80
feb7dd4b_0ad1_e811_a2b8_00155d119707_inventory,feb7dd4b_0ad1_e811_a2b8_00155d119707,Al Durra,Commercial,1,3,unknown,unknown,unknown,unknown,26400,26400,AED,unknown,unknown,unknown,active,official_published_start_price,https://prodadmin-aqaar.realcube.estate/api/globalSearch?search=Al%20Durra&pageNumber=1&pageSize=100,2026-06-24,0.80
b0b8dd4b_0ad1_e811_a2b8_00155d119707_inventory,b0b8dd4b_0ad1_e811_a2b8_00155d119707,Al Fazzan,Commercial,1,3,unknown,unknown,unknown,unknown,44000,44000,AED,unknown,unknown,unknown,active,official_published_start_price,https://prodadmin-aqaar.realcube.estate/api/globalSearch?search=Al%20Fazzan&pageNumber=1&pageSize=100,2026-06-24,0.80
f4502104_adbf_ec11_a2bf_00155d119927_inventory,f4502104_adbf_ec11_a2bf_00155d119927,Al Gharoub,Leasing,1,3,unknown,unknown,unknown,unknown,28000,28000,AED,Up to 6 Installments,unknown,up to 6 installments,active,official_published_start_price,https://prodadmin-aqaar.realcube.estate/api/globalSearch?search=Al%20Gharoub&pageNumber=1&pageSize=100,2026-06-24,0.86
5b5d5569_83e3_ef11_a2ce_00155d119747_inventory,5b5d5569_83e3_ef11_a2ce_00155d119747,Al Helio Villas,Villa,unknown,unknown,unknown,unknown,unknown,unknown,unknown,unknown,unknown,unknown,unknown,unknown,active,unknown,https://prodadmin-aqaar.realcube.estate/api/globalSearch?search=Al%20Helio%20Villas&pageNumber=1&pageSize=100,2026-06-24,0.60
2cb8dd4b_0ad1_e811_a2b8_00155d119707_inventory,2cb8dd4b_0ad1_e811_a2b8_00155d119707,Al Humaidia Show Rooms,Commercial,unknown,unknown,unknown,unknown,unknown,unknown,unknown,unknown,unknown,unknown,unknown,unknown,active,unknown,https://prodadmin-aqaar.realcube.estate/api/globalSearch?search=Al%20Humaidia%20Show%20Rooms&pageNumber=1&pageSize=100,2026-06-24,0.60
76b8dd4b_0ad1_e811_a2b8_00155d119707_inventory,76b8dd4b_0ad1_e811_a2b8_00155d119707,Al Humaidia Villa 1,Villa,unknown,unknown,unknown,unknown,unknown,unknown,108000,108000,AED,unknown,unknown,unknown,active,official_published_start_price,https://prodadmin-aqaar.realcube.estate/api/globalSearch?search=Al%20Humaidia%20Villa%201&pageNumber=1&pageSize=100,2026-06-24,0.72
78b8dd4b_0ad1_e811_a2b8_00155d119707_inventory,78b8dd4b_0ad1_e811_a2b8_00155d119707,Al Humaidia Villa 2,Villa,unknown,unknown,unknown,unknown,unknown,unknown,45000,45000,AED,unknown,unknown,unknown,active,official_published_start_price,https://prodadmin-aqaar.realcube.estate/api/globalSearch?search=Al%20Humaidia%20Villa%202&pageNumber=1&pageSize=100,2026-06-24,0.72
e8b7dd4b_0ad1_e811_a2b8_00155d119707_inventory,e8b7dd4b_0ad1_e811_a2b8_00155d119707,Al Itihad,Leasing,1,3,unknown,unknown,unknown,unknown,33000,33000,AED,Up to 6 Installments,unknown,up to 6 installments,active,official_published_start_price,https://prodadmin-aqaar.realcube.estate/api/globalSearch?search=Al%20Itihad&pageNumber=1&pageSize=100,2026-06-24,0.86
a6b8dd4b_0ad1_e811_a2b8_00155d119707_inventory,a6b8dd4b_0ad1_e811_a2b8_00155d119707,Al Johara,Commercial,1,3,unknown,unknown,unknown,unknown,20400,20400,AED,unknown,unknown,unknown,active,official_published_start_price,https://prodadmin-aqaar.realcube.estate/api/globalSearch?search=Al%20Johara&pageNumber=1&pageSize=100,2026-06-24,0.80
24b8dd4b_0ad1_e811_a2b8_00155d119707_inventory,24b8dd4b_0ad1_e811_a2b8_00155d119707,Al Jurf 1,Commercial,1,3,unknown,unknown,unknown,unknown,20000,20000,AED,unknown,unknown,unknown,active,official_published_start_price,https://prodadmin-aqaar.realcube.estate/api/globalSearch?search=Al%20Jurf%201&pageNumber=1&pageSize=100,2026-06-24,0.80
26b8dd4b_0ad1_e811_a2b8_00155d119707_inventory,26b8dd4b_0ad1_e811_a2b8_00155d119707,Al Jurf 2,Commercial,0,3,unknown,unknown,unknown,unknown,21000,21000,AED,unknown,unknown,unknown,active,official_published_start_price,https://prodadmin-aqaar.realcube.estate/api/globalSearch?search=Al%20Jurf%202&pageNumber=1&pageSize=100,2026-06-24,0.80
22b8dd4b_0ad1_e811_a2b8_00155d119707_inventory,22b8dd4b_0ad1_e811_a2b8_00155d119707,Al Jurf 3,Commercial,1,3,unknown,unknown,unknown,unknown,31680,31680,AED,unknown,unknown,unknown,active,official_published_start_price,https://prodadmin-aqaar.realcube.estate/api/globalSearch?search=Al%20Jurf%203&pageNumber=1&pageSize=100,2026-06-24,0.80
82b8dd4b_0ad1_e811_a2b8_00155d119707_inventory,82b8dd4b_0ad1_e811_a2b8_00155d119707,Al Jurf Buildings 20 / A7 (Labor City),Residential,unknown,unknown,unknown,unknown,unknown,unknown,unknown,unknown,unknown,unknown,unknown,unknown,active,unknown,https://prodadmin-aqaar.realcube.estate/api/globalSearch?search=Al%20Jurf%20Buildings%2020%20%2F%20A7%20(Labor%20City)&pageNumber=1&pageSize=100,2026-06-24,0.60
80b8dd4b_0ad1_e811_a2b8_00155d119707_inventory,80b8dd4b_0ad1_e811_a2b8_00155d119707,Al Jurf Buildings 20 / B7 (Labor City),Residential,unknown,unknown,unknown,unknown,unknown,unknown,unknown,unknown,unknown,unknown,unknown,unknown,active,unknown,https://prodadmin-aqaar.realcube.estate/api/globalSearch?search=Al%20Jurf%20Buildings%2020%20%2F%20B7%20(Labor%20City)&pageNumber=1&pageSize=100,2026-06-24,0.60
2ab8dd4b_0ad1_e811_a2b8_00155d119707_inventory,2ab8dd4b_0ad1_e811_a2b8_00155d119707,Al Jurf Complex,Commercial,0,3,unknown,unknown,unknown,unknown,14000,14000,AED,unknown,unknown,unknown,active,official_published_start_price,https://prodadmin-aqaar.realcube.estate/api/globalSearch?search=Al%20Jurf%20Complex&pageNumber=1&pageSize=100,2026-06-24,0.80
20b8dd4b_0ad1_e811_a2b8_00155d119707_inventory,20b8dd4b_0ad1_e811_a2b8_00155d119707,Al Jurf Residential Villas,Villa,unknown,unknown,unknown,unknown,unknown,unknown,113400,113400,AED,unknown,unknown,unknown,active,official_published_start_price,https://prodadmin-aqaar.realcube.estate/api/globalSearch?search=Al%20Jurf%20Residential%20Villas&pageNumber=1&pageSize=100,2026-06-24,0.72
a2b8dd4b_0ad1_e811_a2b8_00155d119707_inventory,a2b8dd4b_0ad1_e811_a2b8_00155d119707,Al Jurf Show Room 1,Commercial,unknown,unknown,unknown,unknown,unknown,unknown,unknown,unknown,unknown,unknown,unknown,unknown,active,unknown,https://prodadmin-aqaar.realcube.estate/api/globalSearch?search=Al%20Jurf%20Show%20Room%201&pageNumber=1&pageSize=100,2026-06-24,0.68
a4b8dd4b_0ad1_e811_a2b8_00155d119707_inventory,a4b8dd4b_0ad1_e811_a2b8_00155d119707,Al Jurf Show Room 2,Commercial,unknown,unknown,unknown,unknown,unknown,unknown,unknown,unknown,unknown,unknown,unknown,unknown,active,unknown,https://prodadmin-aqaar.realcube.estate/api/globalSearch?search=Al%20Jurf%20Show%20Room%202&pageNumber=1&pageSize=100,2026-06-24,0.68
1cb8dd4b_0ad1_e811_a2b8_00155d119707_inventory,1cb8dd4b_0ad1_e811_a2b8_00155d119707,Al Jurf Villas,Villa,unknown,unknown,unknown,unknown,unknown,unknown,75000,75000,AED,unknown,unknown,unknown,active,official_published_start_price,https://prodadmin-aqaar.realcube.estate/api/globalSearch?search=Al%20Jurf%20Villas&pageNumber=1&pageSize=100,2026-06-24,0.72
1eb8dd4b_0ad1_e811_a2b8_00155d119707_inventory,1eb8dd4b_0ad1_e811_a2b8_00155d119707,Al Jurf Villas 2,Villa,unknown,unknown,unknown,unknown,unknown,unknown,80000,80000,AED,unknown,unknown,unknown,active,official_published_start_price,https://prodadmin-aqaar.realcube.estate/api/globalSearch?search=Al%20Jurf%20Villas%202&pageNumber=1&pageSize=100,2026-06-24,0.72
8aed16b5_4982_ec11_a2bf_00155d119927_inventory,8aed16b5_4982_ec11_a2bf_00155d119927,Al Karama,Commercial,0,3,unknown,unknown,unknown,unknown,15000,15000,AED,unknown,unknown,unknown,active,official_published_start_price,https://prodadmin-aqaar.realcube.estate/api/globalSearch?search=Al%20Karama&pageNumber=1&pageSize=100,2026-06-24,0.80
44b8dd4b_0ad1_e811_a2b8_00155d119707_inventory,44b8dd4b_0ad1_e811_a2b8_00155d119707,Al Khor Villas & Shops,Villa,unknown,unknown,unknown,unknown,unknown,unknown,48000,48000,AED,unknown,unknown,unknown,active,official_published_start_price,https://prodadmin-aqaar.realcube.estate/api/globalSearch?search=Al%20Khor%20Villas%20%26%20Shops&pageNumber=1&pageSize=100,2026-06-24,0.80
9cb8dd4b_0ad1_e811_a2b8_00155d119707_inventory,9cb8dd4b_0ad1_e811_a2b8_00155d119707,Al Madina Tower,Commercial,1,3,unknown,unknown,unknown,unknown,27000,27000,AED,unknown,unknown,unknown,active,official_published_start_price,https://prodadmin-aqaar.realcube.estate/api/globalSearch?search=Al%20Madina%20Tower&pageNumber=1&pageSize=100,2026-06-24,0.80
7cb8dd4b_0ad1_e811_a2b8_00155d119707_inventory,7cb8dd4b_0ad1_e811_a2b8_00155d119707,Al Manama Buildings,Commercial,0,3,unknown,unknown,unknown,unknown,10000,10000,AED,unknown,unknown,unknown,active,official_published_start_price,https://prodadmin-aqaar.realcube.estate/api/globalSearch?search=Al%20Manama%20Buildings&pageNumber=1&pageSize=100,2026-06-24,0.80
74b8dd4b_0ad1_e811_a2b8_00155d119707_inventory,74b8dd4b_0ad1_e811_a2b8_00155d119707,Al Manama Farm,unknown,unknown,unknown,unknown,unknown,unknown,unknown,unknown,unknown,unknown,unknown,unknown,unknown,active,unknown,https://prodadmin-aqaar.realcube.estate/api/globalSearch?search=Al%20Manama%20Farm&pageNumber=1&pageSize=100,2026-06-24,0.60
52cf79ec_eb47_ea11_a2bc_00155d119619_inventory,52cf79ec_eb47_ea11_a2bc_00155d119619,Al Manama Land,Land,unknown,unknown,unknown,unknown,unknown,unknown,unknown,unknown,unknown,unknown,unknown,unknown,active,unknown,https://prodadmin-aqaar.realcube.estate/api/globalSearch?search=Al%20Manama%20Land&pageNumber=1&pageSize=100,2026-06-24,0.60
6eb8dd4b_0ad1_e811_a2b8_00155d119707_inventory,6eb8dd4b_0ad1_e811_a2b8_00155d119707,Al Manama New Shops,Retail,unknown,unknown,unknown,unknown,unknown,unknown,unknown,unknown,unknown,unknown,unknown,unknown,active,unknown,https://prodadmin-aqaar.realcube.estate/api/globalSearch?search=Al%20Manama%20New%20Shops&pageNumber=1&pageSize=100,2026-06-24,0.68
48b8dd4b_0ad1_e811_a2b8_00155d119707_inventory,48b8dd4b_0ad1_e811_a2b8_00155d119707,Al Manama Old Clinic,Healthcare,1,3,unknown,unknown,unknown,unknown,14400,14400,AED,unknown,unknown,unknown,active,official_published_start_price,https://prodadmin-aqaar.realcube.estate/api/globalSearch?search=Al%20Manama%20Old%20Clinic&pageNumber=1&pageSize=100,2026-06-24,0.80
0ab8dd4b_0ad1_e811_a2b8_00155d119707_inventory,0ab8dd4b_0ad1_e811_a2b8_00155d119707,Al Manara,Commercial,0,3,unknown,unknown,unknown,unknown,16800,16800,AED,unknown,unknown,unknown,active,official_published_start_price,https://prodadmin-aqaar.realcube.estate/api/globalSearch?search=Al%20Manara&pageNumber=1&pageSize=100,2026-06-24,0.80
94b8dd4b_0ad1_e811_a2b8_00155d119707_inventory,94b8dd4b_0ad1_e811_a2b8_00155d119707,Al Maya Super market,Commercial,unknown,unknown,unknown,unknown,unknown,unknown,unknown,unknown,unknown,unknown,unknown,unknown,active,unknown,https://prodadmin-aqaar.realcube.estate/api/globalSearch?search=Al%20Maya%20Super%20market&pageNumber=1&pageSize=100,2026-06-24,0.68
12b8dd4b_0ad1_e811_a2b8_00155d119707_inventory,12b8dd4b_0ad1_e811_a2b8_00155d119707,Al Monaliza,Commercial,1,3,unknown,unknown,unknown,unknown,13200,13200,AED,unknown,unknown,unknown,active,official_published_start_price,https://prodadmin-aqaar.realcube.estate/api/globalSearch?search=Al%20Monaliza&pageNumber=1&pageSize=100,2026-06-24,0.80
b2b8dd4b_0ad1_e811_a2b8_00155d119707_inventory,b2b8dd4b_0ad1_e811_a2b8_00155d119707,Al Musalla Building (Kempinski),Commercial,1,3,unknown,unknown,unknown,unknown,26400,26400,AED,unknown,unknown,unknown,active,official_published_start_price,https://prodadmin-aqaar.realcube.estate/api/globalSearch?search=Al%20Musalla%20%20Building%20(Kempinski)&pageNumber=1&pageSize=100,2026-06-24,0.80
00b8dd4b_0ad1_e811_a2b8_00155d119707_inventory,00b8dd4b_0ad1_e811_a2b8_00155d119707,Al Muthaf,Commercial,0,3,unknown,unknown,unknown,unknown,18000,18000,AED,unknown,unknown,unknown,active,official_published_start_price,https://prodadmin-aqaar.realcube.estate/api/globalSearch?search=Al%20Muthaf&pageNumber=1&pageSize=100,2026-06-24,0.80
fcb7dd4b_0ad1_e811_a2b8_00155d119707_inventory,fcb7dd4b_0ad1_e811_a2b8_00155d119707,Al Nakheel 1,Commercial,1,3,unknown,unknown,unknown,unknown,20400,20400,AED,unknown,unknown,unknown,active,official_published_start_price,https://prodadmin-aqaar.realcube.estate/api/globalSearch?search=Al%20Nakheel%201&pageNumber=1&pageSize=100,2026-06-24,0.80
29eb4220_c77d_ec11_a2ca_00155d119619_inventory,29eb4220_c77d_ec11_a2ca_00155d119619,Al Nakheel 2,Commercial,0,3,unknown,unknown,unknown,unknown,13431,13431,AED,unknown,unknown,unknown,active,official_published_start_price,https://prodadmin-aqaar.realcube.estate/api/globalSearch?search=Al%20Nakheel%202&pageNumber=1&pageSize=100,2026-06-24,0.80
06b8dd4b_0ad1_e811_a2b8_00155d119707_inventory,06b8dd4b_0ad1_e811_a2b8_00155d119707,Al Nasr,Commercial,1,3,unknown,unknown,unknown,unknown,19200,19200,AED,unknown,unknown,unknown,active,official_published_start_price,https://prodadmin-aqaar.realcube.estate/api/globalSearch?search=Al%20Nasr&pageNumber=1&pageSize=100,2026-06-24,0.80
28b8dd4b_0ad1_e811_a2b8_00155d119707_inventory,28b8dd4b_0ad1_e811_a2b8_00155d119707,Al Nuaimia Complex,Commercial,1,3,unknown,unknown,unknown,unknown,15000,15000,AED,unknown,unknown,unknown,active,official_published_start_price,https://prodadmin-aqaar.realcube.estate/api/globalSearch?search=Al%20Nuaimia%20Complex&pageNumber=1&pageSize=100,2026-06-24,0.80
9eb8dd4b_0ad1_e811_a2b8_00155d119707_inventory,9eb8dd4b_0ad1_e811_a2b8_00155d119707,Al Ofoq Tower,Commercial,1,3,unknown,unknown,unknown,unknown,32400,32400,AED,unknown,unknown,unknown,active,official_published_start_price,https://prodadmin-aqaar.realcube.estate/api/globalSearch?search=Al%20Ofoq%20Tower&pageNumber=1&pageSize=100,2026-06-24,0.80
98b8dd4b_0ad1_e811_a2b8_00155d119707_inventory,98b8dd4b_0ad1_e811_a2b8_00155d119707,Al Quds Villa,Villa,unknown,unknown,unknown,unknown,unknown,unknown,unknown,unknown,unknown,unknown,unknown,unknown,active,unknown,https://prodadmin-aqaar.realcube.estate/api/globalSearch?search=Al%20Quds%20Villa&pageNumber=1&pageSize=100,2026-06-24,0.68
cc16b230_d81e_ee11_a2be_00155d119f33_inventory,cc16b230_d81e_ee11_a2be_00155d119f33,Al Ras,Commercial,unknown,unknown,unknown,unknown,unknown,unknown,unknown,unknown,unknown,unknown,unknown,unknown,active,unknown,https://prodadmin-aqaar.realcube.estate/api/globalSearch?search=Al%20Ras&pageNumber=1&pageSize=100,2026-06-24,0.68
88c9f0b0_29ea_f011_8406_70a8a5211049_inventory,88c9f0b0_29ea_f011_8406_70a8a5211049,Al Refaa,unknown,unknown,unknown,unknown,unknown,unknown,unknown,unknown,unknown,unknown,unknown,unknown,unknown,active,unknown,https://prodadmin-aqaar.realcube.estate/api/globalSearch?search=Al%20Refaa&pageNumber=1&pageSize=100,2026-06-24,0.60
f0d34484_309f_ee11_a2bf_00155d119841_inventory,f0d34484_309f_ee11_a2bf_00155d119841,Al Rumaila 1,Commercial,1,3,unknown,unknown,unknown,unknown,15600,15600,AED,unknown,unknown,unknown,active,official_published_start_price,https://prodadmin-aqaar.realcube.estate/api/globalSearch?search=Al%20Rumaila%201&pageNumber=1&pageSize=100,2026-06-24,0.80
18b8dd4b_0ad1_e811_a2b8_00155d119707_inventory,18b8dd4b_0ad1_e811_a2b8_00155d119707,Al Rumailah,Commercial,1,3,unknown,unknown,unknown,unknown,21600,21600,AED,unknown,unknown,unknown,active,official_published_start_price,https://prodadmin-aqaar.realcube.estate/api/globalSearch?search=Al%20Rumailah&pageNumber=1&pageSize=100,2026-06-24,0.80
86b8dd4b_0ad1_e811_a2b8_00155d119707_inventory,86b8dd4b_0ad1_e811_a2b8_00155d119707,Al Rumailah New Villas,Villa,unknown,unknown,unknown,unknown,unknown,unknown,102000,102000,AED,unknown,unknown,unknown,active,official_published_start_price,https://prodadmin-aqaar.realcube.estate/api/globalSearch?search=Al%20Rumailah%20New%20Villas&pageNumber=1&pageSize=100,2026-06-24,0.80
11f6f9c7_d27d_ec11_a2ca_00155d119619_inventory,11f6f9c7_d27d_ec11_a2ca_00155d119619,Al Sediq,Commercial,1,3,unknown,unknown,unknown,unknown,19200,19200,AED,unknown,unknown,unknown,active,official_published_start_price,https://prodadmin-aqaar.realcube.estate/api/globalSearch?search=Al%20Sediq&pageNumber=1&pageSize=100,2026-06-24,0.80
32b8dd4b_0ad1_e811_a2b8_00155d119707_inventory,32b8dd4b_0ad1_e811_a2b8_00155d119707,Al Shahba,Leasing,1,3,unknown,unknown,unknown,unknown,27000,27000,AED,Up to 6 Installments,unknown,up to 6 installments,active,official_published_start_price,https://prodadmin-aqaar.realcube.estate/api/globalSearch?search=Al%20Shahba&pageNumber=1&pageSize=100,2026-06-24,0.86
90b8dd4b_0ad1_e811_a2b8_00155d119707_inventory,90b8dd4b_0ad1_e811_a2b8_00155d119707,Al Sheikh Humaid Building (Abu-Dhabi),Commercial,1,3,unknown,unknown,unknown,unknown,37800,37800,AED,unknown,unknown,unknown,active,official_published_start_price,https://prodadmin-aqaar.realcube.estate/api/globalSearch?search=Al%20Sheikh%20Humaid%20Building%20(Abu-Dhabi)&pageNumber=1&pageSize=100,2026-06-24,0.80
b4b8dd4b_0ad1_e811_a2b8_00155d119707_inventory,b4b8dd4b_0ad1_e811_a2b8_00155d119707,Al Sheikha Fatima Building (Abu-Dhabi),Commercial,1,3,unknown,unknown,unknown,unknown,36750,36750,AED,unknown,unknown,unknown,active,official_published_start_price,https://prodadmin-aqaar.realcube.estate/api/globalSearch?search=Al%20Sheikha%20Fatima%20Building%20(Abu-Dhabi)&pageNumber=1&pageSize=100,2026-06-24,0.80
44f00817_9e49_eb11_a2c6_00155d119619_inventory,44f00817_9e49_eb11_a2c6_00155d119619,Al Shorouq,Commercial,0,3,unknown,unknown,unknown,unknown,14400,14400,AED,unknown,unknown,unknown,active,official_published_start_price,https://prodadmin-aqaar.realcube.estate/api/globalSearch?search=Al%20Shorouq&pageNumber=1&pageSize=100,2026-06-24,0.80
0eb8dd4b_0ad1_e811_a2b8_00155d119707_inventory,0eb8dd4b_0ad1_e811_a2b8_00155d119707,Al Suwan,Commercial,1,3,unknown,unknown,unknown,unknown,28800,28800,AED,unknown,unknown,unknown,active,official_published_start_price,https://prodadmin-aqaar.realcube.estate/api/globalSearch?search=Al%20Suwan&pageNumber=1&pageSize=100,2026-06-24,0.80
10b8dd4b_0ad1_e811_a2b8_00155d119707_inventory,10b8dd4b_0ad1_e811_a2b8_00155d119707,Al Tameer,Commercial,1,3,unknown,unknown,unknown,unknown,40800,40800,AED,unknown,unknown,unknown,active,official_published_start_price,https://prodadmin-aqaar.realcube.estate/api/globalSearch?search=Al%20Tameer&pageNumber=1&pageSize=100,2026-06-24,0.80
a8b8dd4b_0ad1_e811_a2b8_00155d119707_inventory,a8b8dd4b_0ad1_e811_a2b8_00155d119707,Al Thuraya 1,Commercial,1,3,unknown,unknown,unknown,unknown,20000,20000,AED,unknown,unknown,unknown,active,official_published_start_price,https://prodadmin-aqaar.realcube.estate/api/globalSearch?search=Al%20Thuraya%201&pageNumber=1&pageSize=100,2026-06-24,0.80
aab8dd4b_0ad1_e811_a2b8_00155d119707_inventory,aab8dd4b_0ad1_e811_a2b8_00155d119707,Al Thuraya 2,Commercial,1,3,unknown,unknown,unknown,unknown,20000,20000,AED,unknown,unknown,unknown,active,official_published_start_price,https://prodadmin-aqaar.realcube.estate/api/globalSearch?search=Al%20Thuraya%202&pageNumber=1&pageSize=100,2026-06-24,0.80
acb8dd4b_0ad1_e811_a2b8_00155d119707_inventory,acb8dd4b_0ad1_e811_a2b8_00155d119707,Al Thuraya 3,Commercial,1,3,unknown,unknown,unknown,unknown,33600,33600,AED,unknown,unknown,unknown,active,official_published_start_price,https://prodadmin-aqaar.realcube.estate/api/globalSearch?search=Al%20Thuraya%203&pageNumber=1&pageSize=100,2026-06-24,0.80
42b8dd4b_0ad1_e811_a2b8_00155d119707_inventory,42b8dd4b_0ad1_e811_a2b8_00155d119707,Al Yasmeen Complex,Leasing,0,3,unknown,unknown,unknown,unknown,14000,14000,AED,Up to 6 Installments,unknown,up to 6 installments,active,official_published_start_price,https://prodadmin-aqaar.realcube.estate/api/globalSearch?search=Al%20Yasmeen%20%20Complex&pageNumber=1&pageSize=100,2026-06-24,0.86
beabdf96_e122_e911_a2b8_00155d119707_inventory,beabdf96_e122_e911_a2b8_00155d119707,Al Zahir,Commercial,1,3,unknown,unknown,unknown,unknown,14400,14400,AED,unknown,unknown,unknown,active,official_published_start_price,https://prodadmin-aqaar.realcube.estate/api/globalSearch?search=Al%20Zahir&pageNumber=1&pageSize=100,2026-06-24,0.80
02b8dd4b_0ad1_e811_a2b8_00155d119707_inventory,02b8dd4b_0ad1_e811_a2b8_00155d119707,Al Zahra Complex,Commercial,0,3,unknown,unknown,unknown,unknown,24000,24000,AED,unknown,unknown,unknown,active,official_published_start_price,https://prodadmin-aqaar.realcube.estate/api/globalSearch?search=Al%20Zahra%20Complex&pageNumber=1&pageSize=100,2026-06-24,0.80
6c1c103f_f0f0_ea11_a2c4_00155d119619_inventory,6c1c103f_f0f0_ea11_a2c4_00155d119619,Al-Khour Tower C,Commercial,1,3,unknown,unknown,unknown,unknown,44400,44400,AED,unknown,unknown,unknown,active,official_published_start_price,https://prodadmin-aqaar.realcube.estate/api/globalSearch?search=Al-Khour%20Tower%20C&pageNumber=1&pageSize=100,2026-06-24,0.80
eeb7dd4b_0ad1_e811_a2b8_00155d119707_inventory,eeb7dd4b_0ad1_e811_a2b8_00155d119707,AL-Khour Towers,Commercial,unknown,unknown,unknown,unknown,unknown,unknown,195000,195000,AED,unknown,unknown,unknown,sold_out,official_published_start_price,https://prodadmin-aqaar.realcube.estate/api/globalSearch?search=AL-Khour%20Towers&pageNumber=1&pageSize=100,2026-06-24,0.80
88b8dd4b_0ad1_e811_a2b8_00155d119707_inventory,88b8dd4b_0ad1_e811_a2b8_00155d119707,Amina Hospital,Healthcare,unknown,unknown,unknown,unknown,unknown,unknown,unknown,unknown,unknown,unknown,unknown,unknown,active,unknown,https://prodadmin-aqaar.realcube.estate/api/globalSearch?search=Amina%20Hospital&pageNumber=1&pageSize=100,2026-06-24,0.60
98de02ed_2222_e911_a2b8_00155d119707_inventory,98de02ed_2222_e911_a2b8_00155d119707,Aqaar Offices,Office,unknown,unknown,unknown,unknown,unknown,unknown,unknown,unknown,unknown,unknown,unknown,unknown,active,unknown,https://prodadmin-aqaar.realcube.estate/api/globalSearch?search=Aqaar%20Offices&pageNumber=1&pageSize=100,2026-06-24,0.60
1ab8dd4b_0ad1_e811_a2b8_00155d119707_inventory,1ab8dd4b_0ad1_e811_a2b8_00155d119707,Asayel 1,Commercial,1,3,unknown,unknown,unknown,unknown,21600,21600,AED,unknown,unknown,unknown,active,official_published_start_price,https://prodadmin-aqaar.realcube.estate/api/globalSearch?search=Asayel%201&pageNumber=1&pageSize=100,2026-06-24,0.80
a0b8dd4b_0ad1_e811_a2b8_00155d119707_inventory,a0b8dd4b_0ad1_e811_a2b8_00155d119707,Asayel 2,Commercial,1,3,unknown,unknown,unknown,unknown,22800,22800,AED,unknown,unknown,unknown,active,official_published_start_price,https://prodadmin-aqaar.realcube.estate/api/globalSearch?search=Asayel%202&pageNumber=1&pageSize=100,2026-06-24,0.80
c05d8b0f_bab9_e911_a2bb_00155d119619_inventory,c05d8b0f_bab9_e911_a2bb_00155d119619,Beach Residence,Residential,unknown,unknown,unknown,unknown,unknown,unknown,unknown,unknown,unknown,unknown,unknown,unknown,sold_out,unknown,https://prodadmin-aqaar.realcube.estate/api/globalSearch?search=Beach%20Residence&pageNumber=1&pageSize=100,2026-06-24,0.68
5cb8dd4b_0ad1_e811_a2b8_00155d119707_inventory,5cb8dd4b_0ad1_e811_a2b8_00155d119707,Bloomington School,Education,unknown,unknown,unknown,unknown,unknown,unknown,unknown,unknown,unknown,unknown,unknown,unknown,active,unknown,https://prodadmin-aqaar.realcube.estate/api/globalSearch?search=Bloomington%20School&pageNumber=1&pageSize=100,2026-06-24,0.60
64b8dd4b_0ad1_e811_a2b8_00155d119707_inventory,64b8dd4b_0ad1_e811_a2b8_00155d119707,British International School,Education,unknown,unknown,unknown,unknown,unknown,unknown,unknown,unknown,unknown,unknown,unknown,unknown,active,unknown,https://prodadmin-aqaar.realcube.estate/api/globalSearch?search=British%20International%20School&pageNumber=1&pageSize=100,2026-06-24,0.60
54b8dd4b_0ad1_e811_a2b8_00155d119707_inventory,54b8dd4b_0ad1_e811_a2b8_00155d119707,Building materials Factory,Commercial,unknown,unknown,unknown,unknown,unknown,unknown,unknown,unknown,unknown,unknown,unknown,unknown,active,unknown,https://prodadmin-aqaar.realcube.estate/api/globalSearch?search=Building%20materials%20Factory&pageNumber=1&pageSize=100,2026-06-24,0.60
30b8dd4b_0ad1_e811_a2b8_00155d119707_inventory,30b8dd4b_0ad1_e811_a2b8_00155d119707,City Towers,Commercial,unknown,unknown,unknown,unknown,unknown,unknown,222000,222000,AED,unknown,unknown,unknown,sold_out,official_published_start_price,https://prodadmin-aqaar.realcube.estate/api/globalSearch?search=City%20Towers&pageNumber=1&pageSize=100,2026-06-24,0.80
04b8dd4b_0ad1_e811_a2b8_00155d119707_inventory,04b8dd4b_0ad1_e811_a2b8_00155d119707,Commercial Complex,Commercial,1,3,unknown,unknown,unknown,unknown,24000,24000,AED,unknown,unknown,unknown,active,official_published_start_price,https://prodadmin-aqaar.realcube.estate/api/globalSearch?search=Commercial%20Complex&pageNumber=1&pageSize=100,2026-06-24,0.80
16b8dd4b_0ad1_e811_a2b8_00155d119707_inventory,16b8dd4b_0ad1_e811_a2b8_00155d119707,Corniche Tower,Commercial,unknown,unknown,unknown,unknown,unknown,unknown,357000,357000,AED,unknown,unknown,unknown,sold_out,official_published_start_price,https://prodadmin-aqaar.realcube.estate/api/globalSearch?search=Corniche%20Tower&pageNumber=1&pageSize=100,2026-06-24,0.80
301c3301_382a_eb11_a2c5_00155d119619_inventory,301c3301_382a_eb11_a2c5_00155d119619,Crown Private,unknown,unknown,unknown,unknown,unknown,unknown,unknown,unknown,unknown,unknown,unknown,unknown,unknown,active,unknown,https://prodadmin-aqaar.realcube.estate/api/globalSearch?search=Crown%20Private&pageNumber=1&pageSize=100,2026-06-24,0.60
aeb8dd4b_0ad1_e811_a2b8_00155d119707_inventory,aeb8dd4b_0ad1_e811_a2b8_00155d119707,Crystal,Retail,1,3,unknown,unknown,unknown,unknown,25200,25200,AED,unknown,unknown,unknown,active,official_published_start_price,https://prodadmin-aqaar.realcube.estate/api/globalSearch?search=Crystal&pageNumber=1&pageSize=100,2026-06-24,0.80
38b8dd4b_0ad1_e811_a2b8_00155d119707_inventory,38b8dd4b_0ad1_e811_a2b8_00155d119707,Crystal 1,Retail,1,3,unknown,unknown,unknown,unknown,27600,27600,AED,unknown,unknown,unknown,active,official_published_start_price,https://prodadmin-aqaar.realcube.estate/api/globalSearch?search=Crystal%201&pageNumber=1&pageSize=100,2026-06-24,0.80
eab7dd4b_0ad1_e811_a2b8_00155d119707_inventory,eab7dd4b_0ad1_e811_a2b8_00155d119707,Dewan Towers,Retail,0,3,unknown,unknown,unknown,unknown,12000,12000,AED,unknown,unknown,unknown,active,official_published_start_price,https://prodadmin-aqaar.realcube.estate/api/globalSearch?search=Dewan%20Towers&pageNumber=1&pageSize=100,2026-06-24,0.80
836256dc_a305_f111_8407_70a8a5232028_inventory,836256dc_a305_f111_8407_70a8a5232028,Dusit Thani Residences Ajman,Healthcare,unknown,unknown,unknown,unknown,unknown,unknown,unknown,unknown,unknown,unknown,unknown,unknown,active,unknown,https://www.aqaar.com/dusit-thani,2026-06-24,0.76
14b8dd4b_0ad1_e811_a2b8_00155d119707_inventory,14b8dd4b_0ad1_e811_a2b8_00155d119707,Falcon Towers,Retail,unknown,unknown,unknown,unknown,unknown,unknown,183500,183500,AED,unknown,unknown,unknown,sold_out,official_published_start_price,https://prodadmin-aqaar.realcube.estate/api/globalSearch?search=Falcon%20Towers&pageNumber=1&pageSize=100,2026-06-24,0.80
34b8dd4b_0ad1_e811_a2b8_00155d119707_inventory,34b8dd4b_0ad1_e811_a2b8_00155d119707,Flamingo Building,Retail,0,3,unknown,unknown,unknown,unknown,19200,19200,AED,unknown,unknown,unknown,active,official_published_start_price,https://prodadmin-aqaar.realcube.estate/api/globalSearch?search=Flamingo%20Building&pageNumber=1&pageSize=100,2026-06-24,0.80
36b8dd4b_0ad1_e811_a2b8_00155d119707_inventory,36b8dd4b_0ad1_e811_a2b8_00155d119707,Flamingo Villas,Villa,unknown,unknown,unknown,unknown,unknown,unknown,120000,120000,AED,unknown,unknown,unknown,active,official_published_start_price,https://prodadmin-aqaar.realcube.estate/api/globalSearch?search=Flamingo%20Villas&pageNumber=1&pageSize=100,2026-06-24,0.80
bd3ddba0_76fe_eb11_a2c8_00155d119619_inventory,bd3ddba0_76fe_eb11_a2c8_00155d119619,Galleria Mall,Commercial,unknown,unknown,unknown,unknown,unknown,unknown,unknown,unknown,unknown,unknown,unknown,unknown,active,unknown,https://prodadmin-aqaar.realcube.estate/api/globalSearch?search=Galleria%20Mall&pageNumber=1&pageSize=100,2026-06-24,0.60
7d307ab5_a6a9_ea11_a2c3_00155d119619_inventory,7d307ab5_a6a9_ea11_a2c3_00155d119619,Garden City,Retail,unknown,unknown,unknown,unknown,unknown,unknown,102500,102500,AED,unknown,unknown,unknown,sold_out,official_published_start_price,https://prodadmin-aqaar.realcube.estate/api/globalSearch?search=Garden%20City&pageNumber=1&pageSize=100,2026-06-24,0.80
e4b7dd4b_0ad1_e811_a2b8_00155d119707_inventory,e4b7dd4b_0ad1_e811_a2b8_00155d119707,Grand,Leasing,1,3,unknown,unknown,unknown,unknown,27000,27000,AED,Up to 6 Installments,unknown,up to 6 installments,active,official_published_start_price,https://prodadmin-aqaar.realcube.estate/api/globalSearch?search=Grand&pageNumber=1&pageSize=100,2026-06-24,0.86
92b8dd4b_0ad1_e811_a2b8_00155d119707_inventory,92b8dd4b_0ad1_e811_a2b8_00155d119707,Gulfa Warehouses,Warehouse,unknown,unknown,unknown,unknown,unknown,unknown,unknown,unknown,unknown,unknown,unknown,unknown,active,unknown,https://prodadmin-aqaar.realcube.estate/api/globalSearch?search=Gulfa%20Warehouses&pageNumber=1&pageSize=100,2026-06-24,0.60
58b8dd4b_0ad1_e811_a2b8_00155d119707_inventory,58b8dd4b_0ad1_e811_a2b8_00155d119707,Habitat School,Education,unknown,unknown,unknown,unknown,unknown,unknown,unknown,unknown,unknown,unknown,unknown,unknown,active,unknown,https://prodadmin-aqaar.realcube.estate/api/globalSearch?search=Habitat%20School&pageNumber=1&pageSize=100,2026-06-24,0.60
f4b7dd4b_0ad1_e811_a2b8_00155d119707_inventory,f4b7dd4b_0ad1_e811_a2b8_00155d119707,Horizon Towers,Retail,unknown,unknown,unknown,unknown,unknown,unknown,174500,174500,AED,unknown,unknown,unknown,sold_out,official_published_start_price,https://prodadmin-aqaar.realcube.estate/api/globalSearch?search=Horizon%20Towers&pageNumber=1&pageSize=100,2026-06-24,0.80
b984f548_ab76_f011_a2e0_00155d119f38_inventory,b984f548_ab76_f011_a2e0_00155d119f38,Horizon University,Education,unknown,unknown,unknown,unknown,unknown,unknown,unknown,unknown,unknown,unknown,unknown,unknown,active,unknown,https://prodadmin-aqaar.realcube.estate/api/globalSearch?search=Horizon%20University&pageNumber=1&pageSize=100,2026-06-24,0.60
50b8dd4b_0ad1_e811_a2b8_00155d119707_inventory,50b8dd4b_0ad1_e811_a2b8_00155d119707,Houses and Flats Masfoot,Retail,1,3,unknown,unknown,unknown,unknown,12000,12000,AED,unknown,unknown,unknown,active,official_published_start_price,https://prodadmin-aqaar.realcube.estate/api/globalSearch?search=Houses%20and%20Flats%20Masfoot&pageNumber=1&pageSize=100,2026-06-24,0.80
5ab8dd4b_0ad1_e811_a2b8_00155d119707_inventory,5ab8dd4b_0ad1_e811_a2b8_00155d119707,Indian International School 1,Education,unknown,unknown,unknown,unknown,unknown,unknown,unknown,unknown,unknown,unknown,unknown,unknown,active,unknown,https://prodadmin-aqaar.realcube.estate/api/globalSearch?search=Indian%20International%20School%201&pageNumber=1&pageSize=100,2026-06-24,0.60
8ab8dd4b_0ad1_e811_a2b8_00155d119707_inventory,8ab8dd4b_0ad1_e811_a2b8_00155d119707,Industrial area -1,unknown,unknown,unknown,unknown,unknown,unknown,unknown,unknown,unknown,unknown,unknown,unknown,unknown,active,unknown,https://prodadmin-aqaar.realcube.estate/api/globalSearch?search=Industrial%20area%20-1&pageNumber=1&pageSize=100,2026-06-24,0.60
8eb8dd4b_0ad1_e811_a2b8_00155d119707_inventory,8eb8dd4b_0ad1_e811_a2b8_00155d119707,Industrial area -20,unknown,unknown,unknown,unknown,unknown,unknown,unknown,unknown,unknown,unknown,unknown,unknown,unknown,active,unknown,https://prodadmin-aqaar.realcube.estate/api/globalSearch?search=Industrial%20area%20-20&pageNumber=1&pageSize=100,2026-06-24,0.60
8cb8dd4b_0ad1_e811_a2b8_00155d119707_inventory,8cb8dd4b_0ad1_e811_a2b8_00155d119707,Industrial area -3,unknown,unknown,unknown,unknown,unknown,unknown,unknown,unknown,unknown,unknown,unknown,unknown,unknown,active,unknown,https://prodadmin-aqaar.realcube.estate/api/globalSearch?search=Industrial%20area%20-3&pageNumber=1&pageSize=100,2026-06-24,0.60
8dc5f8f8_ebb3_ec11_a2bf_00155d119927_inventory,8dc5f8f8_ebb3_ec11_a2bf_00155d119927,industrial area 2,unknown,unknown,unknown,unknown,unknown,unknown,unknown,unknown,unknown,unknown,unknown,unknown,unknown,active,unknown,https://prodadmin-aqaar.realcube.estate/api/globalSearch?search=industrial%20area%202&pageNumber=1&pageSize=100,2026-06-24,0.60
8daed8f6_bd22_e911_a2b8_00155d119707_inventory,8daed8f6_bd22_e911_a2b8_00155d119707,Labor Accommodation,unknown,unknown,unknown,unknown,unknown,unknown,unknown,unknown,unknown,unknown,unknown,unknown,unknown,active,unknown,https://prodadmin-aqaar.realcube.estate/api/globalSearch?search=Labor%20Accommodation&pageNumber=1&pageSize=100,2026-06-24,0.60
30485a5c_911e_ec11_a2c8_00155d119619_inventory,30485a5c_911e_ec11_a2c8_00155d119619,Lake Tower C4,Residential,unknown,unknown,unknown,unknown,unknown,unknown,unknown,unknown,unknown,unknown,unknown,unknown,active,unknown,https://prodadmin-aqaar.realcube.estate/api/globalSearch?search=Lake%20Tower%20C4&pageNumber=1&pageSize=100,2026-06-24,0.60
9ab8dd4b_0ad1_e811_a2b8_00155d119707_inventory,9ab8dd4b_0ad1_e811_a2b8_00155d119707,Lewara,Retail,1,3,unknown,unknown,unknown,unknown,27000,27000,AED,unknown,unknown,unknown,active,official_published_start_price,https://prodadmin-aqaar.realcube.estate/api/globalSearch?search=Lewara&pageNumber=1&pageSize=100,2026-06-24,0.80
4cb8dd4b_0ad1_e811_a2b8_00155d119707_inventory,4cb8dd4b_0ad1_e811_a2b8_00155d119707,Manama Flats,Retail,1,3,unknown,unknown,unknown,unknown,15000,15000,AED,unknown,unknown,unknown,active,official_published_start_price,https://prodadmin-aqaar.realcube.estate/api/globalSearch?search=Manama%20Flats&pageNumber=1&pageSize=100,2026-06-24,0.80
4eb8dd4b_0ad1_e811_a2b8_00155d119707_inventory,4eb8dd4b_0ad1_e811_a2b8_00155d119707,Manama Shops,Retail,unknown,unknown,unknown,unknown,unknown,unknown,unknown,unknown,unknown,unknown,unknown,unknown,active,unknown,https://prodadmin-aqaar.realcube.estate/api/globalSearch?search=Manama%20Shops&pageNumber=1&pageSize=100,2026-06-24,0.68
7ab8dd4b_0ad1_e811_a2b8_00155d119707_inventory,7ab8dd4b_0ad1_e811_a2b8_00155d119707,Manama Wedding Hall (Ajman Society),unknown,unknown,unknown,unknown,unknown,unknown,unknown,unknown,unknown,unknown,unknown,unknown,unknown,active,unknown,https://prodadmin-aqaar.realcube.estate/api/globalSearch?search=Manama%20Wedding%20Hall%20(Ajman%20Society)&pageNumber=1&pageSize=100,2026-06-24,0.60
84b8dd4b_0ad1_e811_a2b8_00155d119707_inventory,84b8dd4b_0ad1_e811_a2b8_00155d119707,Masfoot Buildings,Retail,0,3,unknown,unknown,unknown,unknown,14400,14400,AED,unknown,unknown,unknown,active,official_published_start_price,https://prodadmin-aqaar.realcube.estate/api/globalSearch?search=Masfoot%20Buildings&pageNumber=1&pageSize=100,2026-06-24,0.80
a736c16e_313f_e911_a2b9_00155d119910_inventory,a736c16e_313f_e911_a2b9_00155d119910,Masfoot Plaza,Retail,0,3,unknown,unknown,unknown,unknown,unknown,unknown,unknown,unknown,unknown,unknown,active,unknown,https://prodadmin-aqaar.realcube.estate/api/globalSearch?search=Masfoot%20Plaza&pageNumber=1&pageSize=100,2026-06-24,0.76
ed194b08_59aa_f011_a2e0_00155d119f3e_inventory,ed194b08_59aa_f011_a2e0_00155d119f3e,Mawjan,Land,unknown,unknown,unknown,unknown,unknown,unknown,unknown,unknown,unknown,unknown,unknown,unknown,active,unknown,https://www.aqaar.com/mawjan,2026-06-24,0.76
fcb24d18_ff7d_ee11_a2bf_00155d119f33_inventory,fcb24d18_ff7d_ee11_a2bf_00155d119f33,Metropolitan International Indian Private School,Education,unknown,unknown,unknown,unknown,unknown,unknown,unknown,unknown,unknown,unknown,unknown,unknown,active,unknown,https://prodadmin-aqaar.realcube.estate/api/globalSearch?search=Metropolitan%20International%20Indian%20Private%20School&pageNumber=1&pageSize=100,2026-06-24,0.60
dd64d3c4_e079_ed11_a2ba_00155d119841_inventory,dd64d3c4_e079_ed11_a2ba_00155d119841,Mortuary in Ajman Cemetery,unknown,unknown,unknown,unknown,unknown,unknown,unknown,unknown,unknown,unknown,unknown,unknown,unknown,active,unknown,https://prodadmin-aqaar.realcube.estate/api/globalSearch?search=Mortuary%20in%20Ajman%20Cemetery&pageNumber=1&pageSize=100,2026-06-24,0.60
52b8dd4b_0ad1_e811_a2b8_00155d119707_inventory,52b8dd4b_0ad1_e811_a2b8_00155d119707,Musheirif Shops,Retail,unknown,unknown,unknown,unknown,unknown,unknown,unknown,unknown,unknown,unknown,unknown,unknown,active,unknown,https://prodadmin-aqaar.realcube.estate/api/globalSearch?search=Musheirif%20Shops&pageNumber=1&pageSize=100,2026-06-24,0.68
b514b2db_08f8_ea11_a2c5_00155d119619_inventory,b514b2db_08f8_ea11_a2c5_00155d119619,Musherif Villas,Villa,unknown,unknown,unknown,unknown,unknown,unknown,30000,30000,AED,unknown,unknown,unknown,active,official_published_start_price,https://prodadmin-aqaar.realcube.estate/api/globalSearch?search=Musherif%20Villas&pageNumber=1&pageSize=100,2026-06-24,0.80
f8b7dd4b_0ad1_e811_a2b8_00155d119707_inventory,f8b7dd4b_0ad1_e811_a2b8_00155d119707,New Gold Market,Commercial,1,3,unknown,unknown,unknown,unknown,21600,21600,AED,unknown,unknown,unknown,active,official_published_start_price,https://prodadmin-aqaar.realcube.estate/api/globalSearch?search=New%20Gold%20Market&pageNumber=1&pageSize=100,2026-06-24,0.72
e9afbd0c_b405_ee11_a2bc_00155d119841_inventory,e9afbd0c_b405_ee11_a2bc_00155d119841,New Musherif Villas,Villa,unknown,unknown,unknown,unknown,unknown,unknown,114000,114000,AED,unknown,unknown,unknown,active,official_published_start_price,https://prodadmin-aqaar.realcube.estate/api/globalSearch?search=New%20Musherif%20Villas&pageNumber=1&pageSize=100,2026-06-24,0.72
bb57baca_fa02_ef11_a2c0_00155d119841_inventory,bb57baca_fa02_ef11_a2c0_00155d119841,North Gate British School,Education,unknown,unknown,unknown,unknown,unknown,unknown,unknown,unknown,unknown,unknown,unknown,unknown,active,unknown,https://prodadmin-aqaar.realcube.estate/api/globalSearch?search=North%20Gate%20British%20School&pageNumber=1&pageSize=100,2026-06-24,0.60
f0b7dd4b_0ad1_e811_a2b8_00155d119707_inventory,f0b7dd4b_0ad1_e811_a2b8_00155d119707,Nuaiemiyah Towers,Retail,unknown,unknown,unknown,unknown,unknown,unknown,139000,139000,AED,unknown,unknown,unknown,sold_out,official_published_start_price,https://prodadmin-aqaar.realcube.estate/api/globalSearch?search=Nuaiemiyah%20Towers&pageNumber=1&pageSize=100,2026-06-24,0.80
ea381dec_0c0f_ed11_a2bb_00155d119f33_inventory,ea381dec_0c0f_ed11_a2bb_00155d119f33,Nuaimeya 3,Retail,unknown,unknown,unknown,unknown,unknown,unknown,unknown,unknown,unknown,unknown,unknown,unknown,active,unknown,https://prodadmin-aqaar.realcube.estate/api/globalSearch?search=Nuaimeya%203&pageNumber=1&pageSize=100,2026-06-24,0.68
70b8dd4b_0ad1_e811_a2b8_00155d119707_inventory,70b8dd4b_0ad1_e811_a2b8_00155d119707,Old Civil Defense (Middle East ),unknown,unknown,unknown,unknown,unknown,unknown,unknown,unknown,unknown,unknown,unknown,unknown,unknown,active,unknown,https://prodadmin-aqaar.realcube.estate/api/globalSearch?search=Old%20Civil%20Defense%20(Middle%20East%20)&pageNumber=1&pageSize=100,2026-06-24,0.60
fab7dd4b_0ad1_e811_a2b8_00155d119707_inventory,fab7dd4b_0ad1_e811_a2b8_00155d119707,Old Gold Market,Commercial,0,3,unknown,unknown,unknown,unknown,14400,14400,AED,unknown,unknown,unknown,active,official_published_start_price,https://prodadmin-aqaar.realcube.estate/api/globalSearch?search=Old%20Gold%20Market&pageNumber=1&pageSize=100,2026-06-24,0.72
0cb8dd4b_0ad1_e811_a2b8_00155d119707_inventory,0cb8dd4b_0ad1_e811_a2b8_00155d119707,Old Quds,Retail,1,3,unknown,unknown,unknown,unknown,20700,20700,AED,unknown,unknown,unknown,active,official_published_start_price,https://prodadmin-aqaar.realcube.estate/api/globalSearch?search=Old%20Quds&pageNumber=1&pageSize=100,2026-06-24,0.80
bd8bd1e6_0420_e911_a2b8_00155d119707_inventory,bd8bd1e6_0420_e911_a2b8_00155d119707,Orient Towers,Retail,unknown,unknown,unknown,unknown,unknown,unknown,284000,284000,AED,unknown,unknown,unknown,sold_out,official_published_start_price,https://prodadmin-aqaar.realcube.estate/api/globalSearch?search=Orient%20Towers&pageNumber=1&pageSize=100,2026-06-24,0.80
6cb8dd4b_0ad1_e811_a2b8_00155d119707_inventory,6cb8dd4b_0ad1_e811_a2b8_00155d119707,Preston shops,Retail,unknown,unknown,unknown,unknown,unknown,unknown,30139,30139,AED,unknown,unknown,unknown,active,official_published_start_price,https://prodadmin-aqaar.realcube.estate/api/globalSearch?search=Preston%20shops&pageNumber=1&pageSize=100,2026-06-24,0.64
1be2d3a1_dee9_ef11_a2ce_00155d119747_inventory,1be2d3a1_dee9_ef11_a2ce_00155d119747,Rashidia 2,unknown,unknown,unknown,unknown,unknown,unknown,unknown,unknown,unknown,unknown,unknown,unknown,unknown,active,unknown,https://prodadmin-aqaar.realcube.estate/api/globalSearch?search=Rashidia%202&pageNumber=1&pageSize=100,2026-06-24,0.60
f2b7dd4b_0ad1_e811_a2b8_00155d119707_inventory,f2b7dd4b_0ad1_e811_a2b8_00155d119707,Rashidia Towers,Retail,unknown,unknown,unknown,unknown,unknown,unknown,90000,90000,AED,unknown,unknown,unknown,sold_out,official_published_start_price,https://prodadmin-aqaar.realcube.estate/api/globalSearch?search=Rashidia%20Towers&pageNumber=1&pageSize=100,2026-06-24,0.80
46b8dd4b_0ad1_e811_a2b8_00155d119707_inventory,46b8dd4b_0ad1_e811_a2b8_00155d119707,Rawdat Al Reef Flats & Shops,Retail,1,3,unknown,unknown,unknown,unknown,6600,6600,AED,unknown,unknown,unknown,active,official_published_start_price,https://prodadmin-aqaar.realcube.estate/api/globalSearch?search=Rawdat%20Al%20Reef%20Flats%20%26%20Shops&pageNumber=1&pageSize=100,2026-06-24,0.80
5eb8dd4b_0ad1_e811_a2b8_00155d119707_inventory,5eb8dd4b_0ad1_e811_a2b8_00155d119707,Royal Academic School,Education,unknown,unknown,unknown,unknown,unknown,unknown,unknown,unknown,unknown,unknown,unknown,unknown,active,unknown,https://prodadmin-aqaar.realcube.estate/api/globalSearch?search=Royal%20Academic%20School&pageNumber=1&pageSize=100,2026-06-24,0.60
ceba2b44_2322_e911_a2b8_00155d119707_inventory,ceba2b44_2322_e911_a2b8_00155d119707,Royal Palaces,unknown,unknown,unknown,unknown,unknown,unknown,unknown,unknown,unknown,unknown,unknown,unknown,unknown,active,unknown,https://prodadmin-aqaar.realcube.estate/api/globalSearch?search=Royal%20Palaces&pageNumber=1&pageSize=100,2026-06-24,0.60
d6e426c5_e7c4_ee11_a2bf_00155d119841_inventory,d6e426c5_e7c4_ee11_a2bf_00155d119841,Settlement Project,unknown,unknown,unknown,unknown,unknown,unknown,unknown,unknown,unknown,unknown,unknown,unknown,unknown,active,unknown,https://prodadmin-aqaar.realcube.estate/api/globalSearch?search=Settlement%20Project&pageNumber=1&pageSize=100,2026-06-24,0.60
4ab8dd4b_0ad1_e811_a2b8_00155d119707_inventory,4ab8dd4b_0ad1_e811_a2b8_00155d119707,Traditional Houses - Al Manama,Retail,1,3,unknown,unknown,unknown,unknown,4800,4800,AED,unknown,unknown,unknown,active,official_published_start_price,https://prodadmin-aqaar.realcube.estate/api/globalSearch?search=Traditional%20Houses%20-%20Al%20Manama&pageNumber=1&pageSize=100,2026-06-24,0.80
2a3a3b61_bd9f_ee11_a2bf_00155d119841_inventory,2a3a3b61_bd9f_ee11_a2bf_00155d119841,UM Khalaad School For Basic Education C-1,Education,unknown,unknown,unknown,unknown,unknown,unknown,unknown,unknown,unknown,unknown,unknown,unknown,active,unknown,https://prodadmin-aqaar.realcube.estate/api/globalSearch?search=UM%20Khalaad%20School%20For%20Basic%20Education%20C-1&pageNumber=1&pageSize=100,2026-06-24,0.60
cab8dd4b_0ad1_e811_a2b8_00155d119707_inventory,cab8dd4b_0ad1_e811_a2b8_00155d119707,Waqf Thamer Saied Salman (University),Education,unknown,unknown,unknown,unknown,unknown,unknown,20400,20400,AED,unknown,unknown,unknown,active,official_published_start_price,https://prodadmin-aqaar.realcube.estate/api/globalSearch?search=Waqf%20Thamer%20Saied%20Salman%20(University)&pageNumber=1&pageSize=100,2026-06-24,0.64
5a6d07a8_f7e1_ea11_a2c4_00155d119619_inventory,5a6d07a8_f7e1_ea11_a2c4_00155d119619,Water Treatment Plant,unknown,unknown,unknown,unknown,unknown,unknown,unknown,unknown,unknown,unknown,unknown,unknown,unknown,active,unknown,https://prodadmin-aqaar.realcube.estate/api/globalSearch?search=Water%20Treatment%20Plant&pageNumber=1&pageSize=100,2026-06-24,0.60
62b8dd4b_0ad1_e811_a2b8_00155d119707_inventory,62b8dd4b_0ad1_e811_a2b8_00155d119707,Wood Lem Park School,Education,unknown,unknown,unknown,unknown,unknown,unknown,unknown,unknown,unknown,unknown,unknown,unknown,active,unknown,https://prodadmin-aqaar.realcube.estate/api/globalSearch?search=Wood%20Lem%20Park%20School&pageNumber=1&pageSize=100,2026-06-24,0.60
