event_id,lead_id,event_type,event_timestamp,event_payload,source_package
EV-AQ-L-0001-1,AQ-L-0001,conversation_started,2026-06-24T11:00:00.000Z,"{""purpose"":""Buy"",""project_name"":""Ajman One - PH II"",""location"":""Ajman"",""timeline"":""immediate""}",AQAAR-KB-ACQ-FINAL
EV-AQ-L-0001-2,AQ-L-0001,purpose_detected,2026-06-24T11:00:45.000Z,"{""purpose"":""Buy"",""project_name"":""Ajman One - PH II"",""location"":""Ajman"",""timeline"":""immediate""}",AQAAR-KB-ACQ-FINAL
EV-AQ-L-0001-3,AQ-L-0001,project_matched,2026-06-24T11:01:30.000Z,"{""purpose"":""Buy"",""project_name"":""Ajman One - PH II"",""location"":""Ajman"",""timeline"":""immediate""}",AQAAR-KB-ACQ-FINAL
EV-AQ-L-0001-4,AQ-L-0001,lead_summary_generated,2026-06-24T11:02:15.000Z,"{""purpose"":""Buy"",""project_name"":""Ajman One - PH II"",""location"":""Ajman"",""timeline"":""immediate""}",AQAAR-KB-ACQ-FINAL
EV-AQ-L-0001-5,AQ-L-0001,sales_handoff_ready,2026-06-24T11:03:00.000Z,"{""purpose"":""Buy"",""project_name"":""Ajman One - PH II"",""location"":""Ajman"",""timeline"":""immediate""}",AQAAR-KB-ACQ-FINAL
EV-AQ-L-0002-1,AQ-L-0002,conversation_started,2026-06-24T10:00:00.000Z,"{""purpose"":""Rent"",""project_name"":""Ajman Uptown"",""location"":""Ajman"",""timeline"":""30_days""}",AQAAR-KB-ACQ-FINAL
EV-AQ-L-0002-2,AQ-L-0002,purpose_detected,2026-06-24T10:00:45.000Z,"{""purpose"":""Rent"",""project_name"":""Ajman Uptown"",""location"":""Ajman"",""timeline"":""30_days""}",AQAAR-KB-ACQ-FINAL
EV-AQ-L-0002-3,AQ-L-0002,project_matched,2026-06-24T10:01:30.000Z,"{""purpose"":""Rent"",""project_name"":""Ajman Uptown"",""location"":""Ajman"",""timeline"":""30_days""}",AQAAR-KB-ACQ-FINAL
EV-AQ-L-0002-4,AQ-L-0002,lead_summary_generated,2026-06-24T10:02:15.000Z,"{""purpose"":""Rent"",""project_name"":""Ajman Uptown"",""location"":""Ajman"",""timeline"":""30_days""}",AQAAR-KB-ACQ-FINAL
EV-AQ-L-0002-5,AQ-L-0002,sales_handoff_ready,2026-06-24T10:03:00.000Z,"{""purpose"":""Rent"",""project_name"":""Ajman Uptown"",""location"":""Ajman"",""timeline"":""30_days""}",AQAAR-KB-ACQ-FINAL
EV-AQ-L-0003-1,AQ-L-0003,conversation_started,2026-06-24T09:00:00.000Z,"{""purpose"":""Invest"",""project_name"":""Al Andalus 4"",""location"":""unknown"",""timeline"":""60_90_days""}",AQAAR-KB-ACQ-FINAL
EV-AQ-L-0003-2,AQ-L-0003,purpose_detected,2026-06-24T09:00:45.000Z,"{""purpose"":""Invest"",""project_name"":""Al Andalus 4"",""location"":""unknown"",""timeline"":""60_90_days""}",AQAAR-KB-ACQ-FINAL
EV-AQ-L-0003-3,AQ-L-0003,project_matched,2026-06-24T09:01:30.000Z,"{""purpose"":""Invest"",""project_name"":""Al Andalus 4"",""location"":""unknown"",""timeline"":""60_90_days""}",AQAAR-KB-ACQ-FINAL
EV-AQ-L-0003-4,AQ-L-0003,lead_summary_generated,2026-06-24T09:02:15.000Z,"{""purpose"":""Invest"",""project_name"":""Al Andalus 4"",""location"":""unknown"",""timeline"":""60_90_days""}",AQAAR-KB-ACQ-FINAL
EV-AQ-L-0003-5,AQ-L-0003,sales_handoff_ready,2026-06-24T09:03:00.000Z,"{""purpose"":""Invest"",""project_name"":""Al Andalus 4"",""location"":""unknown"",""timeline"":""60_90_days""}",AQAAR-KB-ACQ-FINAL
EV-AQ-L-0004-1,AQ-L-0004,conversation_started,2026-06-24T08:00:00.000Z,"{""purpose"":""Commercial"",""project_name"":""Al Arabi Building"",""location"":""unknown"",""timeline"":""3_6_months""}",AQAAR-KB-ACQ-FINAL
EV-AQ-L-0004-2,AQ-L-0004,purpose_detected,2026-06-24T08:00:45.000Z,"{""purpose"":""Commercial"",""project_name"":""Al Arabi Building"",""location"":""unknown"",""timeline"":""3_6_months""}",AQAAR-KB-ACQ-FINAL
EV-AQ-L-0004-3,AQ-L-0004,project_matched,2026-06-24T08:01:30.000Z,"{""purpose"":""Commercial"",""project_name"":""Al Arabi Building"",""location"":""unknown"",""timeline"":""3_6_months""}",AQAAR-KB-ACQ-FINAL
EV-AQ-L-0004-4,AQ-L-0004,lead_summary_generated,2026-06-24T08:02:15.000Z,"{""purpose"":""Commercial"",""project_name"":""Al Arabi Building"",""location"":""unknown"",""timeline"":""3_6_months""}",AQAAR-KB-ACQ-FINAL
EV-AQ-L-0004-5,AQ-L-0004,sales_handoff_ready,2026-06-24T08:03:00.000Z,"{""purpose"":""Commercial"",""project_name"":""Al Arabi Building"",""location"":""unknown"",""timeline"":""3_6_months""}",AQAAR-KB-ACQ-FINAL
EV-AQ-L-0005-1,AQ-L-0005,conversation_started,2026-06-24T07:00:00.000Z,"{""purpose"":""Buy"",""project_name"":""Ajman One - PH II"",""location"":""Ajman"",""timeline"":""unknown""}",AQAAR-KB-ACQ-FINAL
EV-AQ-L-0005-2,AQ-L-0005,purpose_detected,2026-06-24T07:00:45.000Z,"{""purpose"":""Buy"",""project_name"":""Ajman One - PH II"",""location"":""Ajman"",""timeline"":""unknown""}",AQAAR-KB-ACQ-FINAL
EV-AQ-L-0005-3,AQ-L-0005,project_matched,2026-06-24T07:01:30.000Z,"{""purpose"":""Buy"",""project_name"":""Ajman One - PH II"",""location"":""Ajman"",""timeline"":""unknown""}",AQAAR-KB-ACQ-FINAL
EV-AQ-L-0005-4,AQ-L-0005,lead_summary_generated,2026-06-24T07:02:15.000Z,"{""purpose"":""Buy"",""project_name"":""Ajman One - PH II"",""location"":""Ajman"",""timeline"":""unknown""}",AQAAR-KB-ACQ-FINAL
EV-AQ-L-0005-5,AQ-L-0005,sales_handoff_ready,2026-06-24T07:03:00.000Z,"{""purpose"":""Buy"",""project_name"":""Ajman One - PH II"",""location"":""Ajman"",""timeline"":""unknown""}",AQAAR-KB-ACQ-FINAL
EV-AQ-L-0006-1,AQ-L-0006,conversation_started,2026-06-24T06:00:00.000Z,"{""purpose"":""Rent"",""project_name"":""Al Berouj 2"",""location"":""unknown"",""timeline"":""immediate""}",AQAAR-KB-ACQ-FINAL
EV-AQ-L-0006-2,AQ-L-0006,purpose_detected,2026-06-24T06:00:45.000Z,"{""purpose"":""Rent"",""project_name"":""Al Berouj 2"",""location"":""unknown"",""timeline"":""immediate""}",AQAAR-KB-ACQ-FINAL
EV-AQ-L-0006-3,AQ-L-0006,project_matched,2026-06-24T06:01:30.000Z,"{""purpose"":""Rent"",""project_name"":""Al Berouj 2"",""location"":""unknown"",""timeline"":""immediate""}",AQAAR-KB-ACQ-FINAL
EV-AQ-L-0006-4,AQ-L-0006,lead_summary_generated,2026-06-24T06:02:15.000Z,"{""purpose"":""Rent"",""project_name"":""Al Berouj 2"",""location"":""unknown"",""timeline"":""immediate""}",AQAAR-KB-ACQ-FINAL
EV-AQ-L-0006-5,AQ-L-0006,sales_handoff_ready,2026-06-24T06:03:00.000Z,"{""purpose"":""Rent"",""project_name"":""Al Berouj 2"",""location"":""unknown"",""timeline"":""immediate""}",AQAAR-KB-ACQ-FINAL
EV-AQ-L-0007-1,AQ-L-0007,conversation_started,2026-06-24T05:00:00.000Z,"{""purpose"":""Invest"",""project_name"":""Al Berouj 3"",""location"":""unknown"",""timeline"":""30_days""}",AQAAR-KB-ACQ-FINAL
EV-AQ-L-0007-2,AQ-L-0007,purpose_detected,2026-06-24T05:00:45.000Z,"{""purpose"":""Invest"",""project_name"":""Al Berouj 3"",""location"":""unknown"",""timeline"":""30_days""}",AQAAR-KB-ACQ-FINAL
EV-AQ-L-0007-3,AQ-L-0007,project_matched,2026-06-24T05:01:30.000Z,"{""purpose"":""Invest"",""project_name"":""Al Berouj 3"",""location"":""unknown"",""timeline"":""30_days""}",AQAAR-KB-ACQ-FINAL
EV-AQ-L-0007-4,AQ-L-0007,lead_summary_generated,2026-06-24T05:02:15.000Z,"{""purpose"":""Invest"",""project_name"":""Al Berouj 3"",""location"":""unknown"",""timeline"":""30_days""}",AQAAR-KB-ACQ-FINAL
EV-AQ-L-0007-5,AQ-L-0007,sales_handoff_ready,2026-06-24T05:03:00.000Z,"{""purpose"":""Invest"",""project_name"":""Al Berouj 3"",""location"":""unknown"",""timeline"":""30_days""}",AQAAR-KB-ACQ-FINAL
EV-AQ-L-0008-1,AQ-L-0008,conversation_started,2026-06-24T04:00:00.000Z,"{""purpose"":""Commercial"",""project_name"":""Al Berouj 4"",""location"":""unknown"",""timeline"":""60_90_days""}",AQAAR-KB-ACQ-FINAL
EV-AQ-L-0008-2,AQ-L-0008,purpose_detected,2026-06-24T04:00:45.000Z,"{""purpose"":""Commercial"",""project_name"":""Al Berouj 4"",""location"":""unknown"",""timeline"":""60_90_days""}",AQAAR-KB-ACQ-FINAL
EV-AQ-L-0008-3,AQ-L-0008,project_matched,2026-06-24T04:01:30.000Z,"{""purpose"":""Commercial"",""project_name"":""Al Berouj 4"",""location"":""unknown"",""timeline"":""60_90_days""}",AQAAR-KB-ACQ-FINAL
EV-AQ-L-0008-4,AQ-L-0008,lead_summary_generated,2026-06-24T04:02:15.000Z,"{""purpose"":""Commercial"",""project_name"":""Al Berouj 4"",""location"":""unknown"",""timeline"":""60_90_days""}",AQAAR-KB-ACQ-FINAL
EV-AQ-L-0008-5,AQ-L-0008,sales_handoff_ready,2026-06-24T04:03:00.000Z,"{""purpose"":""Commercial"",""project_name"":""Al Berouj 4"",""location"":""unknown"",""timeline"":""60_90_days""}",AQAAR-KB-ACQ-FINAL
EV-AQ-L-0009-1,AQ-L-0009,conversation_started,2026-06-24T03:00:00.000Z,"{""purpose"":""Buy"",""project_name"":""Ajman One - PH II"",""location"":""Ajman"",""timeline"":""3_6_months""}",AQAAR-KB-ACQ-FINAL
EV-AQ-L-0009-2,AQ-L-0009,purpose_detected,2026-06-24T03:00:45.000Z,"{""purpose"":""Buy"",""project_name"":""Ajman One - PH II"",""location"":""Ajman"",""timeline"":""3_6_months""}",AQAAR-KB-ACQ-FINAL
EV-AQ-L-0009-3,AQ-L-0009,project_matched,2026-06-24T03:01:30.000Z,"{""purpose"":""Buy"",""project_name"":""Ajman One - PH II"",""location"":""Ajman"",""timeline"":""3_6_months""}",AQAAR-KB-ACQ-FINAL
EV-AQ-L-0009-4,AQ-L-0009,lead_summary_generated,2026-06-24T03:02:15.000Z,"{""purpose"":""Buy"",""project_name"":""Ajman One - PH II"",""location"":""Ajman"",""timeline"":""3_6_months""}",AQAAR-KB-ACQ-FINAL
EV-AQ-L-0009-5,AQ-L-0009,sales_handoff_ready,2026-06-24T03:03:00.000Z,"{""purpose"":""Buy"",""project_name"":""Ajman One - PH II"",""location"":""Ajman"",""timeline"":""3_6_months""}",AQAAR-KB-ACQ-FINAL
EV-AQ-L-0010-1,AQ-L-0010,conversation_started,2026-06-24T02:00:00.000Z,"{""purpose"":""Rent"",""project_name"":""Al Dana"",""location"":""unknown"",""timeline"":""unknown""}",AQAAR-KB-ACQ-FINAL
EV-AQ-L-0010-2,AQ-L-0010,purpose_detected,2026-06-24T02:00:45.000Z,"{""purpose"":""Rent"",""project_name"":""Al Dana"",""location"":""unknown"",""timeline"":""unknown""}",AQAAR-KB-ACQ-FINAL
EV-AQ-L-0010-3,AQ-L-0010,project_matched,2026-06-24T02:01:30.000Z,"{""purpose"":""Rent"",""project_name"":""Al Dana"",""location"":""unknown"",""timeline"":""unknown""}",AQAAR-KB-ACQ-FINAL
EV-AQ-L-0010-4,AQ-L-0010,lead_summary_generated,2026-06-24T02:02:15.000Z,"{""purpose"":""Rent"",""project_name"":""Al Dana"",""location"":""unknown"",""timeline"":""unknown""}",AQAAR-KB-ACQ-FINAL
EV-AQ-L-0010-5,AQ-L-0010,sales_handoff_ready,2026-06-24T02:03:00.000Z,"{""purpose"":""Rent"",""project_name"":""Al Dana"",""location"":""unknown"",""timeline"":""unknown""}",AQAAR-KB-ACQ-FINAL
EV-AQ-L-0011-1,AQ-L-0011,conversation_started,2026-06-20T14:00:00.000Z,"{""purpose"":""Invest"",""project_name"":""Al Durra"",""location"":""unknown"",""timeline"":""immediate""}",AQAAR-KB-ACQ-FINAL
EV-AQ-L-0011-2,AQ-L-0011,purpose_detected,2026-06-20T14:00:45.000Z,"{""purpose"":""Invest"",""project_name"":""Al Durra"",""location"":""unknown"",""timeline"":""immediate""}",AQAAR-KB-ACQ-FINAL
EV-AQ-L-0011-3,AQ-L-0011,project_matched,2026-06-20T14:01:30.000Z,"{""purpose"":""Invest"",""project_name"":""Al Durra"",""location"":""unknown"",""timeline"":""immediate""}",AQAAR-KB-ACQ-FINAL
EV-AQ-L-0011-4,AQ-L-0011,lead_summary_generated,2026-06-20T14:02:15.000Z,"{""purpose"":""Invest"",""project_name"":""Al Durra"",""location"":""unknown"",""timeline"":""immediate""}",AQAAR-KB-ACQ-FINAL
EV-AQ-L-0011-5,AQ-L-0011,sales_handoff_ready,2026-06-20T14:03:00.000Z,"{""purpose"":""Invest"",""project_name"":""Al Durra"",""location"":""unknown"",""timeline"":""immediate""}",AQAAR-KB-ACQ-FINAL
EV-AQ-L-0012-1,AQ-L-0012,conversation_started,2026-06-20T07:00:00.000Z,"{""purpose"":""Commercial"",""project_name"":""Al Fazzan"",""location"":""unknown"",""timeline"":""30_days""}",AQAAR-KB-ACQ-FINAL
EV-AQ-L-0012-2,AQ-L-0012,purpose_detected,2026-06-20T07:00:45.000Z,"{""purpose"":""Commercial"",""project_name"":""Al Fazzan"",""location"":""unknown"",""timeline"":""30_days""}",AQAAR-KB-ACQ-FINAL
EV-AQ-L-0012-3,AQ-L-0012,project_matched,2026-06-20T07:01:30.000Z,"{""purpose"":""Commercial"",""project_name"":""Al Fazzan"",""location"":""unknown"",""timeline"":""30_days""}",AQAAR-KB-ACQ-FINAL
EV-AQ-L-0012-4,AQ-L-0012,lead_summary_generated,2026-06-20T07:02:15.000Z,"{""purpose"":""Commercial"",""project_name"":""Al Fazzan"",""location"":""unknown"",""timeline"":""30_days""}",AQAAR-KB-ACQ-FINAL
EV-AQ-L-0012-5,AQ-L-0012,sales_handoff_ready,2026-06-20T07:03:00.000Z,"{""purpose"":""Commercial"",""project_name"":""Al Fazzan"",""location"":""unknown"",""timeline"":""30_days""}",AQAAR-KB-ACQ-FINAL
EV-AQ-L-0013-1,AQ-L-0013,conversation_started,2026-06-20T00:00:00.000Z,"{""purpose"":""Buy"",""project_name"":""Ajman One - PH II"",""location"":""Ajman"",""timeline"":""60_90_days""}",AQAAR-KB-ACQ-FINAL
EV-AQ-L-0013-2,AQ-L-0013,purpose_detected,2026-06-20T00:00:45.000Z,"{""purpose"":""Buy"",""project_name"":""Ajman One - PH II"",""location"":""Ajman"",""timeline"":""60_90_days""}",AQAAR-KB-ACQ-FINAL
EV-AQ-L-0013-3,AQ-L-0013,project_matched,2026-06-20T00:01:30.000Z,"{""purpose"":""Buy"",""project_name"":""Ajman One - PH II"",""location"":""Ajman"",""timeline"":""60_90_days""}",AQAAR-KB-ACQ-FINAL
EV-AQ-L-0013-4,AQ-L-0013,lead_summary_generated,2026-06-20T00:02:15.000Z,"{""purpose"":""Buy"",""project_name"":""Ajman One - PH II"",""location"":""Ajman"",""timeline"":""60_90_days""}",AQAAR-KB-ACQ-FINAL
EV-AQ-L-0013-5,AQ-L-0013,sales_handoff_ready,2026-06-20T00:03:00.000Z,"{""purpose"":""Buy"",""project_name"":""Ajman One - PH II"",""location"":""Ajman"",""timeline"":""60_90_days""}",AQAAR-KB-ACQ-FINAL
EV-AQ-L-0014-1,AQ-L-0014,conversation_started,2026-06-19T17:00:00.000Z,"{""purpose"":""Rent"",""project_name"":""Al Humaidia Villa 1"",""location"":""unknown"",""timeline"":""3_6_months""}",AQAAR-KB-ACQ-FINAL
EV-AQ-L-0014-2,AQ-L-0014,purpose_detected,2026-06-19T17:00:45.000Z,"{""purpose"":""Rent"",""project_name"":""Al Humaidia Villa 1"",""location"":""unknown"",""timeline"":""3_6_months""}",AQAAR-KB-ACQ-FINAL
EV-AQ-L-0014-3,AQ-L-0014,project_matched,2026-06-19T17:01:30.000Z,"{""purpose"":""Rent"",""project_name"":""Al Humaidia Villa 1"",""location"":""unknown"",""timeline"":""3_6_months""}",AQAAR-KB-ACQ-FINAL
EV-AQ-L-0014-4,AQ-L-0014,lead_summary_generated,2026-06-19T17:02:15.000Z,"{""purpose"":""Rent"",""project_name"":""Al Humaidia Villa 1"",""location"":""unknown"",""timeline"":""3_6_months""}",AQAAR-KB-ACQ-FINAL
EV-AQ-L-0014-5,AQ-L-0014,sales_handoff_ready,2026-06-19T17:03:00.000Z,"{""purpose"":""Rent"",""project_name"":""Al Humaidia Villa 1"",""location"":""unknown"",""timeline"":""3_6_months""}",AQAAR-KB-ACQ-FINAL
EV-AQ-L-0015-1,AQ-L-0015,conversation_started,2026-06-19T10:00:00.000Z,"{""purpose"":""Invest"",""project_name"":""Al Humaidia Villa 2"",""location"":""unknown"",""timeline"":""unknown""}",AQAAR-KB-ACQ-FINAL
EV-AQ-L-0015-2,AQ-L-0015,purpose_detected,2026-06-19T10:00:45.000Z,"{""purpose"":""Invest"",""project_name"":""Al Humaidia Villa 2"",""location"":""unknown"",""timeline"":""unknown""}",AQAAR-KB-ACQ-FINAL
EV-AQ-L-0015-3,AQ-L-0015,project_matched,2026-06-19T10:01:30.000Z,"{""purpose"":""Invest"",""project_name"":""Al Humaidia Villa 2"",""location"":""unknown"",""timeline"":""unknown""}",AQAAR-KB-ACQ-FINAL
EV-AQ-L-0015-4,AQ-L-0015,lead_summary_generated,2026-06-19T10:02:15.000Z,"{""purpose"":""Invest"",""project_name"":""Al Humaidia Villa 2"",""location"":""unknown"",""timeline"":""unknown""}",AQAAR-KB-ACQ-FINAL
EV-AQ-L-0015-5,AQ-L-0015,sales_handoff_ready,2026-06-19T10:03:00.000Z,"{""purpose"":""Invest"",""project_name"":""Al Humaidia Villa 2"",""location"":""unknown"",""timeline"":""unknown""}",AQAAR-KB-ACQ-FINAL
EV-AQ-L-0016-1,AQ-L-0016,conversation_started,2026-06-19T03:00:00.000Z,"{""purpose"":""Commercial"",""project_name"":""Al Itihad"",""location"":""unknown"",""timeline"":""immediate""}",AQAAR-KB-ACQ-FINAL
EV-AQ-L-0016-2,AQ-L-0016,purpose_detected,2026-06-19T03:00:45.000Z,"{""purpose"":""Commercial"",""project_name"":""Al Itihad"",""location"":""unknown"",""timeline"":""immediate""}",AQAAR-KB-ACQ-FINAL
EV-AQ-L-0016-3,AQ-L-0016,project_matched,2026-06-19T03:01:30.000Z,"{""purpose"":""Commercial"",""project_name"":""Al Itihad"",""location"":""unknown"",""timeline"":""immediate""}",AQAAR-KB-ACQ-FINAL
EV-AQ-L-0016-4,AQ-L-0016,lead_summary_generated,2026-06-19T03:02:15.000Z,"{""purpose"":""Commercial"",""project_name"":""Al Itihad"",""location"":""unknown"",""timeline"":""immediate""}",AQAAR-KB-ACQ-FINAL
EV-AQ-L-0016-5,AQ-L-0016,sales_handoff_ready,2026-06-19T03:03:00.000Z,"{""purpose"":""Commercial"",""project_name"":""Al Itihad"",""location"":""unknown"",""timeline"":""immediate""}",AQAAR-KB-ACQ-FINAL
EV-AQ-L-0017-1,AQ-L-0017,conversation_started,2026-06-18T20:00:00.000Z,"{""purpose"":""Buy"",""project_name"":""Ajman One - PH II"",""location"":""Ajman"",""timeline"":""30_days""}",AQAAR-KB-ACQ-FINAL
EV-AQ-L-0017-2,AQ-L-0017,purpose_detected,2026-06-18T20:00:45.000Z,"{""purpose"":""Buy"",""project_name"":""Ajman One - PH II"",""location"":""Ajman"",""timeline"":""30_days""}",AQAAR-KB-ACQ-FINAL
EV-AQ-L-0017-3,AQ-L-0017,project_matched,2026-06-18T20:01:30.000Z,"{""purpose"":""Buy"",""project_name"":""Ajman One - PH II"",""location"":""Ajman"",""timeline"":""30_days""}",AQAAR-KB-ACQ-FINAL
EV-AQ-L-0017-4,AQ-L-0017,lead_summary_generated,2026-06-18T20:02:15.000Z,"{""purpose"":""Buy"",""project_name"":""Ajman One - PH II"",""location"":""Ajman"",""timeline"":""30_days""}",AQAAR-KB-ACQ-FINAL
EV-AQ-L-0017-5,AQ-L-0017,sales_handoff_ready,2026-06-18T20:03:00.000Z,"{""purpose"":""Buy"",""project_name"":""Ajman One - PH II"",""location"":""Ajman"",""timeline"":""30_days""}",AQAAR-KB-ACQ-FINAL
EV-AQ-L-0018-1,AQ-L-0018,conversation_started,2026-06-18T13:00:00.000Z,"{""purpose"":""Rent"",""project_name"":""Al Jurf 1"",""location"":""Jurf 1"",""timeline"":""60_90_days""}",AQAAR-KB-ACQ-FINAL
EV-AQ-L-0018-2,AQ-L-0018,purpose_detected,2026-06-18T13:00:45.000Z,"{""purpose"":""Rent"",""project_name"":""Al Jurf 1"",""location"":""Jurf 1"",""timeline"":""60_90_days""}",AQAAR-KB-ACQ-FINAL
EV-AQ-L-0018-3,AQ-L-0018,project_matched,2026-06-18T13:01:30.000Z,"{""purpose"":""Rent"",""project_name"":""Al Jurf 1"",""location"":""Jurf 1"",""timeline"":""60_90_days""}",AQAAR-KB-ACQ-FINAL
EV-AQ-L-0018-4,AQ-L-0018,lead_summary_generated,2026-06-18T13:02:15.000Z,"{""purpose"":""Rent"",""project_name"":""Al Jurf 1"",""location"":""Jurf 1"",""timeline"":""60_90_days""}",AQAAR-KB-ACQ-FINAL
EV-AQ-L-0018-5,AQ-L-0018,sales_handoff_ready,2026-06-18T13:03:00.000Z,"{""purpose"":""Rent"",""project_name"":""Al Jurf 1"",""location"":""Jurf 1"",""timeline"":""60_90_days""}",AQAAR-KB-ACQ-FINAL
EV-AQ-L-0019-1,AQ-L-0019,conversation_started,2026-06-18T06:00:00.000Z,"{""purpose"":""Invest"",""project_name"":""Al Jurf 2"",""location"":""Jurf 2"",""timeline"":""3_6_months""}",AQAAR-KB-ACQ-FINAL
EV-AQ-L-0019-2,AQ-L-0019,purpose_detected,2026-06-18T06:00:45.000Z,"{""purpose"":""Invest"",""project_name"":""Al Jurf 2"",""location"":""Jurf 2"",""timeline"":""3_6_months""}",AQAAR-KB-ACQ-FINAL
EV-AQ-L-0019-3,AQ-L-0019,project_matched,2026-06-18T06:01:30.000Z,"{""purpose"":""Invest"",""project_name"":""Al Jurf 2"",""location"":""Jurf 2"",""timeline"":""3_6_months""}",AQAAR-KB-ACQ-FINAL
EV-AQ-L-0019-4,AQ-L-0019,lead_summary_generated,2026-06-18T06:02:15.000Z,"{""purpose"":""Invest"",""project_name"":""Al Jurf 2"",""location"":""Jurf 2"",""timeline"":""3_6_months""}",AQAAR-KB-ACQ-FINAL
EV-AQ-L-0019-5,AQ-L-0019,sales_handoff_ready,2026-06-18T06:03:00.000Z,"{""purpose"":""Invest"",""project_name"":""Al Jurf 2"",""location"":""Jurf 2"",""timeline"":""3_6_months""}",AQAAR-KB-ACQ-FINAL
EV-AQ-L-0020-1,AQ-L-0020,conversation_started,2026-06-17T23:00:00.000Z,"{""purpose"":""Commercial"",""project_name"":""Al Jurf 3"",""location"":""unknown"",""timeline"":""unknown""}",AQAAR-KB-ACQ-FINAL
EV-AQ-L-0020-2,AQ-L-0020,purpose_detected,2026-06-17T23:00:45.000Z,"{""purpose"":""Commercial"",""project_name"":""Al Jurf 3"",""location"":""unknown"",""timeline"":""unknown""}",AQAAR-KB-ACQ-FINAL
EV-AQ-L-0020-3,AQ-L-0020,project_matched,2026-06-17T23:01:30.000Z,"{""purpose"":""Commercial"",""project_name"":""Al Jurf 3"",""location"":""unknown"",""timeline"":""unknown""}",AQAAR-KB-ACQ-FINAL
EV-AQ-L-0020-4,AQ-L-0020,lead_summary_generated,2026-06-17T23:02:15.000Z,"{""purpose"":""Commercial"",""project_name"":""Al Jurf 3"",""location"":""unknown"",""timeline"":""unknown""}",AQAAR-KB-ACQ-FINAL
EV-AQ-L-0020-5,AQ-L-0020,sales_handoff_ready,2026-06-17T23:03:00.000Z,"{""purpose"":""Commercial"",""project_name"":""Al Jurf 3"",""location"":""unknown"",""timeline"":""unknown""}",AQAAR-KB-ACQ-FINAL
EV-AQ-L-0021-1,AQ-L-0021,conversation_started,2026-06-17T16:00:00.000Z,"{""purpose"":""Buy"",""project_name"":""Ajman One - PH II"",""location"":""Ajman"",""timeline"":""immediate""}",AQAAR-KB-ACQ-FINAL
EV-AQ-L-0021-2,AQ-L-0021,purpose_detected,2026-06-17T16:00:45.000Z,"{""purpose"":""Buy"",""project_name"":""Ajman One - PH II"",""location"":""Ajman"",""timeline"":""immediate""}",AQAAR-KB-ACQ-FINAL
EV-AQ-L-0021-3,AQ-L-0021,project_matched,2026-06-17T16:01:30.000Z,"{""purpose"":""Buy"",""project_name"":""Ajman One - PH II"",""location"":""Ajman"",""timeline"":""immediate""}",AQAAR-KB-ACQ-FINAL
EV-AQ-L-0021-4,AQ-L-0021,lead_summary_generated,2026-06-17T16:02:15.000Z,"{""purpose"":""Buy"",""project_name"":""Ajman One - PH II"",""location"":""Ajman"",""timeline"":""immediate""}",AQAAR-KB-ACQ-FINAL
EV-AQ-L-0021-5,AQ-L-0021,sales_handoff_ready,2026-06-17T16:03:00.000Z,"{""purpose"":""Buy"",""project_name"":""Ajman One - PH II"",""location"":""Ajman"",""timeline"":""immediate""}",AQAAR-KB-ACQ-FINAL
EV-AQ-L-0022-1,AQ-L-0022,conversation_started,2026-06-17T09:00:00.000Z,"{""purpose"":""Rent"",""project_name"":""Al Jurf Residential Villas"",""location"":""unknown"",""timeline"":""30_days""}",AQAAR-KB-ACQ-FINAL
EV-AQ-L-0022-2,AQ-L-0022,purpose_detected,2026-06-17T09:00:45.000Z,"{""purpose"":""Rent"",""project_name"":""Al Jurf Residential Villas"",""location"":""unknown"",""timeline"":""30_days""}",AQAAR-KB-ACQ-FINAL
EV-AQ-L-0022-3,AQ-L-0022,project_matched,2026-06-17T09:01:30.000Z,"{""purpose"":""Rent"",""project_name"":""Al Jurf Residential Villas"",""location"":""unknown"",""timeline"":""30_days""}",AQAAR-KB-ACQ-FINAL
EV-AQ-L-0022-4,AQ-L-0022,lead_summary_generated,2026-06-17T09:02:15.000Z,"{""purpose"":""Rent"",""project_name"":""Al Jurf Residential Villas"",""location"":""unknown"",""timeline"":""30_days""}",AQAAR-KB-ACQ-FINAL
EV-AQ-L-0022-5,AQ-L-0022,sales_handoff_ready,2026-06-17T09:03:00.000Z,"{""purpose"":""Rent"",""project_name"":""Al Jurf Residential Villas"",""location"":""unknown"",""timeline"":""30_days""}",AQAAR-KB-ACQ-FINAL
EV-AQ-L-0023-1,AQ-L-0023,conversation_started,2026-06-17T02:00:00.000Z,"{""purpose"":""Invest"",""project_name"":""Ajman One - PH II"",""location"":""Ajman"",""timeline"":""60_90_days""}",AQAAR-KB-ACQ-FINAL
EV-AQ-L-0023-2,AQ-L-0023,purpose_detected,2026-06-17T02:00:45.000Z,"{""purpose"":""Invest"",""project_name"":""Ajman One - PH II"",""location"":""Ajman"",""timeline"":""60_90_days""}",AQAAR-KB-ACQ-FINAL
EV-AQ-L-0023-3,AQ-L-0023,project_matched,2026-06-17T02:01:30.000Z,"{""purpose"":""Invest"",""project_name"":""Ajman One - PH II"",""location"":""Ajman"",""timeline"":""60_90_days""}",AQAAR-KB-ACQ-FINAL
EV-AQ-L-0023-4,AQ-L-0023,lead_summary_generated,2026-06-17T02:02:15.000Z,"{""purpose"":""Invest"",""project_name"":""Ajman One - PH II"",""location"":""Ajman"",""timeline"":""60_90_days""}",AQAAR-KB-ACQ-FINAL
EV-AQ-L-0023-5,AQ-L-0023,sales_handoff_ready,2026-06-17T02:03:00.000Z,"{""purpose"":""Invest"",""project_name"":""Ajman One - PH II"",""location"":""Ajman"",""timeline"":""60_90_days""}",AQAAR-KB-ACQ-FINAL
EV-AQ-L-0024-1,AQ-L-0024,conversation_started,2026-06-16T19:00:00.000Z,"{""purpose"":""Commercial"",""project_name"":""Ajman Uptown"",""location"":""Ajman"",""timeline"":""3_6_months""}",AQAAR-KB-ACQ-FINAL
EV-AQ-L-0024-2,AQ-L-0024,purpose_detected,2026-06-16T19:00:45.000Z,"{""purpose"":""Commercial"",""project_name"":""Ajman Uptown"",""location"":""Ajman"",""timeline"":""3_6_months""}",AQAAR-KB-ACQ-FINAL
EV-AQ-L-0024-3,AQ-L-0024,project_matched,2026-06-16T19:01:30.000Z,"{""purpose"":""Commercial"",""project_name"":""Ajman Uptown"",""location"":""Ajman"",""timeline"":""3_6_months""}",AQAAR-KB-ACQ-FINAL
EV-AQ-L-0024-4,AQ-L-0024,lead_summary_generated,2026-06-16T19:02:15.000Z,"{""purpose"":""Commercial"",""project_name"":""Ajman Uptown"",""location"":""Ajman"",""timeline"":""3_6_months""}",AQAAR-KB-ACQ-FINAL
EV-AQ-L-0024-5,AQ-L-0024,sales_handoff_ready,2026-06-16T19:03:00.000Z,"{""purpose"":""Commercial"",""project_name"":""Ajman Uptown"",""location"":""Ajman"",""timeline"":""3_6_months""}",AQAAR-KB-ACQ-FINAL
