asset_id,property_id,asset_type,asset_label,asset_url,source_url,last_verified
ccb8dd4b_0ad1_e811_a2b8_00155d119707_img_01,ccb8dd4b_0ad1_e811_a2b8_00155d119707,image,official primary project image,https://res.cloudinary.com/dotdjffbb/image/upload/q_auto/f_auto/v1728617872/Aqaar/Main%20Portal/community/images/Ajman_Corniche_Residences/408411956-1728617872.jpg,https://prodadmin-aqaar.realcube.estate/api/globalSearch?search=Ajman%20Corniche%20Residences&pageNumber=1&pageSize=100,2026-06-24
2eb8dd4b_0ad1_e811_a2b8_00155d119707_img_01,2eb8dd4b_0ad1_e811_a2b8_00155d119707,image,official primary project image,https://res.cloudinary.com/dotdjffbb/image/upload/q_auto/f_auto/v1727932428/Aqaar/Main%20Portal/community/images/Ajman_One/Artboard%204-1727932428.png,https://prodadmin-aqaar.realcube.estate/api/globalSearch?search=Ajman%20One&pageNumber=1&pageSize=100,2026-06-24
22796319_20da_ee11_a2bf_00155d119841_img_01,22796319_20da_ee11_a2bf_00155d119841,image,official primary project image,https://res.cloudinary.com/dotdjffbb/image/upload/q_auto/f_auto/v1728618295/Aqaar/Main%20Portal/community/images/Ajman_One_PH_II/a-j-2-1728618294.png,https://www.aqaar.com/ajman-one-phase2,2026-06-24
22796319_20da_ee11_a2bf_00155d119841_img_02,22796319_20da_ee11_a2bf_00155d119841,image,official project image,https://res.cloudinary.com/dotdjffbb/image/upload/q_auto/f_auto/v1728877127/Aqaar/Main%20Portal/community/images/Ajman_One_PH_II/01-LIVINGROOM%2003-1728877127.jpg,https://www.aqaar.com/ajman-one-phase2,2026-06-24
22796319_20da_ee11_a2bf_00155d119841_img_03,22796319_20da_ee11_a2bf_00155d119841,image,official project image,https://res.cloudinary.com/dotdjffbb/image/upload/q_auto/f_auto/v1728877145/Aqaar/Main%20Portal/community/images/Ajman_One_PH_II/02-BEDROOM%2003-1728877145.jpg,https://www.aqaar.com/ajman-one-phase2,2026-06-24
7f307ab5_a6a9_ea11_a2c3_00155d119619_img_01,7f307ab5_a6a9_ea11_a2c3_00155d119619,image,official primary project image,https://res.cloudinary.com/dotdjffbb/image/upload/q_auto/f_auto/v1728629177/Aqaar/Main%20Portal/community/images/Ajman_Pearl/4333-1728629177.png,https://prodadmin-aqaar.realcube.estate/api/globalSearch?search=Ajman%20Pearl&pageNumber=1&pageSize=100,2026-06-24
f6b7dd4b_0ad1_e811_a2b8_00155d119707_img_01,f6b7dd4b_0ad1_e811_a2b8_00155d119707,image,official primary project image,https://res.cloudinary.com/dotdjffbb/image/upload/q_auto/f_auto/v1728629764/Aqaar/Main%20Portal/community/images/Al_Andalus_4/_DSC1988-1728629764.jpg,https://prodadmin-aqaar.realcube.estate/api/globalSearch?search=Al%20Andalus%204&pageNumber=1&pageSize=100,2026-06-24
96b8dd4b_0ad1_e811_a2b8_00155d119707_img_01,96b8dd4b_0ad1_e811_a2b8_00155d119707,image,official primary project image,https://res.cloudinary.com/dotdjffbb/image/upload/q_auto/f_auto/v1728554493/Aqaar/Main%20Portal/community/images/Al_Arabi_Building/_DSC1783-1728554493.jpg,https://prodadmin-aqaar.realcube.estate/api/globalSearch?search=Al%20Arabi%20Building&pageNumber=1&pageSize=100,2026-06-24
3ab8dd4b_0ad1_e811_a2b8_00155d119707_img_01,3ab8dd4b_0ad1_e811_a2b8_00155d119707,image,official primary project image,https://res.cloudinary.com/dotdjffbb/image/upload/q_auto/f_auto/v1728879447/Aqaar/Main%20Portal/community/images/Al_Berouj_1/B1-1728879447.png,https://prodadmin-aqaar.realcube.estate/api/globalSearch?search=Al%20Berouj%201&pageNumber=1&pageSize=100,2026-06-24
3cb8dd4b_0ad1_e811_a2b8_00155d119707_img_01,3cb8dd4b_0ad1_e811_a2b8_00155d119707,image,official primary project image,https://res.cloudinary.com/dotdjffbb/image/upload/q_auto/f_auto/v1728879604/Aqaar/Main%20Portal/community/images/Al_Berouj_2/_DSC1835-1728879604.jpg,https://prodadmin-aqaar.realcube.estate/api/globalSearch?search=Al%20Berouj%202&pageNumber=1&pageSize=100,2026-06-24
3eb8dd4b_0ad1_e811_a2b8_00155d119707_img_01,3eb8dd4b_0ad1_e811_a2b8_00155d119707,image,official primary project image,https://res.cloudinary.com/dotdjffbb/image/upload/q_auto/f_auto/v1728555812/Aqaar/Main%20Portal/community/images/Al_Berouj_3/_DSC1822-1728555811.jpg,https://prodadmin-aqaar.realcube.estate/api/globalSearch?search=Al%20Berouj%203&pageNumber=1&pageSize=100,2026-06-24
40b8dd4b_0ad1_e811_a2b8_00155d119707_img_01,40b8dd4b_0ad1_e811_a2b8_00155d119707,image,official primary project image,https://res.cloudinary.com/dotdjffbb/image/upload/q_auto/f_auto/v1728555856/Aqaar/Main%20Portal/community/images/Al_Berouj_4/_DSC1830-1728555854.jpg,https://prodadmin-aqaar.realcube.estate/api/globalSearch?search=Al%20Berouj%204&pageNumber=1&pageSize=100,2026-06-24
ecb7dd4b_0ad1_e811_a2b8_00155d119707_img_01,ecb7dd4b_0ad1_e811_a2b8_00155d119707,image,official primary project image,https://res.cloudinary.com/dotdjffbb/image/upload/q_auto/f_auto/v1728555369/Aqaar/Main%20Portal/community/images/Al_Bustan/_DSC1799-1728555368.jpg,https://prodadmin-aqaar.realcube.estate/api/globalSearch?search=Al%20Bustan&pageNumber=1&pageSize=100,2026-06-24
e6b7dd4b_0ad1_e811_a2b8_00155d119707_img_01,e6b7dd4b_0ad1_e811_a2b8_00155d119707,image,official primary project image,https://res.cloudinary.com/dotdjffbb/image/upload/q_auto/f_auto/v1737006149/Aqaar/Main%20Portal/community/images/Al_Dana/swx-1737006149.jpg,https://prodadmin-aqaar.realcube.estate/api/globalSearch?search=Al%20Dana&pageNumber=1&pageSize=100,2026-06-24
feb7dd4b_0ad1_e811_a2b8_00155d119707_img_01,feb7dd4b_0ad1_e811_a2b8_00155d119707,image,official primary project image,https://res.cloudinary.com/dotdjffbb/image/upload/q_auto/f_auto/v1737005510/Aqaar/Main%20Portal/community/images/Al_Durra/%D9%84%D9%82%D8%B7%D8%A9%20%D8%B4%D8%A7%D8%B4%D8%A9%202025-01-16%20092934-1737005510.png,https://prodadmin-aqaar.realcube.estate/api/globalSearch?search=Al%20Durra&pageNumber=1&pageSize=100,2026-06-24
b0b8dd4b_0ad1_e811_a2b8_00155d119707_img_01,b0b8dd4b_0ad1_e811_a2b8_00155d119707,image,official primary project image,https://res.cloudinary.com/dotdjffbb/image/upload/q_auto/f_auto/v1728901697/Aqaar/Main%20Portal/community/images/Al_Fazzan/fazaan-1728901697.png,https://prodadmin-aqaar.realcube.estate/api/globalSearch?search=Al%20Fazzan&pageNumber=1&pageSize=100,2026-06-24
f4502104_adbf_ec11_a2bf_00155d119927_img_01,f4502104_adbf_ec11_a2bf_00155d119927,image,official primary project image,https://res.cloudinary.com/dotdjffbb/image/upload/q_auto/f_auto/v1726688024/Aqaar/Main%20Portal/community/images/Al_Gharoub/Alghuroob2-min-1726688023.jpg,https://prodadmin-aqaar.realcube.estate/api/globalSearch?search=Al%20Gharoub&pageNumber=1&pageSize=100,2026-06-24
f4502104_adbf_ec11_a2bf_00155d119927_img_02,f4502104_adbf_ec11_a2bf_00155d119927,image,official project image,https://res.cloudinary.com/dotdjffbb/image/upload/q_auto/f_auto/v1726688025/Aqaar/Main%20Portal/community/images/Al_Gharoub/PSX_20220117_203259-min-1726688024.jpg,https://prodadmin-aqaar.realcube.estate/api/globalSearch?search=Al%20Gharoub&pageNumber=1&pageSize=100,2026-06-24
f4502104_adbf_ec11_a2bf_00155d119927_img_03,f4502104_adbf_ec11_a2bf_00155d119927,image,official project image,https://res.cloudinary.com/dotdjffbb/image/upload/q_auto/f_auto/v1726688026/Aqaar/Main%20Portal/community/images/Al_Gharoub/PSX_20220117_220500-min-1726688026.jpg,https://prodadmin-aqaar.realcube.estate/api/globalSearch?search=Al%20Gharoub&pageNumber=1&pageSize=100,2026-06-24
e8b7dd4b_0ad1_e811_a2b8_00155d119707_img_01,e8b7dd4b_0ad1_e811_a2b8_00155d119707,image,official primary project image,https://res.cloudinary.com/dotdjffbb/image/upload/q_auto/f_auto/v1727850187/Aqaar/Main%20Portal/community/images/Al_Itihad/Al%20Ittihad%20tower%20%281%29-1727850187.jpg,https://prodadmin-aqaar.realcube.estate/api/globalSearch?search=Al%20Itihad&pageNumber=1&pageSize=100,2026-06-24
e8b7dd4b_0ad1_e811_a2b8_00155d119707_img_02,e8b7dd4b_0ad1_e811_a2b8_00155d119707,image,official project image,https://res.cloudinary.com/dotdjffbb/image/upload/q_auto/f_auto/v1728877229/Aqaar/Main%20Portal/community/images/Al_Itihad/image00009-1728877228.jpg,https://prodadmin-aqaar.realcube.estate/api/globalSearch?search=Al%20Itihad&pageNumber=1&pageSize=100,2026-06-24
e8b7dd4b_0ad1_e811_a2b8_00155d119707_img_03,e8b7dd4b_0ad1_e811_a2b8_00155d119707,image,official project image,https://res.cloudinary.com/dotdjffbb/image/upload/q_auto/f_auto/v1728877248/Aqaar/Main%20Portal/community/images/Al_Itihad/image00014-1728877248.jpg,https://prodadmin-aqaar.realcube.estate/api/globalSearch?search=Al%20Itihad&pageNumber=1&pageSize=100,2026-06-24
a6b8dd4b_0ad1_e811_a2b8_00155d119707_img_01,a6b8dd4b_0ad1_e811_a2b8_00155d119707,image,official primary project image,https://res.cloudinary.com/dotdjffbb/image/upload/q_auto/f_auto/v1728630500/Aqaar/Main%20Portal/community/images/Al_Johara/WhatsApp%20Image%202024-10-11%20at%2010.53.04%20AM-1728630500.jpg,https://prodadmin-aqaar.realcube.estate/api/globalSearch?search=Al%20Johara&pageNumber=1&pageSize=100,2026-06-24
24b8dd4b_0ad1_e811_a2b8_00155d119707_img_01,24b8dd4b_0ad1_e811_a2b8_00155d119707,image,official primary project image,https://res.cloudinary.com/dotdjffbb/image/upload/q_auto/f_auto/v1728623993/Aqaar/Main%20Portal/community/images/Al_Jurf_1/_DSC1876-1728623993.jpg,https://prodadmin-aqaar.realcube.estate/api/globalSearch?search=Al%20Jurf%201&pageNumber=1&pageSize=100,2026-06-24
26b8dd4b_0ad1_e811_a2b8_00155d119707_img_01,26b8dd4b_0ad1_e811_a2b8_00155d119707,image,official primary project image,https://res.cloudinary.com/dotdjffbb/image/upload/q_auto/f_auto/v1728624029/Aqaar/Main%20Portal/community/images/Al_Jurf_2/_DSC1870-1728624029.jpg,https://prodadmin-aqaar.realcube.estate/api/globalSearch?search=Al%20Jurf%202&pageNumber=1&pageSize=100,2026-06-24
22b8dd4b_0ad1_e811_a2b8_00155d119707_img_01,22b8dd4b_0ad1_e811_a2b8_00155d119707,image,official primary project image,https://res.cloudinary.com/dotdjffbb/image/upload/q_auto/f_auto/v1728623951/Aqaar/Main%20Portal/community/images/Al_Jurf_3/_DSC1907-1728623951.jpg,https://prodadmin-aqaar.realcube.estate/api/globalSearch?search=Al%20Jurf%203&pageNumber=1&pageSize=100,2026-06-24
2ab8dd4b_0ad1_e811_a2b8_00155d119707_img_01,2ab8dd4b_0ad1_e811_a2b8_00155d119707,image,official primary project image,https://res.cloudinary.com/dotdjffbb/image/upload/q_auto/f_auto/v1728624259/Aqaar/Main%20Portal/community/images/Al_Jurf_Complex/_DSC1884-1728624259.jpg,https://prodadmin-aqaar.realcube.estate/api/globalSearch?search=Al%20Jurf%20Complex&pageNumber=1&pageSize=100,2026-06-24
20b8dd4b_0ad1_e811_a2b8_00155d119707_img_01,20b8dd4b_0ad1_e811_a2b8_00155d119707,image,official primary project image,https://res.cloudinary.com/dotdjffbb/image/upload/q_auto/f_auto/v1728624104/Aqaar/Main%20Portal/community/images/Al_Jurf_Residential_Villas/_DSC1938-1728624104.jpg,https://prodadmin-aqaar.realcube.estate/api/globalSearch?search=Al%20Jurf%20Residential%20Villas&pageNumber=1&pageSize=100,2026-06-24
a2b8dd4b_0ad1_e811_a2b8_00155d119707_img_01,a2b8dd4b_0ad1_e811_a2b8_00155d119707,image,official primary project image,https://res.cloudinary.com/dotdjffbb/image/upload/q_auto/f_auto/v1728624514/Aqaar/Main%20Portal/community/images/Al_Jurf_Show_Room_1/_DSC1892-1728624513.jpg,https://prodadmin-aqaar.realcube.estate/api/globalSearch?search=Al%20Jurf%20Show%20Room%201&pageNumber=1&pageSize=100,2026-06-24
a4b8dd4b_0ad1_e811_a2b8_00155d119707_img_01,a4b8dd4b_0ad1_e811_a2b8_00155d119707,image,official primary project image,https://res.cloudinary.com/dotdjffbb/image/upload/q_auto/f_auto/v1728624546/Aqaar/Main%20Portal/community/images/Al_Jurf_Show_Room_2/_DSC1894-1728624546.jpg,https://prodadmin-aqaar.realcube.estate/api/globalSearch?search=Al%20Jurf%20Show%20Room%202&pageNumber=1&pageSize=100,2026-06-24
1cb8dd4b_0ad1_e811_a2b8_00155d119707_img_01,1cb8dd4b_0ad1_e811_a2b8_00155d119707,image,official primary project image,https://res.cloudinary.com/dotdjffbb/image/upload/q_auto/f_auto/v1728881854/Aqaar/Main%20Portal/community/images/Al_Jurf_Villas/_DSC1895-1728881854.jpg,https://prodadmin-aqaar.realcube.estate/api/globalSearch?search=Al%20Jurf%20Villas&pageNumber=1&pageSize=100,2026-06-24
1eb8dd4b_0ad1_e811_a2b8_00155d119707_img_01,1eb8dd4b_0ad1_e811_a2b8_00155d119707,image,official primary project image,https://res.cloudinary.com/dotdjffbb/image/upload/q_auto/f_auto/v1728881930/Aqaar/Main%20Portal/community/images/Al_Jurf_Villas_2/_DSC1899-1728881930.jpg,https://prodadmin-aqaar.realcube.estate/api/globalSearch?search=Al%20Jurf%20Villas%202&pageNumber=1&pageSize=100,2026-06-24
8aed16b5_4982_ec11_a2bf_00155d119927_img_01,8aed16b5_4982_ec11_a2bf_00155d119927,image,official primary project image,https://res.cloudinary.com/dotdjffbb/image/upload/q_auto/f_auto/v1728300482/Aqaar/Main%20Portal/community/images/Al_Karama/_DSC1656-1728300481.jpg,https://prodadmin-aqaar.realcube.estate/api/globalSearch?search=Al%20Karama&pageNumber=1&pageSize=100,2026-06-24
9cb8dd4b_0ad1_e811_a2b8_00155d119707_img_01,9cb8dd4b_0ad1_e811_a2b8_00155d119707,image,official primary project image,https://res.cloudinary.com/dotdjffbb/image/upload/q_auto/f_auto/v1728555758/Aqaar/Main%20Portal/community/images/Al_Madina_Tower/Al%20Suwan-1728555758.png,https://prodadmin-aqaar.realcube.estate/api/globalSearch?search=Al%20Madina%20Tower&pageNumber=1&pageSize=100,2026-06-24
7cb8dd4b_0ad1_e811_a2b8_00155d119707_img_01,7cb8dd4b_0ad1_e811_a2b8_00155d119707,image,official primary project image,https://res.cloudinary.com/dotdjffbb/image/upload/q_auto/f_auto/v1728877509/Aqaar/Main%20Portal/community/images/Al_Manama_Buildings/WhatsApp%20Image%202024-10-11%20at%2011.27.32%20AM-1728877509.jpg,https://prodadmin-aqaar.realcube.estate/api/globalSearch?search=Al%20Manama%20Buildings&pageNumber=1&pageSize=100,2026-06-24
48b8dd4b_0ad1_e811_a2b8_00155d119707_img_01,48b8dd4b_0ad1_e811_a2b8_00155d119707,image,official primary project image,https://res.cloudinary.com/dotdjffbb/image/upload/q_auto/f_auto/v1728631043/Aqaar/Main%20Portal/community/images/Al_Manama_Old_Clinic/WhatsApp%20Image%202024-10-11%20at%209.43.15%20AM-1728631043.png,https://prodadmin-aqaar.realcube.estate/api/globalSearch?search=Al%20Manama%20Old%20Clinic&pageNumber=1&pageSize=100,2026-06-24
0ab8dd4b_0ad1_e811_a2b8_00155d119707_img_01,0ab8dd4b_0ad1_e811_a2b8_00155d119707,image,official primary project image,https://res.cloudinary.com/dotdjffbb/image/upload/q_auto/f_auto/v1737008266/Aqaar/Main%20Portal/community/images/Al_Manara/wwwwwww-1737008266.jpg,https://prodadmin-aqaar.realcube.estate/api/globalSearch?search=Al%20Manara&pageNumber=1&pageSize=100,2026-06-24
12b8dd4b_0ad1_e811_a2b8_00155d119707_img_01,12b8dd4b_0ad1_e811_a2b8_00155d119707,image,official primary project image,https://res.cloudinary.com/dotdjffbb/image/upload/q_auto/f_auto/v1728554405/Aqaar/Main%20Portal/community/images/Al_Monaliza/_DSC1844-1728554404.jpg,https://prodadmin-aqaar.realcube.estate/api/globalSearch?search=Al%20Monaliza&pageNumber=1&pageSize=100,2026-06-24
b2b8dd4b_0ad1_e811_a2b8_00155d119707_img_01,b2b8dd4b_0ad1_e811_a2b8_00155d119707,image,official primary project image,https://res.cloudinary.com/dotdjffbb/image/upload/q_auto/f_auto/v1728881044/Aqaar/Main%20Portal/community/images/Al_Musalla_Building_%28Kempinski%29/876-1728881044.png,https://prodadmin-aqaar.realcube.estate/api/globalSearch?search=Al%20Musalla%20%20Building%20(Kempinski)&pageNumber=1&pageSize=100,2026-06-24
00b8dd4b_0ad1_e811_a2b8_00155d119707_img_01,00b8dd4b_0ad1_e811_a2b8_00155d119707,image,official primary project image,https://res.cloudinary.com/dotdjffbb/image/upload/q_auto/f_auto/v1737008445/Aqaar/Main%20Portal/community/images/Al_Muthaf/lkkmdslg%2CZXDF-1737008445.jpg,https://prodadmin-aqaar.realcube.estate/api/globalSearch?search=Al%20Muthaf&pageNumber=1&pageSize=100,2026-06-24
fcb7dd4b_0ad1_e811_a2b8_00155d119707_img_01,fcb7dd4b_0ad1_e811_a2b8_00155d119707,image,official primary project image,https://res.cloudinary.com/dotdjffbb/image/upload/q_auto/f_auto/v1728554227/Aqaar/Main%20Portal/community/images/Al_Nakheel_1/_DSC1863-1728554227.jpg,https://prodadmin-aqaar.realcube.estate/api/globalSearch?search=Al%20Nakheel%201&pageNumber=1&pageSize=100,2026-06-24
29eb4220_c77d_ec11_a2ca_00155d119619_img_01,29eb4220_c77d_ec11_a2ca_00155d119619,image,official primary project image,https://res.cloudinary.com/dotdjffbb/image/upload/q_auto/f_auto/v1728474654/Aqaar/Main%20Portal/community/images/Al_Nakheel_2/_DSC1634-1728474654.jpg,https://prodadmin-aqaar.realcube.estate/api/globalSearch?search=Al%20Nakheel%202&pageNumber=1&pageSize=100,2026-06-24
06b8dd4b_0ad1_e811_a2b8_00155d119707_img_01,06b8dd4b_0ad1_e811_a2b8_00155d119707,image,official primary project image,https://res.cloudinary.com/dotdjffbb/image/upload/q_auto/f_auto/v1728554039/Aqaar/Main%20Portal/community/images/Al_Nasr/_DSC1856-1728554038.jpg,https://prodadmin-aqaar.realcube.estate/api/globalSearch?search=Al%20Nasr&pageNumber=1&pageSize=100,2026-06-24
28b8dd4b_0ad1_e811_a2b8_00155d119707_img_01,28b8dd4b_0ad1_e811_a2b8_00155d119707,image,official primary project image,https://res.cloudinary.com/dotdjffbb/image/upload/q_auto/f_auto/v1728300124/Aqaar/Main%20Portal/community/images/Al_Nuaimia_Complex/_DSC1482-1728300124.jpg,https://prodadmin-aqaar.realcube.estate/api/globalSearch?search=Al%20Nuaimia%20Complex&pageNumber=1&pageSize=100,2026-06-24
9eb8dd4b_0ad1_e811_a2b8_00155d119707_img_01,9eb8dd4b_0ad1_e811_a2b8_00155d119707,image,official primary project image,https://res.cloudinary.com/dotdjffbb/image/upload/q_auto/f_auto/v1728475099/Aqaar/Main%20Portal/community/images/Al_Ofoq_Tower/_DSC1459-1728475099.jpg,https://prodadmin-aqaar.realcube.estate/api/globalSearch?search=Al%20Ofoq%20Tower&pageNumber=1&pageSize=100,2026-06-24
f0d34484_309f_ee11_a2bf_00155d119841_img_01,f0d34484_309f_ee11_a2bf_00155d119841,image,official primary project image,https://res.cloudinary.com/dotdjffbb/image/upload/q_auto/f_auto/v1737005431/Aqaar/Main%20Portal/community/images/Al_Rumaila_1/%D9%84%D9%82%D8%B7%D8%A9%20%D8%B4%D8%A7%D8%B4%D8%A9%202025-01-16%20090942-1737005430.png,https://prodadmin-aqaar.realcube.estate/api/globalSearch?search=Al%20Rumaila%201&pageNumber=1&pageSize=100,2026-06-24
18b8dd4b_0ad1_e811_a2b8_00155d119707_img_01,18b8dd4b_0ad1_e811_a2b8_00155d119707,image,official primary project image,https://res.cloudinary.com/dotdjffbb/image/upload/q_auto/f_auto/v1737008332/Aqaar/Main%20Portal/community/images/Al_Rumailah/159440b8-e8d8-4294-8ebb-2798bed8271e-1737008331.jpg,https://prodadmin-aqaar.realcube.estate/api/globalSearch?search=Al%20Rumailah&pageNumber=1&pageSize=100,2026-06-24
86b8dd4b_0ad1_e811_a2b8_00155d119707_img_01,86b8dd4b_0ad1_e811_a2b8_00155d119707,image,official primary project image,https://res.cloudinary.com/dotdjffbb/image/upload/q_auto/f_auto/v1728629932/Aqaar/Main%20Portal/community/images/Al_Rumailah_New_Villas/WhatsApp%20Image%202024-10-11%20at%209.44.10%20AM-1728629932.jpg,https://prodadmin-aqaar.realcube.estate/api/globalSearch?search=Al%20Rumailah%20New%20Villas&pageNumber=1&pageSize=100,2026-06-24
11f6f9c7_d27d_ec11_a2ca_00155d119619_img_01,11f6f9c7_d27d_ec11_a2ca_00155d119619,image,official primary project image,https://res.cloudinary.com/dotdjffbb/image/upload/q_auto/f_auto/v1728473513/Aqaar/Main%20Portal/community/images/Al_Sediq/_DSC1645-1728473512.jpg,https://prodadmin-aqaar.realcube.estate/api/globalSearch?search=Al%20Sediq&pageNumber=1&pageSize=100,2026-06-24
32b8dd4b_0ad1_e811_a2b8_00155d119707_img_01,32b8dd4b_0ad1_e811_a2b8_00155d119707,image,official primary project image,https://res.cloudinary.com/dotdjffbb/image/upload/q_auto/f_auto/v1728630715/Aqaar/Main%20Portal/community/images/Al_Shahba/Alshahba%20%281%29-1728630714.jpg,https://prodadmin-aqaar.realcube.estate/api/globalSearch?search=Al%20Shahba&pageNumber=1&pageSize=100,2026-06-24
32b8dd4b_0ad1_e811_a2b8_00155d119707_img_02,32b8dd4b_0ad1_e811_a2b8_00155d119707,image,official project image,https://res.cloudinary.com/dotdjffbb/image/upload/q_auto/f_auto/v1726688475/Aqaar/Main%20Portal/community/images/Al_Shahba/PSX_20220112_131005-min-min-1726688474.jpg,https://prodadmin-aqaar.realcube.estate/api/globalSearch?search=Al%20Shahba&pageNumber=1&pageSize=100,2026-06-24
32b8dd4b_0ad1_e811_a2b8_00155d119707_img_03,32b8dd4b_0ad1_e811_a2b8_00155d119707,image,official project image,https://res.cloudinary.com/dotdjffbb/image/upload/q_auto/f_auto/v1726688476/Aqaar/Main%20Portal/community/images/Al_Shahba/PSX_20220117_220500-min-min-1726688475.jpg,https://prodadmin-aqaar.realcube.estate/api/globalSearch?search=Al%20Shahba&pageNumber=1&pageSize=100,2026-06-24
90b8dd4b_0ad1_e811_a2b8_00155d119707_img_01,90b8dd4b_0ad1_e811_a2b8_00155d119707,image,official primary project image,https://res.cloudinary.com/dotdjffbb/image/upload/q_auto/f_auto/v1728625514/Aqaar/Main%20Portal/community/images/Al_Sheikh_Humaid_Building_%28Abu_Dhabi%29/auxaux-1728625514.jpg,https://prodadmin-aqaar.realcube.estate/api/globalSearch?search=Al%20Sheikh%20Humaid%20Building%20(Abu-Dhabi)&pageNumber=1&pageSize=100,2026-06-24
b4b8dd4b_0ad1_e811_a2b8_00155d119707_img_01,b4b8dd4b_0ad1_e811_a2b8_00155d119707,image,official primary project image,https://res.cloudinary.com/dotdjffbb/image/upload/q_auto/f_auto/v1728625624/Aqaar/Main%20Portal/community/images/Al_Sheikha_Fatima_Building_%28Abu_Dhabi%29/aux%202-1728625623.jpg,https://prodadmin-aqaar.realcube.estate/api/globalSearch?search=Al%20Sheikha%20Fatima%20Building%20(Abu-Dhabi)&pageNumber=1&pageSize=100,2026-06-24
44f00817_9e49_eb11_a2c6_00155d119619_img_01,44f00817_9e49_eb11_a2c6_00155d119619,image,official primary project image,https://res.cloudinary.com/dotdjffbb/image/upload/q_auto/f_auto/v1728554526/Aqaar/Main%20Portal/community/images/Al_Shorouq/_DSC1965-1728554526.jpg,https://prodadmin-aqaar.realcube.estate/api/globalSearch?search=Al%20Shorouq&pageNumber=1&pageSize=100,2026-06-24
0eb8dd4b_0ad1_e811_a2b8_00155d119707_img_01,0eb8dd4b_0ad1_e811_a2b8_00155d119707,image,official primary project image,https://res.cloudinary.com/dotdjffbb/image/upload/q_auto/f_auto/v1728555726/Aqaar/Main%20Portal/community/images/Al_Suwan/_DSC1825-1728555726.jpg,https://prodadmin-aqaar.realcube.estate/api/globalSearch?search=Al%20Suwan&pageNumber=1&pageSize=100,2026-06-24
10b8dd4b_0ad1_e811_a2b8_00155d119707_img_01,10b8dd4b_0ad1_e811_a2b8_00155d119707,image,official primary project image,https://res.cloudinary.com/dotdjffbb/image/upload/q_auto/f_auto/v1728554331/Aqaar/Main%20Portal/community/images/Al_Tameer/_DSC1785-1728554331.jpg,https://prodadmin-aqaar.realcube.estate/api/globalSearch?search=Al%20Tameer&pageNumber=1&pageSize=100,2026-06-24
a8b8dd4b_0ad1_e811_a2b8_00155d119707_img_01,a8b8dd4b_0ad1_e811_a2b8_00155d119707,image,official primary project image,https://res.cloudinary.com/dotdjffbb/image/upload/q_auto/f_auto/v1728880030/Aqaar/Main%20Portal/community/images/Al_Thuraya_1/43-1728880030.png,https://prodadmin-aqaar.realcube.estate/api/globalSearch?search=Al%20Thuraya%201&pageNumber=1&pageSize=100,2026-06-24
aab8dd4b_0ad1_e811_a2b8_00155d119707_img_01,aab8dd4b_0ad1_e811_a2b8_00155d119707,image,official primary project image,https://res.cloudinary.com/dotdjffbb/image/upload/q_auto/f_auto/v1728880599/Aqaar/Main%20Portal/community/images/Al_Thuraya_2/%D8%B3%D8%B3%D8%B3%D8%B3-1728880599.png,https://prodadmin-aqaar.realcube.estate/api/globalSearch?search=Al%20Thuraya%202&pageNumber=1&pageSize=100,2026-06-24
acb8dd4b_0ad1_e811_a2b8_00155d119707_img_01,acb8dd4b_0ad1_e811_a2b8_00155d119707,image,official primary project image,https://res.cloudinary.com/dotdjffbb/image/upload/q_auto/f_auto/v1728880634/Aqaar/Main%20Portal/community/images/Al_Thuraya_3/_DSC1982-1728880634.jpg,https://prodadmin-aqaar.realcube.estate/api/globalSearch?search=Al%20Thuraya%203&pageNumber=1&pageSize=100,2026-06-24
42b8dd4b_0ad1_e811_a2b8_00155d119707_img_01,42b8dd4b_0ad1_e811_a2b8_00155d119707,image,official primary project image,https://res.cloudinary.com/dotdjffbb/image/upload/q_auto/f_auto/v1727952015/Aqaar/Main%20Portal/community/images/Al_Yasmeen_Complex/Alyasmin%20with%20logo-1727952015.jpg,https://prodadmin-aqaar.realcube.estate/api/globalSearch?search=Al%20Yasmeen%20%20Complex&pageNumber=1&pageSize=100,2026-06-24
42b8dd4b_0ad1_e811_a2b8_00155d119707_img_02,42b8dd4b_0ad1_e811_a2b8_00155d119707,image,official project image,https://res.cloudinary.com/dotdjffbb/image/upload/q_auto/f_auto/v1728877319/Aqaar/Main%20Portal/community/images/Al_Yasmeen_Complex/image00011-1728877319.jpg,https://prodadmin-aqaar.realcube.estate/api/globalSearch?search=Al%20Yasmeen%20%20Complex&pageNumber=1&pageSize=100,2026-06-24
42b8dd4b_0ad1_e811_a2b8_00155d119707_img_03,42b8dd4b_0ad1_e811_a2b8_00155d119707,image,official project image,https://res.cloudinary.com/dotdjffbb/image/upload/q_auto/f_auto/v1728877363/Aqaar/Main%20Portal/community/images/Al_Yasmeen_Complex/image00004-1728877363.jpg,https://prodadmin-aqaar.realcube.estate/api/globalSearch?search=Al%20Yasmeen%20%20Complex&pageNumber=1&pageSize=100,2026-06-24
beabdf96_e122_e911_a2b8_00155d119707_img_01,beabdf96_e122_e911_a2b8_00155d119707,image,official primary project image,https://res.cloudinary.com/dotdjffbb/image/upload/q_auto/f_auto/v1728631328/Aqaar/Main%20Portal/community/images/Al_Zahir/Al%20Zahir-1728631327.png,https://prodadmin-aqaar.realcube.estate/api/globalSearch?search=Al%20Zahir&pageNumber=1&pageSize=100,2026-06-24
02b8dd4b_0ad1_e811_a2b8_00155d119707_img_01,02b8dd4b_0ad1_e811_a2b8_00155d119707,image,official primary project image,https://res.cloudinary.com/dotdjffbb/image/upload/q_auto/f_auto/v1728623473/Aqaar/Main%20Portal/community/images/Al_Zahra_Complex/_DSC1598-1728623473.jpg,https://prodadmin-aqaar.realcube.estate/api/globalSearch?search=Al%20Zahra%20Complex&pageNumber=1&pageSize=100,2026-06-24
6c1c103f_f0f0_ea11_a2c4_00155d119619_img_01,6c1c103f_f0f0_ea11_a2c4_00155d119619,image,official primary project image,https://res.cloudinary.com/dotdjffbb/image/upload/q_auto/f_auto/v1727939297/Aqaar/Main%20Portal/community/images/Al_Khour_Tower_C/2704%20-1-1727939297.jpg,https://prodadmin-aqaar.realcube.estate/api/globalSearch?search=Al-Khour%20Tower%20C&pageNumber=1&pageSize=100,2026-06-24
eeb7dd4b_0ad1_e811_a2b8_00155d119707_img_01,eeb7dd4b_0ad1_e811_a2b8_00155d119707,image,official primary project image,https://res.cloudinary.com/dotdjffbb/image/upload/q_auto/f_auto/v1728454108/Aqaar/Main%20Portal/community/images/AL_Khour_Towers/AL-Khour%20Towers-1728454108.png,https://prodadmin-aqaar.realcube.estate/api/globalSearch?search=AL-Khour%20Towers&pageNumber=1&pageSize=100,2026-06-24
1ab8dd4b_0ad1_e811_a2b8_00155d119707_img_01,1ab8dd4b_0ad1_e811_a2b8_00155d119707,image,official primary project image,https://res.cloudinary.com/dotdjffbb/image/upload/q_auto/f_auto/v1728474250/Aqaar/Main%20Portal/community/images/Asayel_1/_DSC1474-1728474249.jpg,https://prodadmin-aqaar.realcube.estate/api/globalSearch?search=Asayel%201&pageNumber=1&pageSize=100,2026-06-24
a0b8dd4b_0ad1_e811_a2b8_00155d119707_img_01,a0b8dd4b_0ad1_e811_a2b8_00155d119707,image,official primary project image,https://res.cloudinary.com/dotdjffbb/image/upload/q_auto/f_auto/v1728629388/Aqaar/Main%20Portal/community/images/Asayel_2/_DSC2015-1728629388.jpg,https://prodadmin-aqaar.realcube.estate/api/globalSearch?search=Asayel%202&pageNumber=1&pageSize=100,2026-06-24
30b8dd4b_0ad1_e811_a2b8_00155d119707_img_01,30b8dd4b_0ad1_e811_a2b8_00155d119707,image,official primary project image,https://res.cloudinary.com/dotdjffbb/image/upload/q_auto/f_auto/v1727784220/Aqaar/Main%20Portal/community/images/City_Towers/City%20towers%20%283%29-1727784219.jpg,https://prodadmin-aqaar.realcube.estate/api/globalSearch?search=City%20Towers&pageNumber=1&pageSize=100,2026-06-24
04b8dd4b_0ad1_e811_a2b8_00155d119707_img_01,04b8dd4b_0ad1_e811_a2b8_00155d119707,image,official primary project image,https://res.cloudinary.com/dotdjffbb/image/upload/q_auto/f_auto/v1728553750/Aqaar/Main%20Portal/community/images/Commercial_Complex/_DSC1851-1728553749.jpg,https://prodadmin-aqaar.realcube.estate/api/globalSearch?search=Commercial%20Complex&pageNumber=1&pageSize=100,2026-06-24
16b8dd4b_0ad1_e811_a2b8_00155d119707_img_01,16b8dd4b_0ad1_e811_a2b8_00155d119707,image,official primary project image,https://res.cloudinary.com/dotdjffbb/image/upload/q_auto/f_auto/v1728552955/Aqaar/Main%20Portal/community/images/Corniche_Tower/Corniche-Tower-Ajman-1728552955.jpg,https://prodadmin-aqaar.realcube.estate/api/globalSearch?search=Corniche%20Tower&pageNumber=1&pageSize=100,2026-06-24
aeb8dd4b_0ad1_e811_a2b8_00155d119707_img_01,aeb8dd4b_0ad1_e811_a2b8_00155d119707,image,official primary project image,https://res.cloudinary.com/dotdjffbb/image/upload/q_auto/f_auto/v1728879163/Aqaar/Main%20Portal/community/images/Crystal/_DSC1996-1728879163.png,https://prodadmin-aqaar.realcube.estate/api/globalSearch?search=Crystal&pageNumber=1&pageSize=100,2026-06-24
38b8dd4b_0ad1_e811_a2b8_00155d119707_img_01,38b8dd4b_0ad1_e811_a2b8_00155d119707,image,official primary project image,https://res.cloudinary.com/dotdjffbb/image/upload/q_auto/f_auto/v1728903792/Aqaar/Main%20Portal/community/images/Crystal_1/uehcud-1728903792.png,https://prodadmin-aqaar.realcube.estate/api/globalSearch?search=Crystal%201&pageNumber=1&pageSize=100,2026-06-24
eab7dd4b_0ad1_e811_a2b8_00155d119707_img_01,eab7dd4b_0ad1_e811_a2b8_00155d119707,image,official primary project image,https://res.cloudinary.com/dotdjffbb/image/upload/q_auto/f_auto/v1727939694/Aqaar/Main%20Portal/community/images/Dewan_Towers/Artboard%206-1727939694.png,https://prodadmin-aqaar.realcube.estate/api/globalSearch?search=Dewan%20Towers&pageNumber=1&pageSize=100,2026-06-24
14b8dd4b_0ad1_e811_a2b8_00155d119707_img_01,14b8dd4b_0ad1_e811_a2b8_00155d119707,image,official primary project image,https://res.cloudinary.com/dotdjffbb/image/upload/q_auto/f_auto/v1728628987/Aqaar/Main%20Portal/community/images/Falcon_Towers/Picture1-3-jpg-1728628987.png,https://prodadmin-aqaar.realcube.estate/api/globalSearch?search=Falcon%20Towers&pageNumber=1&pageSize=100,2026-06-24
34b8dd4b_0ad1_e811_a2b8_00155d119707_img_01,34b8dd4b_0ad1_e811_a2b8_00155d119707,image,official primary project image,https://res.cloudinary.com/dotdjffbb/image/upload/q_auto/f_auto/v1728553194/Aqaar/Main%20Portal/community/images/Flamingo_Building/Flamingo%20Building-1728553194.png,https://prodadmin-aqaar.realcube.estate/api/globalSearch?search=Flamingo%20Building&pageNumber=1&pageSize=100,2026-06-24
36b8dd4b_0ad1_e811_a2b8_00155d119707_img_01,36b8dd4b_0ad1_e811_a2b8_00155d119707,image,official primary project image,https://res.cloudinary.com/dotdjffbb/image/upload/q_auto/f_auto/v1728553045/Aqaar/Main%20Portal/community/images/Flamingo_Villas/_DSC1946-1728553044.jpg,https://prodadmin-aqaar.realcube.estate/api/globalSearch?search=Flamingo%20Villas&pageNumber=1&pageSize=100,2026-06-24
bd3ddba0_76fe_eb11_a2c8_00155d119619_img_01,bd3ddba0_76fe_eb11_a2c8_00155d119619,image,official primary project image,https://res.cloudinary.com/dotdjffbb/image/upload/q_auto/f_auto/v1728624186/Aqaar/Main%20Portal/community/images/Galleria_Mall/2017-11-28-1728624186.jpg,https://prodadmin-aqaar.realcube.estate/api/globalSearch?search=Galleria%20Mall&pageNumber=1&pageSize=100,2026-06-24
7d307ab5_a6a9_ea11_a2c3_00155d119619_img_01,7d307ab5_a6a9_ea11_a2c3_00155d119619,image,official primary project image,https://res.cloudinary.com/dotdjffbb/image/upload/q_auto/f_auto/v1728552809/Aqaar/Main%20Portal/community/images/Garden_City/_DSC1922-1728552808.jpg,https://prodadmin-aqaar.realcube.estate/api/globalSearch?search=Garden%20City&pageNumber=1&pageSize=100,2026-06-24
e4b7dd4b_0ad1_e811_a2b8_00155d119707_img_01,e4b7dd4b_0ad1_e811_a2b8_00155d119707,image,official primary project image,https://res.cloudinary.com/dotdjffbb/image/upload/q_auto/f_auto/v1726688671/Aqaar/Main%20Portal/community/images/Grand/tower1%28A%292-min-1726688671.jpg,https://prodadmin-aqaar.realcube.estate/api/globalSearch?search=Grand&pageNumber=1&pageSize=100,2026-06-24
e4b7dd4b_0ad1_e811_a2b8_00155d119707_img_02,e4b7dd4b_0ad1_e811_a2b8_00155d119707,image,official project image,https://res.cloudinary.com/dotdjffbb/image/upload/q_auto/f_auto/v1726688672/Aqaar/Main%20Portal/community/images/Grand/PSX_20220117_215600-min-1726688671.jpg,https://prodadmin-aqaar.realcube.estate/api/globalSearch?search=Grand&pageNumber=1&pageSize=100,2026-06-24
e4b7dd4b_0ad1_e811_a2b8_00155d119707_img_03,e4b7dd4b_0ad1_e811_a2b8_00155d119707,image,official project image,https://res.cloudinary.com/dotdjffbb/image/upload/q_auto/f_auto/v1726688673/Aqaar/Main%20Portal/community/images/Grand/PSX_20220117_203653-min-1726688672.jpg,https://prodadmin-aqaar.realcube.estate/api/globalSearch?search=Grand&pageNumber=1&pageSize=100,2026-06-24
f4b7dd4b_0ad1_e811_a2b8_00155d119707_img_01,f4b7dd4b_0ad1_e811_a2b8_00155d119707,image,official primary project image,https://res.cloudinary.com/dotdjffbb/image/upload/q_auto/f_auto/v1728453916/Aqaar/Main%20Portal/community/images/Horizon_Towers/Horizon%20Towers-1728453916.png,https://prodadmin-aqaar.realcube.estate/api/globalSearch?search=Horizon%20Towers&pageNumber=1&pageSize=100,2026-06-24
9ab8dd4b_0ad1_e811_a2b8_00155d119707_img_01,9ab8dd4b_0ad1_e811_a2b8_00155d119707,image,official primary project image,https://res.cloudinary.com/dotdjffbb/image/upload/q_auto/f_auto/v1728300215/Aqaar/Main%20Portal/community/images/Lewara/_DSC1500-1728300215.jpg,https://prodadmin-aqaar.realcube.estate/api/globalSearch?search=Lewara&pageNumber=1&pageSize=100,2026-06-24
4cb8dd4b_0ad1_e811_a2b8_00155d119707_img_01,4cb8dd4b_0ad1_e811_a2b8_00155d119707,image,official primary project image,https://res.cloudinary.com/dotdjffbb/image/upload/q_auto/f_auto/v1728877571/Aqaar/Main%20Portal/community/images/Manama_Flats/WhatsApp%20Image%202024-10-11%20at%2011.04.30%20AM-1728877571.jpg,https://prodadmin-aqaar.realcube.estate/api/globalSearch?search=Manama%20Flats&pageNumber=1&pageSize=100,2026-06-24
84b8dd4b_0ad1_e811_a2b8_00155d119707_img_01,84b8dd4b_0ad1_e811_a2b8_00155d119707,image,official primary project image,https://res.cloudinary.com/dotdjffbb/image/upload/q_auto/f_auto/v1728623036/Aqaar/Main%20Portal/community/images/Masfoot_Buildings/MASFOOT%20B-1728623035.jpg,https://prodadmin-aqaar.realcube.estate/api/globalSearch?search=Masfoot%20Buildings&pageNumber=1&pageSize=100,2026-06-24
b514b2db_08f8_ea11_a2c5_00155d119619_img_01,b514b2db_08f8_ea11_a2c5_00155d119619,image,official primary project image,https://res.cloudinary.com/dotdjffbb/image/upload/q_auto/f_auto/v1755506938/Aqaar/Main%20Portal/community/images/Musherif_Villas/mv%20%281%29-1755506938.png,https://prodadmin-aqaar.realcube.estate/api/globalSearch?search=Musherif%20Villas&pageNumber=1&pageSize=100,2026-06-24
e9afbd0c_b405_ee11_a2bc_00155d119841_img_01,e9afbd0c_b405_ee11_a2bc_00155d119841,image,official primary project image,https://res.cloudinary.com/dotdjffbb/image/upload/q_auto/f_auto/v1781252697/Aqaar/Main%20Portal/community/images/New_Musherif_Villas/New%20Musherif%20Villas-1781252697.png,https://prodadmin-aqaar.realcube.estate/api/globalSearch?search=New%20Musherif%20Villas&pageNumber=1&pageSize=100,2026-06-24
f0b7dd4b_0ad1_e811_a2b8_00155d119707_img_01,f0b7dd4b_0ad1_e811_a2b8_00155d119707,image,official primary project image,https://res.cloudinary.com/dotdjffbb/image/upload/q_auto/f_auto/v1728552890/Aqaar/Main%20Portal/community/images/Nuaiemiyah_Towers/_DSC1971-1728552890.jpg,https://prodadmin-aqaar.realcube.estate/api/globalSearch?search=Nuaiemiyah%20Towers&pageNumber=1&pageSize=100,2026-06-24
0cb8dd4b_0ad1_e811_a2b8_00155d119707_img_01,0cb8dd4b_0ad1_e811_a2b8_00155d119707,image,official primary project image,https://res.cloudinary.com/dotdjffbb/image/upload/q_auto/f_auto/v1728553896/Aqaar/Main%20Portal/community/images/Old_Quds/_DSC1840-1728553896.jpg,https://prodadmin-aqaar.realcube.estate/api/globalSearch?search=Old%20Quds&pageNumber=1&pageSize=100,2026-06-24
bd8bd1e6_0420_e911_a2b8_00155d119707_img_01,bd8bd1e6_0420_e911_a2b8_00155d119707,image,official primary project image,https://res.cloudinary.com/dotdjffbb/image/upload/q_auto/f_auto/v1727939561/Aqaar/Main%20Portal/community/images/Orient_Towers/orient%20skyline-1727939561.jpg,https://prodadmin-aqaar.realcube.estate/api/globalSearch?search=Orient%20Towers&pageNumber=1&pageSize=100,2026-06-24
f2b7dd4b_0ad1_e811_a2b8_00155d119707_img_01,f2b7dd4b_0ad1_e811_a2b8_00155d119707,image,official primary project image,https://res.cloudinary.com/dotdjffbb/image/upload/q_auto/f_auto/v1728454252/Aqaar/Main%20Portal/community/images/Rashidia_Towers/Rashidia%20Towers-1728454252.png,https://prodadmin-aqaar.realcube.estate/api/globalSearch?search=Rashidia%20Towers&pageNumber=1&pageSize=100,2026-06-24
4ab8dd4b_0ad1_e811_a2b8_00155d119707_img_01,4ab8dd4b_0ad1_e811_a2b8_00155d119707,image,official primary project image,https://res.cloudinary.com/dotdjffbb/image/upload/q_auto/f_auto/v1728629297/Aqaar/Main%20Portal/community/images/Traditional_Houses_Al_Manama/WhatsApp%20Image%202024-10-11%20at%209.49.14%20AM%20%281%29-1728629297.png,https://prodadmin-aqaar.realcube.estate/api/globalSearch?search=Traditional%20Houses%20-%20Al%20Manama&pageNumber=1&pageSize=100,2026-06-24
dusit_brochure_pdf,836256dc_a305_f111_8407_70a8a5232028,brochure_pdf,Dusit Thani brochure PDF,assets/Dusit-Thani-Brochure.pdf,assets/Dusit-Thani-Brochure.pdf#page=1,2026-06-24
dusit_floorplan_1br_a,836256dc_a305_f111_8407_70a8a5232028,floorplan_reference,1 Bedroom Type A floorplan page,assets/Dusit-Thani-Brochure.pdf#page=10,assets/Dusit-Thani-Brochure.pdf#page=10,2026-06-24
dusit_floorplan_1br_b,836256dc_a305_f111_8407_70a8a5232028,floorplan_reference,1 Bedroom Type B floorplan page,assets/Dusit-Thani-Brochure.pdf#page=12,assets/Dusit-Thani-Brochure.pdf#page=12,2026-06-24
dusit_floorplan_2br_a,836256dc_a305_f111_8407_70a8a5232028,floorplan_reference,2 Bedroom Type A floorplan page,assets/Dusit-Thani-Brochure.pdf#page=14,assets/Dusit-Thani-Brochure.pdf#page=14,2026-06-24
dusit_floorplan_2br_b,836256dc_a305_f111_8407_70a8a5232028,floorplan_reference,2 Bedroom Type B floorplan page,assets/Dusit-Thani-Brochure.pdf#page=16,assets/Dusit-Thani-Brochure.pdf#page=16,2026-06-24
dusit_floorplan_3br_a,836256dc_a305_f111_8407_70a8a5232028,floorplan_reference,3 Bedroom Type A floorplan page,assets/Dusit-Thani-Brochure.pdf#page=18,assets/Dusit-Thani-Brochure.pdf#page=18,2026-06-24
dusit_floorplan_3br_b,836256dc_a305_f111_8407_70a8a5232028,floorplan_reference,3 Bedroom Type B floorplan page,assets/Dusit-Thani-Brochure.pdf#page=20,assets/Dusit-Thani-Brochure.pdf#page=20,2026-06-24
dusit_floorplan_4br,836256dc_a305_f111_8407_70a8a5232028,floorplan_reference,4 Bedroom floorplan page,assets/Dusit-Thani-Brochure.pdf#page=22,assets/Dusit-Thani-Brochure.pdf#page=22,2026-06-24
dusit_amenities_page,836256dc_a305_f111_8407_70a8a5232028,amenities_reference,"Kids Club, Gym Yoga Treatment Salon, Cafe Lounge page",assets/Dusit-Thani-Brochure.pdf#page=25,assets/Dusit-Thani-Brochure.pdf#page=25,2026-06-24
dusit_payment_plan_page,836256dc_a305_f111_8407_70a8a5232028,payment_plan_reference,Dusit payment plan page,assets/Dusit-Thani-Brochure.pdf#page=26,assets/Dusit-Thani-Brochure.pdf#page=26,2026-06-24
mawjan_brochure_pdf,ed194b08_59aa_f011_a2e0_00155d119f3e,brochure_pdf,Mawjan brochure PDF,assets/Mawjan-Brochure.pdf,assets/Mawjan-Brochure.pdf#page=1,2026-06-24
mawjan_floorplan_studio_111,ed194b08_59aa_f011_a2e0_00155d119f3e,floorplan_reference,Studio Unit 111 floorplan page,assets/Mawjan-Brochure.pdf#page=26,assets/Mawjan-Brochure.pdf#page=26,2026-06-24
mawjan_floorplan_1br_104,ed194b08_59aa_f011_a2e0_00155d119f3e,floorplan_reference,One Bedroom Unit 104 floorplan page,assets/Mawjan-Brochure.pdf#page=28,assets/Mawjan-Brochure.pdf#page=28,2026-06-24
mawjan_floorplan_1br_310,ed194b08_59aa_f011_a2e0_00155d119f3e,floorplan_reference,One Bedroom Unit 310 floorplan page,assets/Mawjan-Brochure.pdf#page=29,assets/Mawjan-Brochure.pdf#page=29,2026-06-24
mawjan_floorplan_2br_101,ed194b08_59aa_f011_a2e0_00155d119f3e,floorplan_reference,Two Bedroom Unit 101 floorplan page,assets/Mawjan-Brochure.pdf#page=33,assets/Mawjan-Brochure.pdf#page=33,2026-06-24
mawjan_floorplan_2br_307,ed194b08_59aa_f011_a2e0_00155d119f3e,floorplan_reference,Two Bedroom Unit 307 floorplan page,assets/Mawjan-Brochure.pdf#page=34,assets/Mawjan-Brochure.pdf#page=34,2026-06-24
mawjan_floorplan_2br_311,ed194b08_59aa_f011_a2e0_00155d119f3e,floorplan_reference,Two Bedroom Unit 311 floorplan page,assets/Mawjan-Brochure.pdf#page=35,assets/Mawjan-Brochure.pdf#page=35,2026-06-24
mawjan_floorplan_3br_102,ed194b08_59aa_f011_a2e0_00155d119f3e,floorplan_reference,Three Bedroom Unit 102 floorplan page,assets/Mawjan-Brochure.pdf#page=38,assets/Mawjan-Brochure.pdf#page=38,2026-06-24
mawjan_developer_page,ed194b08_59aa_f011_a2e0_00155d119f3e,developer_reference,Aqaar developer page in Mawjan brochure,assets/Mawjan-Brochure.pdf#page=3,assets/Mawjan-Brochure.pdf#page=3,2026-06-24
mawjan_location_page,ed194b08_59aa_f011_a2e0_00155d119f3e,location_reference,Mawjan location and lifestyle page,assets/Mawjan-Brochure.pdf#page=8,assets/Mawjan-Brochure.pdf#page=8,2026-06-24
