audit_id,entity_id,field_name,field_value,source_url,evidence_snippet,extraction_date,confidence_score
IAUD-000001,60b8dd4b_0ad1_e811_a2b8_00155d119707,project_name,Ajman American International School,https://prodadmin-aqaar.realcube.estate/api/globalSearch?search=Ajman%20American%20International%20School&pageNumber=1&pageSize=100,project row exists in v3 KB: Ajman American International School,2026-06-25,0.60
IAUD-000002,ccb8dd4b_0ad1_e811_a2b8_00155d119707,project_name,Ajman Corniche Residences,https://prodadmin-aqaar.realcube.estate/api/globalSearch?search=Ajman%20Corniche%20Residences&pageNumber=1&pageSize=100,project row exists in v3 KB: Ajman Corniche Residences,2026-06-25,0.80
IAUD-000003,2eb8dd4b_0ad1_e811_a2b8_00155d119707,project_name,Ajman One,https://prodadmin-aqaar.realcube.estate/api/globalSearch?search=Ajman%20One&pageNumber=1&pageSize=100,project row exists in v3 KB: Ajman One,2026-06-25,0.80
IAUD-000004,22796319_20da_ee11_a2bf_00155d119841,project_name,Ajman One - PH II,https://www.aqaar.com/ajman-one-phase2,project row exists in v3 KB: Ajman One - PH II,2026-06-25,0.94
IAUD-000005,7f307ab5_a6a9_ea11_a2c3_00155d119619,project_name,Ajman Pearl,https://prodadmin-aqaar.realcube.estate/api/globalSearch?search=Ajman%20Pearl&pageNumber=1&pageSize=100,project row exists in v3 KB: Ajman Pearl,2026-06-25,0.80
IAUD-000006,66b8dd4b_0ad1_e811_a2b8_00155d119707,project_name,Ajman Society Cooperative (Rumailah),https://prodadmin-aqaar.realcube.estate/api/globalSearch?search=Ajman%20Society%20Cooperative%20(Rumailah)&pageNumber=1&pageSize=100,project row exists in v3 KB: Ajman Society Cooperative (Rumailah),2026-06-25,0.60
IAUD-000007,2a565476_ed0f_ee11_a2be_00155d119f33,project_name,Ajman Uptown,https://prodadmin-aqaar.realcube.estate/api/globalSearch?search=Ajman%20Uptown&pageNumber=1&pageSize=100,project row exists in v3 KB: Ajman Uptown,2026-06-25,0.72
IAUD-000008,f6b7dd4b_0ad1_e811_a2b8_00155d119707,project_name,Al Andalus 4,https://prodadmin-aqaar.realcube.estate/api/globalSearch?search=Al%20Andalus%204&pageNumber=1&pageSize=100,project row exists in v3 KB: Al Andalus 4,2026-06-25,0.80
IAUD-000009,96b8dd4b_0ad1_e811_a2b8_00155d119707,project_name,Al Arabi Building,https://prodadmin-aqaar.realcube.estate/api/globalSearch?search=Al%20Arabi%20Building&pageNumber=1&pageSize=100,project row exists in v3 KB: Al Arabi Building,2026-06-25,0.80
IAUD-000010,3ab8dd4b_0ad1_e811_a2b8_00155d119707,project_name,Al Berouj 1,https://prodadmin-aqaar.realcube.estate/api/globalSearch?search=Al%20Berouj%201&pageNumber=1&pageSize=100,project row exists in v3 KB: Al Berouj 1,2026-06-25,0.80
IAUD-000011,3cb8dd4b_0ad1_e811_a2b8_00155d119707,project_name,Al Berouj 2,https://prodadmin-aqaar.realcube.estate/api/globalSearch?search=Al%20Berouj%202&pageNumber=1&pageSize=100,project row exists in v3 KB: Al Berouj 2,2026-06-25,0.80
IAUD-000012,3eb8dd4b_0ad1_e811_a2b8_00155d119707,project_name,Al Berouj 3,https://prodadmin-aqaar.realcube.estate/api/globalSearch?search=Al%20Berouj%203&pageNumber=1&pageSize=100,project row exists in v3 KB: Al Berouj 3,2026-06-25,0.80
IAUD-000013,40b8dd4b_0ad1_e811_a2b8_00155d119707,project_name,Al Berouj 4,https://prodadmin-aqaar.realcube.estate/api/globalSearch?search=Al%20Berouj%204&pageNumber=1&pageSize=100,project row exists in v3 KB: Al Berouj 4,2026-06-25,0.80
IAUD-000014,ecb7dd4b_0ad1_e811_a2b8_00155d119707,project_name,Al Bustan,https://prodadmin-aqaar.realcube.estate/api/globalSearch?search=Al%20Bustan&pageNumber=1&pageSize=100,project row exists in v3 KB: Al Bustan,2026-06-25,0.80
IAUD-000015,08b8dd4b_0ad1_e811_a2b8_00155d119707,project_name,Al Bustan Shops,https://prodadmin-aqaar.realcube.estate/api/globalSearch?search=Al%20Bustan%20Shops&pageNumber=1&pageSize=100,project row exists in v3 KB: Al Bustan Shops,2026-06-25,0.68
IAUD-000016,e6b7dd4b_0ad1_e811_a2b8_00155d119707,project_name,Al Dana,https://prodadmin-aqaar.realcube.estate/api/globalSearch?search=Al%20Dana&pageNumber=1&pageSize=100,project row exists in v3 KB: Al Dana,2026-06-25,0.80
IAUD-000017,feb7dd4b_0ad1_e811_a2b8_00155d119707,project_name,Al Durra,https://prodadmin-aqaar.realcube.estate/api/globalSearch?search=Al%20Durra&pageNumber=1&pageSize=100,project row exists in v3 KB: Al Durra,2026-06-25,0.80
IAUD-000018,b0b8dd4b_0ad1_e811_a2b8_00155d119707,project_name,Al Fazzan,https://prodadmin-aqaar.realcube.estate/api/globalSearch?search=Al%20Fazzan&pageNumber=1&pageSize=100,project row exists in v3 KB: Al Fazzan,2026-06-25,0.80
IAUD-000019,f4502104_adbf_ec11_a2bf_00155d119927,project_name,Al Gharoub,https://prodadmin-aqaar.realcube.estate/api/globalSearch?search=Al%20Gharoub&pageNumber=1&pageSize=100,project row exists in v3 KB: Al Gharoub,2026-06-25,0.86
IAUD-000020,5b5d5569_83e3_ef11_a2ce_00155d119747,project_name,Al Helio Villas,https://prodadmin-aqaar.realcube.estate/api/globalSearch?search=Al%20Helio%20Villas&pageNumber=1&pageSize=100,project row exists in v3 KB: Al Helio Villas,2026-06-25,0.60
IAUD-000021,2cb8dd4b_0ad1_e811_a2b8_00155d119707,project_name,Al Humaidia Show Rooms,https://prodadmin-aqaar.realcube.estate/api/globalSearch?search=Al%20Humaidia%20Show%20Rooms&pageNumber=1&pageSize=100,project row exists in v3 KB: Al Humaidia Show Rooms,2026-06-25,0.60
IAUD-000022,76b8dd4b_0ad1_e811_a2b8_00155d119707,project_name,Al Humaidia Villa 1,https://prodadmin-aqaar.realcube.estate/api/globalSearch?search=Al%20Humaidia%20Villa%201&pageNumber=1&pageSize=100,project row exists in v3 KB: Al Humaidia Villa 1,2026-06-25,0.72
IAUD-000023,78b8dd4b_0ad1_e811_a2b8_00155d119707,project_name,Al Humaidia Villa 2,https://prodadmin-aqaar.realcube.estate/api/globalSearch?search=Al%20Humaidia%20Villa%202&pageNumber=1&pageSize=100,project row exists in v3 KB: Al Humaidia Villa 2,2026-06-25,0.72
IAUD-000024,e8b7dd4b_0ad1_e811_a2b8_00155d119707,project_name,Al Itihad,https://prodadmin-aqaar.realcube.estate/api/globalSearch?search=Al%20Itihad&pageNumber=1&pageSize=100,project row exists in v3 KB: Al Itihad,2026-06-25,0.86
IAUD-000025,a6b8dd4b_0ad1_e811_a2b8_00155d119707,project_name,Al Johara,https://prodadmin-aqaar.realcube.estate/api/globalSearch?search=Al%20Johara&pageNumber=1&pageSize=100,project row exists in v3 KB: Al Johara,2026-06-25,0.80
IAUD-000026,24b8dd4b_0ad1_e811_a2b8_00155d119707,project_name,Al Jurf 1,https://prodadmin-aqaar.realcube.estate/api/globalSearch?search=Al%20Jurf%201&pageNumber=1&pageSize=100,project row exists in v3 KB: Al Jurf 1,2026-06-25,0.80
IAUD-000027,26b8dd4b_0ad1_e811_a2b8_00155d119707,project_name,Al Jurf 2,https://prodadmin-aqaar.realcube.estate/api/globalSearch?search=Al%20Jurf%202&pageNumber=1&pageSize=100,project row exists in v3 KB: Al Jurf 2,2026-06-25,0.80
IAUD-000028,22b8dd4b_0ad1_e811_a2b8_00155d119707,project_name,Al Jurf 3,https://prodadmin-aqaar.realcube.estate/api/globalSearch?search=Al%20Jurf%203&pageNumber=1&pageSize=100,project row exists in v3 KB: Al Jurf 3,2026-06-25,0.80
IAUD-000029,82b8dd4b_0ad1_e811_a2b8_00155d119707,project_name,Al Jurf Buildings 20 / A7 (Labor City),https://prodadmin-aqaar.realcube.estate/api/globalSearch?search=Al%20Jurf%20Buildings%2020%20%2F%20A7%20(Labor%20City)&pageNumber=1&pageSize=100,project row exists in v3 KB: Al Jurf Buildings 20 / A7 (Labor City),2026-06-25,0.60
IAUD-000030,80b8dd4b_0ad1_e811_a2b8_00155d119707,project_name,Al Jurf Buildings 20 / B7 (Labor City),https://prodadmin-aqaar.realcube.estate/api/globalSearch?search=Al%20Jurf%20Buildings%2020%20%2F%20B7%20(Labor%20City)&pageNumber=1&pageSize=100,project row exists in v3 KB: Al Jurf Buildings 20 / B7 (Labor City),2026-06-25,0.60
IAUD-000031,2ab8dd4b_0ad1_e811_a2b8_00155d119707,project_name,Al Jurf Complex,https://prodadmin-aqaar.realcube.estate/api/globalSearch?search=Al%20Jurf%20Complex&pageNumber=1&pageSize=100,project row exists in v3 KB: Al Jurf Complex,2026-06-25,0.80
IAUD-000032,20b8dd4b_0ad1_e811_a2b8_00155d119707,project_name,Al Jurf Residential Villas,https://prodadmin-aqaar.realcube.estate/api/globalSearch?search=Al%20Jurf%20Residential%20Villas&pageNumber=1&pageSize=100,project row exists in v3 KB: Al Jurf Residential Villas,2026-06-25,0.72
IAUD-000033,a2b8dd4b_0ad1_e811_a2b8_00155d119707,project_name,Al Jurf Show Room 1,https://prodadmin-aqaar.realcube.estate/api/globalSearch?search=Al%20Jurf%20Show%20Room%201&pageNumber=1&pageSize=100,project row exists in v3 KB: Al Jurf Show Room 1,2026-06-25,0.68
IAUD-000034,a4b8dd4b_0ad1_e811_a2b8_00155d119707,project_name,Al Jurf Show Room 2,https://prodadmin-aqaar.realcube.estate/api/globalSearch?search=Al%20Jurf%20Show%20Room%202&pageNumber=1&pageSize=100,project row exists in v3 KB: Al Jurf Show Room 2,2026-06-25,0.68
IAUD-000035,1cb8dd4b_0ad1_e811_a2b8_00155d119707,project_name,Al Jurf Villas,https://prodadmin-aqaar.realcube.estate/api/globalSearch?search=Al%20Jurf%20Villas&pageNumber=1&pageSize=100,project row exists in v3 KB: Al Jurf Villas,2026-06-25,0.72
IAUD-000036,1eb8dd4b_0ad1_e811_a2b8_00155d119707,project_name,Al Jurf Villas 2,https://prodadmin-aqaar.realcube.estate/api/globalSearch?search=Al%20Jurf%20Villas%202&pageNumber=1&pageSize=100,project row exists in v3 KB: Al Jurf Villas 2,2026-06-25,0.72
IAUD-000037,8aed16b5_4982_ec11_a2bf_00155d119927,project_name,Al Karama,https://prodadmin-aqaar.realcube.estate/api/globalSearch?search=Al%20Karama&pageNumber=1&pageSize=100,project row exists in v3 KB: Al Karama,2026-06-25,0.80
IAUD-000038,44b8dd4b_0ad1_e811_a2b8_00155d119707,project_name,Al Khor Villas & Shops,https://prodadmin-aqaar.realcube.estate/api/globalSearch?search=Al%20Khor%20Villas%20%26%20Shops&pageNumber=1&pageSize=100,project row exists in v3 KB: Al Khor Villas & Shops,2026-06-25,0.80
IAUD-000039,9cb8dd4b_0ad1_e811_a2b8_00155d119707,project_name,Al Madina Tower,https://prodadmin-aqaar.realcube.estate/api/globalSearch?search=Al%20Madina%20Tower&pageNumber=1&pageSize=100,project row exists in v3 KB: Al Madina Tower,2026-06-25,0.80
IAUD-000040,7cb8dd4b_0ad1_e811_a2b8_00155d119707,project_name,Al Manama Buildings,https://prodadmin-aqaar.realcube.estate/api/globalSearch?search=Al%20Manama%20Buildings&pageNumber=1&pageSize=100,project row exists in v3 KB: Al Manama Buildings,2026-06-25,0.80
IAUD-000041,74b8dd4b_0ad1_e811_a2b8_00155d119707,project_name,Al Manama Farm,https://prodadmin-aqaar.realcube.estate/api/globalSearch?search=Al%20Manama%20Farm&pageNumber=1&pageSize=100,project row exists in v3 KB: Al Manama Farm,2026-06-25,0.60
IAUD-000042,52cf79ec_eb47_ea11_a2bc_00155d119619,project_name,Al Manama Land,https://prodadmin-aqaar.realcube.estate/api/globalSearch?search=Al%20Manama%20Land&pageNumber=1&pageSize=100,project row exists in v3 KB: Al Manama Land,2026-06-25,0.60
IAUD-000043,6eb8dd4b_0ad1_e811_a2b8_00155d119707,project_name,Al Manama New Shops,https://prodadmin-aqaar.realcube.estate/api/globalSearch?search=Al%20Manama%20New%20Shops&pageNumber=1&pageSize=100,project row exists in v3 KB: Al Manama New Shops,2026-06-25,0.68
IAUD-000044,48b8dd4b_0ad1_e811_a2b8_00155d119707,project_name,Al Manama Old Clinic,https://prodadmin-aqaar.realcube.estate/api/globalSearch?search=Al%20Manama%20Old%20Clinic&pageNumber=1&pageSize=100,project row exists in v3 KB: Al Manama Old Clinic,2026-06-25,0.80
IAUD-000045,0ab8dd4b_0ad1_e811_a2b8_00155d119707,project_name,Al Manara,https://prodadmin-aqaar.realcube.estate/api/globalSearch?search=Al%20Manara&pageNumber=1&pageSize=100,project row exists in v3 KB: Al Manara,2026-06-25,0.80
IAUD-000046,94b8dd4b_0ad1_e811_a2b8_00155d119707,project_name,Al Maya Super market,https://prodadmin-aqaar.realcube.estate/api/globalSearch?search=Al%20Maya%20Super%20market&pageNumber=1&pageSize=100,project row exists in v3 KB: Al Maya Super market,2026-06-25,0.68
IAUD-000047,12b8dd4b_0ad1_e811_a2b8_00155d119707,project_name,Al Monaliza,https://prodadmin-aqaar.realcube.estate/api/globalSearch?search=Al%20Monaliza&pageNumber=1&pageSize=100,project row exists in v3 KB: Al Monaliza,2026-06-25,0.80
IAUD-000048,b2b8dd4b_0ad1_e811_a2b8_00155d119707,project_name,Al Musalla Building (Kempinski),https://prodadmin-aqaar.realcube.estate/api/globalSearch?search=Al%20Musalla%20%20Building%20(Kempinski)&pageNumber=1&pageSize=100,project row exists in v3 KB: Al Musalla Building (Kempinski),2026-06-25,0.80
IAUD-000049,00b8dd4b_0ad1_e811_a2b8_00155d119707,project_name,Al Muthaf,https://prodadmin-aqaar.realcube.estate/api/globalSearch?search=Al%20Muthaf&pageNumber=1&pageSize=100,project row exists in v3 KB: Al Muthaf,2026-06-25,0.80
IAUD-000050,fcb7dd4b_0ad1_e811_a2b8_00155d119707,project_name,Al Nakheel 1,https://prodadmin-aqaar.realcube.estate/api/globalSearch?search=Al%20Nakheel%201&pageNumber=1&pageSize=100,project row exists in v3 KB: Al Nakheel 1,2026-06-25,0.80
IAUD-000051,29eb4220_c77d_ec11_a2ca_00155d119619,project_name,Al Nakheel 2,https://prodadmin-aqaar.realcube.estate/api/globalSearch?search=Al%20Nakheel%202&pageNumber=1&pageSize=100,project row exists in v3 KB: Al Nakheel 2,2026-06-25,0.80
IAUD-000052,06b8dd4b_0ad1_e811_a2b8_00155d119707,project_name,Al Nasr,https://prodadmin-aqaar.realcube.estate/api/globalSearch?search=Al%20Nasr&pageNumber=1&pageSize=100,project row exists in v3 KB: Al Nasr,2026-06-25,0.80
IAUD-000053,28b8dd4b_0ad1_e811_a2b8_00155d119707,project_name,Al Nuaimia Complex,https://prodadmin-aqaar.realcube.estate/api/globalSearch?search=Al%20Nuaimia%20Complex&pageNumber=1&pageSize=100,project row exists in v3 KB: Al Nuaimia Complex,2026-06-25,0.80
IAUD-000054,9eb8dd4b_0ad1_e811_a2b8_00155d119707,project_name,Al Ofoq Tower,https://prodadmin-aqaar.realcube.estate/api/globalSearch?search=Al%20Ofoq%20Tower&pageNumber=1&pageSize=100,project row exists in v3 KB: Al Ofoq Tower,2026-06-25,0.80
IAUD-000055,98b8dd4b_0ad1_e811_a2b8_00155d119707,project_name,Al Quds Villa,https://prodadmin-aqaar.realcube.estate/api/globalSearch?search=Al%20Quds%20Villa&pageNumber=1&pageSize=100,project row exists in v3 KB: Al Quds Villa,2026-06-25,0.68
IAUD-000056,cc16b230_d81e_ee11_a2be_00155d119f33,project_name,Al Ras,https://prodadmin-aqaar.realcube.estate/api/globalSearch?search=Al%20Ras&pageNumber=1&pageSize=100,project row exists in v3 KB: Al Ras,2026-06-25,0.68
IAUD-000057,88c9f0b0_29ea_f011_8406_70a8a5211049,project_name,Al Refaa,https://prodadmin-aqaar.realcube.estate/api/globalSearch?search=Al%20Refaa&pageNumber=1&pageSize=100,project row exists in v3 KB: Al Refaa,2026-06-25,0.60
IAUD-000058,f0d34484_309f_ee11_a2bf_00155d119841,project_name,Al Rumaila 1,https://prodadmin-aqaar.realcube.estate/api/globalSearch?search=Al%20Rumaila%201&pageNumber=1&pageSize=100,project row exists in v3 KB: Al Rumaila 1,2026-06-25,0.80
IAUD-000059,18b8dd4b_0ad1_e811_a2b8_00155d119707,project_name,Al Rumailah,https://prodadmin-aqaar.realcube.estate/api/globalSearch?search=Al%20Rumailah&pageNumber=1&pageSize=100,project row exists in v3 KB: Al Rumailah,2026-06-25,0.80
IAUD-000060,86b8dd4b_0ad1_e811_a2b8_00155d119707,project_name,Al Rumailah New Villas,https://prodadmin-aqaar.realcube.estate/api/globalSearch?search=Al%20Rumailah%20New%20Villas&pageNumber=1&pageSize=100,project row exists in v3 KB: Al Rumailah New Villas,2026-06-25,0.80
IAUD-000061,11f6f9c7_d27d_ec11_a2ca_00155d119619,project_name,Al Sediq,https://prodadmin-aqaar.realcube.estate/api/globalSearch?search=Al%20Sediq&pageNumber=1&pageSize=100,project row exists in v3 KB: Al Sediq,2026-06-25,0.80
IAUD-000062,32b8dd4b_0ad1_e811_a2b8_00155d119707,project_name,Al Shahba,https://prodadmin-aqaar.realcube.estate/api/globalSearch?search=Al%20Shahba&pageNumber=1&pageSize=100,project row exists in v3 KB: Al Shahba,2026-06-25,0.86
IAUD-000063,90b8dd4b_0ad1_e811_a2b8_00155d119707,project_name,Al Sheikh Humaid Building (Abu-Dhabi),https://prodadmin-aqaar.realcube.estate/api/globalSearch?search=Al%20Sheikh%20Humaid%20Building%20(Abu-Dhabi)&pageNumber=1&pageSize=100,project row exists in v3 KB: Al Sheikh Humaid Building (Abu-Dhabi),2026-06-25,0.80
IAUD-000064,b4b8dd4b_0ad1_e811_a2b8_00155d119707,project_name,Al Sheikha Fatima Building (Abu-Dhabi),https://prodadmin-aqaar.realcube.estate/api/globalSearch?search=Al%20Sheikha%20Fatima%20Building%20(Abu-Dhabi)&pageNumber=1&pageSize=100,project row exists in v3 KB: Al Sheikha Fatima Building (Abu-Dhabi),2026-06-25,0.80
IAUD-000065,44f00817_9e49_eb11_a2c6_00155d119619,project_name,Al Shorouq,https://prodadmin-aqaar.realcube.estate/api/globalSearch?search=Al%20Shorouq&pageNumber=1&pageSize=100,project row exists in v3 KB: Al Shorouq,2026-06-25,0.80
IAUD-000066,0eb8dd4b_0ad1_e811_a2b8_00155d119707,project_name,Al Suwan,https://prodadmin-aqaar.realcube.estate/api/globalSearch?search=Al%20Suwan&pageNumber=1&pageSize=100,project row exists in v3 KB: Al Suwan,2026-06-25,0.80
IAUD-000067,10b8dd4b_0ad1_e811_a2b8_00155d119707,project_name,Al Tameer,https://prodadmin-aqaar.realcube.estate/api/globalSearch?search=Al%20Tameer&pageNumber=1&pageSize=100,project row exists in v3 KB: Al Tameer,2026-06-25,0.80
IAUD-000068,a8b8dd4b_0ad1_e811_a2b8_00155d119707,project_name,Al Thuraya 1,https://prodadmin-aqaar.realcube.estate/api/globalSearch?search=Al%20Thuraya%201&pageNumber=1&pageSize=100,project row exists in v3 KB: Al Thuraya 1,2026-06-25,0.80
IAUD-000069,aab8dd4b_0ad1_e811_a2b8_00155d119707,project_name,Al Thuraya 2,https://prodadmin-aqaar.realcube.estate/api/globalSearch?search=Al%20Thuraya%202&pageNumber=1&pageSize=100,project row exists in v3 KB: Al Thuraya 2,2026-06-25,0.80
IAUD-000070,acb8dd4b_0ad1_e811_a2b8_00155d119707,project_name,Al Thuraya 3,https://prodadmin-aqaar.realcube.estate/api/globalSearch?search=Al%20Thuraya%203&pageNumber=1&pageSize=100,project row exists in v3 KB: Al Thuraya 3,2026-06-25,0.80
IAUD-000071,42b8dd4b_0ad1_e811_a2b8_00155d119707,project_name,Al Yasmeen Complex,https://prodadmin-aqaar.realcube.estate/api/globalSearch?search=Al%20Yasmeen%20%20Complex&pageNumber=1&pageSize=100,project row exists in v3 KB: Al Yasmeen Complex,2026-06-25,0.86
IAUD-000072,beabdf96_e122_e911_a2b8_00155d119707,project_name,Al Zahir,https://prodadmin-aqaar.realcube.estate/api/globalSearch?search=Al%20Zahir&pageNumber=1&pageSize=100,project row exists in v3 KB: Al Zahir,2026-06-25,0.80
IAUD-000073,02b8dd4b_0ad1_e811_a2b8_00155d119707,project_name,Al Zahra Complex,https://prodadmin-aqaar.realcube.estate/api/globalSearch?search=Al%20Zahra%20Complex&pageNumber=1&pageSize=100,project row exists in v3 KB: Al Zahra Complex,2026-06-25,0.80
IAUD-000074,6c1c103f_f0f0_ea11_a2c4_00155d119619,project_name,Al-Khour Tower C,https://prodadmin-aqaar.realcube.estate/api/globalSearch?search=Al-Khour%20Tower%20C&pageNumber=1&pageSize=100,project row exists in v3 KB: Al-Khour Tower C,2026-06-25,0.80
IAUD-000075,eeb7dd4b_0ad1_e811_a2b8_00155d119707,project_name,AL-Khour Towers,https://prodadmin-aqaar.realcube.estate/api/globalSearch?search=AL-Khour%20Towers&pageNumber=1&pageSize=100,project row exists in v3 KB: AL-Khour Towers,2026-06-25,0.80
IAUD-000076,88b8dd4b_0ad1_e811_a2b8_00155d119707,project_name,Amina Hospital,https://prodadmin-aqaar.realcube.estate/api/globalSearch?search=Amina%20Hospital&pageNumber=1&pageSize=100,project row exists in v3 KB: Amina Hospital,2026-06-25,0.60
IAUD-000077,98de02ed_2222_e911_a2b8_00155d119707,project_name,Aqaar Offices,https://prodadmin-aqaar.realcube.estate/api/globalSearch?search=Aqaar%20Offices&pageNumber=1&pageSize=100,project row exists in v3 KB: Aqaar Offices,2026-06-25,0.60
IAUD-000078,1ab8dd4b_0ad1_e811_a2b8_00155d119707,project_name,Asayel 1,https://prodadmin-aqaar.realcube.estate/api/globalSearch?search=Asayel%201&pageNumber=1&pageSize=100,project row exists in v3 KB: Asayel 1,2026-06-25,0.80
IAUD-000079,a0b8dd4b_0ad1_e811_a2b8_00155d119707,project_name,Asayel 2,https://prodadmin-aqaar.realcube.estate/api/globalSearch?search=Asayel%202&pageNumber=1&pageSize=100,project row exists in v3 KB: Asayel 2,2026-06-25,0.80
IAUD-000080,c05d8b0f_bab9_e911_a2bb_00155d119619,project_name,Beach Residence,https://prodadmin-aqaar.realcube.estate/api/globalSearch?search=Beach%20Residence&pageNumber=1&pageSize=100,project row exists in v3 KB: Beach Residence,2026-06-25,0.68
IAUD-000081,5cb8dd4b_0ad1_e811_a2b8_00155d119707,project_name,Bloomington School,https://prodadmin-aqaar.realcube.estate/api/globalSearch?search=Bloomington%20School&pageNumber=1&pageSize=100,project row exists in v3 KB: Bloomington School,2026-06-25,0.60
IAUD-000082,64b8dd4b_0ad1_e811_a2b8_00155d119707,project_name,British International School,https://prodadmin-aqaar.realcube.estate/api/globalSearch?search=British%20International%20School&pageNumber=1&pageSize=100,project row exists in v3 KB: British International School,2026-06-25,0.60
IAUD-000083,54b8dd4b_0ad1_e811_a2b8_00155d119707,project_name,Building materials Factory,https://prodadmin-aqaar.realcube.estate/api/globalSearch?search=Building%20materials%20Factory&pageNumber=1&pageSize=100,project row exists in v3 KB: Building materials Factory,2026-06-25,0.60
IAUD-000084,30b8dd4b_0ad1_e811_a2b8_00155d119707,project_name,City Towers,https://prodadmin-aqaar.realcube.estate/api/globalSearch?search=City%20Towers&pageNumber=1&pageSize=100,project row exists in v3 KB: City Towers,2026-06-25,0.80
IAUD-000085,04b8dd4b_0ad1_e811_a2b8_00155d119707,project_name,Commercial Complex,https://prodadmin-aqaar.realcube.estate/api/globalSearch?search=Commercial%20Complex&pageNumber=1&pageSize=100,project row exists in v3 KB: Commercial Complex,2026-06-25,0.80
IAUD-000086,16b8dd4b_0ad1_e811_a2b8_00155d119707,project_name,Corniche Tower,https://prodadmin-aqaar.realcube.estate/api/globalSearch?search=Corniche%20Tower&pageNumber=1&pageSize=100,project row exists in v3 KB: Corniche Tower,2026-06-25,0.80
IAUD-000087,301c3301_382a_eb11_a2c5_00155d119619,project_name,Crown Private,https://prodadmin-aqaar.realcube.estate/api/globalSearch?search=Crown%20Private&pageNumber=1&pageSize=100,project row exists in v3 KB: Crown Private,2026-06-25,0.60
IAUD-000088,aeb8dd4b_0ad1_e811_a2b8_00155d119707,project_name,Crystal,https://prodadmin-aqaar.realcube.estate/api/globalSearch?search=Crystal&pageNumber=1&pageSize=100,project row exists in v3 KB: Crystal,2026-06-25,0.80
IAUD-000089,38b8dd4b_0ad1_e811_a2b8_00155d119707,project_name,Crystal 1,https://prodadmin-aqaar.realcube.estate/api/globalSearch?search=Crystal%201&pageNumber=1&pageSize=100,project row exists in v3 KB: Crystal 1,2026-06-25,0.80
IAUD-000090,eab7dd4b_0ad1_e811_a2b8_00155d119707,project_name,Dewan Towers,https://prodadmin-aqaar.realcube.estate/api/globalSearch?search=Dewan%20Towers&pageNumber=1&pageSize=100,project row exists in v3 KB: Dewan Towers,2026-06-25,0.80
IAUD-000091,836256dc_a305_f111_8407_70a8a5232028,project_name,Dusit Thani Residences Ajman,assets/Dusit-Thani-Brochure.pdf#page=2,project row exists in v3 KB: Dusit Thani Residences Ajman,2026-06-25,0.98
IAUD-000092,14b8dd4b_0ad1_e811_a2b8_00155d119707,project_name,Falcon Towers,https://prodadmin-aqaar.realcube.estate/api/globalSearch?search=Falcon%20Towers&pageNumber=1&pageSize=100,project row exists in v3 KB: Falcon Towers,2026-06-25,0.80
IAUD-000093,34b8dd4b_0ad1_e811_a2b8_00155d119707,project_name,Flamingo Building,https://prodadmin-aqaar.realcube.estate/api/globalSearch?search=Flamingo%20Building&pageNumber=1&pageSize=100,project row exists in v3 KB: Flamingo Building,2026-06-25,0.80
IAUD-000094,36b8dd4b_0ad1_e811_a2b8_00155d119707,project_name,Flamingo Villas,https://prodadmin-aqaar.realcube.estate/api/globalSearch?search=Flamingo%20Villas&pageNumber=1&pageSize=100,project row exists in v3 KB: Flamingo Villas,2026-06-25,0.80
IAUD-000095,bd3ddba0_76fe_eb11_a2c8_00155d119619,project_name,Galleria Mall,https://prodadmin-aqaar.realcube.estate/api/globalSearch?search=Galleria%20Mall&pageNumber=1&pageSize=100,project row exists in v3 KB: Galleria Mall,2026-06-25,0.60
IAUD-000096,7d307ab5_a6a9_ea11_a2c3_00155d119619,project_name,Garden City,https://prodadmin-aqaar.realcube.estate/api/globalSearch?search=Garden%20City&pageNumber=1&pageSize=100,project row exists in v3 KB: Garden City,2026-06-25,0.80
IAUD-000097,e4b7dd4b_0ad1_e811_a2b8_00155d119707,project_name,Grand,https://prodadmin-aqaar.realcube.estate/api/globalSearch?search=Grand&pageNumber=1&pageSize=100,project row exists in v3 KB: Grand,2026-06-25,0.86
IAUD-000098,92b8dd4b_0ad1_e811_a2b8_00155d119707,project_name,Gulfa Warehouses,https://prodadmin-aqaar.realcube.estate/api/globalSearch?search=Gulfa%20Warehouses&pageNumber=1&pageSize=100,project row exists in v3 KB: Gulfa Warehouses,2026-06-25,0.60
IAUD-000099,58b8dd4b_0ad1_e811_a2b8_00155d119707,project_name,Habitat School,https://prodadmin-aqaar.realcube.estate/api/globalSearch?search=Habitat%20School&pageNumber=1&pageSize=100,project row exists in v3 KB: Habitat School,2026-06-25,0.60
IAUD-000100,f4b7dd4b_0ad1_e811_a2b8_00155d119707,project_name,Horizon Towers,https://prodadmin-aqaar.realcube.estate/api/globalSearch?search=Horizon%20Towers&pageNumber=1&pageSize=100,project row exists in v3 KB: Horizon Towers,2026-06-25,0.80
IAUD-000101,b984f548_ab76_f011_a2e0_00155d119f38,project_name,Horizon University,https://prodadmin-aqaar.realcube.estate/api/globalSearch?search=Horizon%20University&pageNumber=1&pageSize=100,project row exists in v3 KB: Horizon University,2026-06-25,0.60
IAUD-000102,50b8dd4b_0ad1_e811_a2b8_00155d119707,project_name,Houses and Flats Masfoot,https://prodadmin-aqaar.realcube.estate/api/globalSearch?search=Houses%20and%20Flats%20Masfoot&pageNumber=1&pageSize=100,project row exists in v3 KB: Houses and Flats Masfoot,2026-06-25,0.80
IAUD-000103,5ab8dd4b_0ad1_e811_a2b8_00155d119707,project_name,Indian International School 1,https://prodadmin-aqaar.realcube.estate/api/globalSearch?search=Indian%20International%20School%201&pageNumber=1&pageSize=100,project row exists in v3 KB: Indian International School 1,2026-06-25,0.60
IAUD-000104,8ab8dd4b_0ad1_e811_a2b8_00155d119707,project_name,Industrial area -1,https://prodadmin-aqaar.realcube.estate/api/globalSearch?search=Industrial%20area%20-1&pageNumber=1&pageSize=100,project row exists in v3 KB: Industrial area -1,2026-06-25,0.60
IAUD-000105,8eb8dd4b_0ad1_e811_a2b8_00155d119707,project_name,Industrial area -20,https://prodadmin-aqaar.realcube.estate/api/globalSearch?search=Industrial%20area%20-20&pageNumber=1&pageSize=100,project row exists in v3 KB: Industrial area -20,2026-06-25,0.60
IAUD-000106,8cb8dd4b_0ad1_e811_a2b8_00155d119707,project_name,Industrial area -3,https://prodadmin-aqaar.realcube.estate/api/globalSearch?search=Industrial%20area%20-3&pageNumber=1&pageSize=100,project row exists in v3 KB: Industrial area -3,2026-06-25,0.60
IAUD-000107,8dc5f8f8_ebb3_ec11_a2bf_00155d119927,project_name,industrial area 2,https://prodadmin-aqaar.realcube.estate/api/globalSearch?search=industrial%20area%202&pageNumber=1&pageSize=100,project row exists in v3 KB: industrial area 2,2026-06-25,0.60
IAUD-000108,8daed8f6_bd22_e911_a2b8_00155d119707,project_name,Labor Accommodation,https://prodadmin-aqaar.realcube.estate/api/globalSearch?search=Labor%20Accommodation&pageNumber=1&pageSize=100,project row exists in v3 KB: Labor Accommodation,2026-06-25,0.60
IAUD-000109,30485a5c_911e_ec11_a2c8_00155d119619,project_name,Lake Tower C4,https://prodadmin-aqaar.realcube.estate/api/globalSearch?search=Lake%20Tower%20C4&pageNumber=1&pageSize=100,project row exists in v3 KB: Lake Tower C4,2026-06-25,0.60
IAUD-000110,9ab8dd4b_0ad1_e811_a2b8_00155d119707,project_name,Lewara,https://prodadmin-aqaar.realcube.estate/api/globalSearch?search=Lewara&pageNumber=1&pageSize=100,project row exists in v3 KB: Lewara,2026-06-25,0.80
IAUD-000111,4cb8dd4b_0ad1_e811_a2b8_00155d119707,project_name,Manama Flats,https://prodadmin-aqaar.realcube.estate/api/globalSearch?search=Manama%20Flats&pageNumber=1&pageSize=100,project row exists in v3 KB: Manama Flats,2026-06-25,0.80
IAUD-000112,4eb8dd4b_0ad1_e811_a2b8_00155d119707,project_name,Manama Shops,https://prodadmin-aqaar.realcube.estate/api/globalSearch?search=Manama%20Shops&pageNumber=1&pageSize=100,project row exists in v3 KB: Manama Shops,2026-06-25,0.68
IAUD-000113,7ab8dd4b_0ad1_e811_a2b8_00155d119707,project_name,Manama Wedding Hall (Ajman Society),https://prodadmin-aqaar.realcube.estate/api/globalSearch?search=Manama%20Wedding%20Hall%20(Ajman%20Society)&pageNumber=1&pageSize=100,project row exists in v3 KB: Manama Wedding Hall (Ajman Society),2026-06-25,0.60
IAUD-000114,84b8dd4b_0ad1_e811_a2b8_00155d119707,project_name,Masfoot Buildings,https://prodadmin-aqaar.realcube.estate/api/globalSearch?search=Masfoot%20Buildings&pageNumber=1&pageSize=100,project row exists in v3 KB: Masfoot Buildings,2026-06-25,0.80
IAUD-000115,a736c16e_313f_e911_a2b9_00155d119910,project_name,Masfoot Plaza,https://prodadmin-aqaar.realcube.estate/api/globalSearch?search=Masfoot%20Plaza&pageNumber=1&pageSize=100,project row exists in v3 KB: Masfoot Plaza,2026-06-25,0.76
IAUD-000116,ed194b08_59aa_f011_a2e0_00155d119f3e,project_name,Mawjan,assets/Mawjan-Brochure.pdf#page=8,project row exists in v3 KB: Mawjan,2026-06-25,0.96
IAUD-000117,fcb24d18_ff7d_ee11_a2bf_00155d119f33,project_name,Metropolitan International Indian Private School,https://prodadmin-aqaar.realcube.estate/api/globalSearch?search=Metropolitan%20International%20Indian%20Private%20School&pageNumber=1&pageSize=100,project row exists in v3 KB: Metropolitan International Indian Private School,2026-06-25,0.60
IAUD-000118,dd64d3c4_e079_ed11_a2ba_00155d119841,project_name,Mortuary in Ajman Cemetery,https://prodadmin-aqaar.realcube.estate/api/globalSearch?search=Mortuary%20in%20Ajman%20Cemetery&pageNumber=1&pageSize=100,project row exists in v3 KB: Mortuary in Ajman Cemetery,2026-06-25,0.60
IAUD-000119,52b8dd4b_0ad1_e811_a2b8_00155d119707,project_name,Musheirif Shops,https://prodadmin-aqaar.realcube.estate/api/globalSearch?search=Musheirif%20Shops&pageNumber=1&pageSize=100,project row exists in v3 KB: Musheirif Shops,2026-06-25,0.68
IAUD-000120,b514b2db_08f8_ea11_a2c5_00155d119619,project_name,Musherif Villas,https://prodadmin-aqaar.realcube.estate/api/globalSearch?search=Musherif%20Villas&pageNumber=1&pageSize=100,project row exists in v3 KB: Musherif Villas,2026-06-25,0.80
IAUD-000121,f8b7dd4b_0ad1_e811_a2b8_00155d119707,project_name,New Gold Market,https://prodadmin-aqaar.realcube.estate/api/globalSearch?search=New%20Gold%20Market&pageNumber=1&pageSize=100,project row exists in v3 KB: New Gold Market,2026-06-25,0.72
IAUD-000122,e9afbd0c_b405_ee11_a2bc_00155d119841,project_name,New Musherif Villas,https://prodadmin-aqaar.realcube.estate/api/globalSearch?search=New%20Musherif%20Villas&pageNumber=1&pageSize=100,project row exists in v3 KB: New Musherif Villas,2026-06-25,0.72
IAUD-000123,bb57baca_fa02_ef11_a2c0_00155d119841,project_name,North Gate British School,https://prodadmin-aqaar.realcube.estate/api/globalSearch?search=North%20Gate%20British%20School&pageNumber=1&pageSize=100,project row exists in v3 KB: North Gate British School,2026-06-25,0.60
IAUD-000124,f0b7dd4b_0ad1_e811_a2b8_00155d119707,project_name,Nuaiemiyah Towers,https://prodadmin-aqaar.realcube.estate/api/globalSearch?search=Nuaiemiyah%20Towers&pageNumber=1&pageSize=100,project row exists in v3 KB: Nuaiemiyah Towers,2026-06-25,0.80
IAUD-000125,ea381dec_0c0f_ed11_a2bb_00155d119f33,project_name,Nuaimeya 3,https://prodadmin-aqaar.realcube.estate/api/globalSearch?search=Nuaimeya%203&pageNumber=1&pageSize=100,project row exists in v3 KB: Nuaimeya 3,2026-06-25,0.68
IAUD-000126,70b8dd4b_0ad1_e811_a2b8_00155d119707,project_name,Old Civil Defense (Middle East ),https://prodadmin-aqaar.realcube.estate/api/globalSearch?search=Old%20Civil%20Defense%20(Middle%20East%20)&pageNumber=1&pageSize=100,project row exists in v3 KB: Old Civil Defense (Middle East ),2026-06-25,0.60
IAUD-000127,fab7dd4b_0ad1_e811_a2b8_00155d119707,project_name,Old Gold Market,https://prodadmin-aqaar.realcube.estate/api/globalSearch?search=Old%20Gold%20Market&pageNumber=1&pageSize=100,project row exists in v3 KB: Old Gold Market,2026-06-25,0.72
IAUD-000128,0cb8dd4b_0ad1_e811_a2b8_00155d119707,project_name,Old Quds,https://prodadmin-aqaar.realcube.estate/api/globalSearch?search=Old%20Quds&pageNumber=1&pageSize=100,project row exists in v3 KB: Old Quds,2026-06-25,0.80
IAUD-000129,bd8bd1e6_0420_e911_a2b8_00155d119707,project_name,Orient Towers,https://prodadmin-aqaar.realcube.estate/api/globalSearch?search=Orient%20Towers&pageNumber=1&pageSize=100,project row exists in v3 KB: Orient Towers,2026-06-25,0.80
IAUD-000130,6cb8dd4b_0ad1_e811_a2b8_00155d119707,project_name,Preston shops,https://prodadmin-aqaar.realcube.estate/api/globalSearch?search=Preston%20shops&pageNumber=1&pageSize=100,project row exists in v3 KB: Preston shops,2026-06-25,0.64
IAUD-000131,1be2d3a1_dee9_ef11_a2ce_00155d119747,project_name,Rashidia 2,https://prodadmin-aqaar.realcube.estate/api/globalSearch?search=Rashidia%202&pageNumber=1&pageSize=100,project row exists in v3 KB: Rashidia 2,2026-06-25,0.60
IAUD-000132,f2b7dd4b_0ad1_e811_a2b8_00155d119707,project_name,Rashidia Towers,https://prodadmin-aqaar.realcube.estate/api/globalSearch?search=Rashidia%20Towers&pageNumber=1&pageSize=100,project row exists in v3 KB: Rashidia Towers,2026-06-25,0.80
IAUD-000133,46b8dd4b_0ad1_e811_a2b8_00155d119707,project_name,Rawdat Al Reef Flats & Shops,https://prodadmin-aqaar.realcube.estate/api/globalSearch?search=Rawdat%20Al%20Reef%20Flats%20%26%20Shops&pageNumber=1&pageSize=100,project row exists in v3 KB: Rawdat Al Reef Flats & Shops,2026-06-25,0.80
IAUD-000134,5eb8dd4b_0ad1_e811_a2b8_00155d119707,project_name,Royal Academic School,https://prodadmin-aqaar.realcube.estate/api/globalSearch?search=Royal%20Academic%20School&pageNumber=1&pageSize=100,project row exists in v3 KB: Royal Academic School,2026-06-25,0.60
IAUD-000135,ceba2b44_2322_e911_a2b8_00155d119707,project_name,Royal Palaces,https://prodadmin-aqaar.realcube.estate/api/globalSearch?search=Royal%20Palaces&pageNumber=1&pageSize=100,project row exists in v3 KB: Royal Palaces,2026-06-25,0.60
IAUD-000136,d6e426c5_e7c4_ee11_a2bf_00155d119841,project_name,Settlement Project,https://prodadmin-aqaar.realcube.estate/api/globalSearch?search=Settlement%20Project&pageNumber=1&pageSize=100,project row exists in v3 KB: Settlement Project,2026-06-25,0.60
IAUD-000137,4ab8dd4b_0ad1_e811_a2b8_00155d119707,project_name,Traditional Houses - Al Manama,https://prodadmin-aqaar.realcube.estate/api/globalSearch?search=Traditional%20Houses%20-%20Al%20Manama&pageNumber=1&pageSize=100,project row exists in v3 KB: Traditional Houses - Al Manama,2026-06-25,0.80
IAUD-000138,2a3a3b61_bd9f_ee11_a2bf_00155d119841,project_name,UM Khalaad School For Basic Education C-1,https://prodadmin-aqaar.realcube.estate/api/globalSearch?search=UM%20Khalaad%20School%20For%20Basic%20Education%20C-1&pageNumber=1&pageSize=100,project row exists in v3 KB: UM Khalaad School For Basic Education C-1,2026-06-25,0.60
IAUD-000139,cab8dd4b_0ad1_e811_a2b8_00155d119707,project_name,Waqf Thamer Saied Salman (University),https://prodadmin-aqaar.realcube.estate/api/globalSearch?search=Waqf%20Thamer%20Saied%20Salman%20(University)&pageNumber=1&pageSize=100,project row exists in v3 KB: Waqf Thamer Saied Salman (University),2026-06-25,0.64
IAUD-000140,5a6d07a8_f7e1_ea11_a2c4_00155d119619,project_name,Water Treatment Plant,https://prodadmin-aqaar.realcube.estate/api/globalSearch?search=Water%20Treatment%20Plant&pageNumber=1&pageSize=100,project row exists in v3 KB: Water Treatment Plant,2026-06-25,0.60
IAUD-000141,62b8dd4b_0ad1_e811_a2b8_00155d119707,project_name,Wood Lem Park School,https://prodadmin-aqaar.realcube.estate/api/globalSearch?search=Wood%20Lem%20Park%20School&pageNumber=1&pageSize=100,project row exists in v3 KB: Wood Lem Park School,2026-06-25,0.60
IAUD-000142,60b8dd4b_0ad1_e811_a2b8_00155d119707_inventory,unit_record,Ajman American International School,https://prodadmin-aqaar.realcube.estate/api/globalSearch?search=Ajman%20American%20International%20School&pageNumber=1&pageSize=100,inventory row exists in v3 KB: 60b8dd4b_0ad1_e811_a2b8_00155d119707_inventory,2026-06-25,0.60
IAUD-000143,ccb8dd4b_0ad1_e811_a2b8_00155d119707_inventory,unit_record,Ajman Corniche Residences,https://prodadmin-aqaar.realcube.estate/api/globalSearch?search=Ajman%20Corniche%20Residences&pageNumber=1&pageSize=100,inventory row exists in v3 KB: ccb8dd4b_0ad1_e811_a2b8_00155d119707_inventory,2026-06-25,0.80
IAUD-000144,2eb8dd4b_0ad1_e811_a2b8_00155d119707_inventory,unit_record,Ajman One,https://prodadmin-aqaar.realcube.estate/api/globalSearch?search=Ajman%20One&pageNumber=1&pageSize=100,inventory row exists in v3 KB: 2eb8dd4b_0ad1_e811_a2b8_00155d119707_inventory,2026-06-25,0.80
IAUD-000145,22796319_20da_ee11_a2bf_00155d119841_inventory,unit_record,Ajman One - PH II,https://www.aqaar.com/ajman-one-phase2,inventory row exists in v3 KB: 22796319_20da_ee11_a2bf_00155d119841_inventory,2026-06-25,0.94
IAUD-000146,7f307ab5_a6a9_ea11_a2c3_00155d119619_inventory,unit_record,Ajman Pearl,https://prodadmin-aqaar.realcube.estate/api/globalSearch?search=Ajman%20Pearl&pageNumber=1&pageSize=100,inventory row exists in v3 KB: 7f307ab5_a6a9_ea11_a2c3_00155d119619_inventory,2026-06-25,0.80
IAUD-000147,66b8dd4b_0ad1_e811_a2b8_00155d119707_inventory,unit_record,Ajman Society Cooperative (Rumailah),https://prodadmin-aqaar.realcube.estate/api/globalSearch?search=Ajman%20Society%20Cooperative%20(Rumailah)&pageNumber=1&pageSize=100,inventory row exists in v3 KB: 66b8dd4b_0ad1_e811_a2b8_00155d119707_inventory,2026-06-25,0.60
IAUD-000148,2a565476_ed0f_ee11_a2be_00155d119f33_inventory,unit_record,Ajman Uptown,https://prodadmin-aqaar.realcube.estate/api/globalSearch?search=Ajman%20Uptown&pageNumber=1&pageSize=100,inventory row exists in v3 KB: 2a565476_ed0f_ee11_a2be_00155d119f33_inventory,2026-06-25,0.72
IAUD-000149,f6b7dd4b_0ad1_e811_a2b8_00155d119707_inventory,unit_record,Al Andalus 4,https://prodadmin-aqaar.realcube.estate/api/globalSearch?search=Al%20Andalus%204&pageNumber=1&pageSize=100,inventory row exists in v3 KB: f6b7dd4b_0ad1_e811_a2b8_00155d119707_inventory,2026-06-25,0.80
IAUD-000150,96b8dd4b_0ad1_e811_a2b8_00155d119707_inventory,unit_record,Al Arabi Building,https://prodadmin-aqaar.realcube.estate/api/globalSearch?search=Al%20Arabi%20Building&pageNumber=1&pageSize=100,inventory row exists in v3 KB: 96b8dd4b_0ad1_e811_a2b8_00155d119707_inventory,2026-06-25,0.80
IAUD-000151,3ab8dd4b_0ad1_e811_a2b8_00155d119707_inventory,unit_record,Al Berouj 1,https://prodadmin-aqaar.realcube.estate/api/globalSearch?search=Al%20Berouj%201&pageNumber=1&pageSize=100,inventory row exists in v3 KB: 3ab8dd4b_0ad1_e811_a2b8_00155d119707_inventory,2026-06-25,0.80
IAUD-000152,3cb8dd4b_0ad1_e811_a2b8_00155d119707_inventory,unit_record,Al Berouj 2,https://prodadmin-aqaar.realcube.estate/api/globalSearch?search=Al%20Berouj%202&pageNumber=1&pageSize=100,inventory row exists in v3 KB: 3cb8dd4b_0ad1_e811_a2b8_00155d119707_inventory,2026-06-25,0.80
IAUD-000153,3eb8dd4b_0ad1_e811_a2b8_00155d119707_inventory,unit_record,Al Berouj 3,https://prodadmin-aqaar.realcube.estate/api/globalSearch?search=Al%20Berouj%203&pageNumber=1&pageSize=100,inventory row exists in v3 KB: 3eb8dd4b_0ad1_e811_a2b8_00155d119707_inventory,2026-06-25,0.80
IAUD-000154,40b8dd4b_0ad1_e811_a2b8_00155d119707_inventory,unit_record,Al Berouj 4,https://prodadmin-aqaar.realcube.estate/api/globalSearch?search=Al%20Berouj%204&pageNumber=1&pageSize=100,inventory row exists in v3 KB: 40b8dd4b_0ad1_e811_a2b8_00155d119707_inventory,2026-06-25,0.80
IAUD-000155,ecb7dd4b_0ad1_e811_a2b8_00155d119707_inventory,unit_record,Al Bustan,https://prodadmin-aqaar.realcube.estate/api/globalSearch?search=Al%20Bustan&pageNumber=1&pageSize=100,inventory row exists in v3 KB: ecb7dd4b_0ad1_e811_a2b8_00155d119707_inventory,2026-06-25,0.80
IAUD-000156,08b8dd4b_0ad1_e811_a2b8_00155d119707_inventory,unit_record,Al Bustan Shops,https://prodadmin-aqaar.realcube.estate/api/globalSearch?search=Al%20Bustan%20Shops&pageNumber=1&pageSize=100,inventory row exists in v3 KB: 08b8dd4b_0ad1_e811_a2b8_00155d119707_inventory,2026-06-25,0.68
IAUD-000157,e6b7dd4b_0ad1_e811_a2b8_00155d119707_inventory,unit_record,Al Dana,https://prodadmin-aqaar.realcube.estate/api/globalSearch?search=Al%20Dana&pageNumber=1&pageSize=100,inventory row exists in v3 KB: e6b7dd4b_0ad1_e811_a2b8_00155d119707_inventory,2026-06-25,0.80
IAUD-000158,feb7dd4b_0ad1_e811_a2b8_00155d119707_inventory,unit_record,Al Durra,https://prodadmin-aqaar.realcube.estate/api/globalSearch?search=Al%20Durra&pageNumber=1&pageSize=100,inventory row exists in v3 KB: feb7dd4b_0ad1_e811_a2b8_00155d119707_inventory,2026-06-25,0.80
IAUD-000159,b0b8dd4b_0ad1_e811_a2b8_00155d119707_inventory,unit_record,Al Fazzan,https://prodadmin-aqaar.realcube.estate/api/globalSearch?search=Al%20Fazzan&pageNumber=1&pageSize=100,inventory row exists in v3 KB: b0b8dd4b_0ad1_e811_a2b8_00155d119707_inventory,2026-06-25,0.80
IAUD-000160,f4502104_adbf_ec11_a2bf_00155d119927_inventory,unit_record,Al Gharoub,https://prodadmin-aqaar.realcube.estate/api/globalSearch?search=Al%20Gharoub&pageNumber=1&pageSize=100,inventory row exists in v3 KB: f4502104_adbf_ec11_a2bf_00155d119927_inventory,2026-06-25,0.86
IAUD-000161,5b5d5569_83e3_ef11_a2ce_00155d119747_inventory,unit_record,Al Helio Villas,https://prodadmin-aqaar.realcube.estate/api/globalSearch?search=Al%20Helio%20Villas&pageNumber=1&pageSize=100,inventory row exists in v3 KB: 5b5d5569_83e3_ef11_a2ce_00155d119747_inventory,2026-06-25,0.60
IAUD-000162,2cb8dd4b_0ad1_e811_a2b8_00155d119707_inventory,unit_record,Al Humaidia Show Rooms,https://prodadmin-aqaar.realcube.estate/api/globalSearch?search=Al%20Humaidia%20Show%20Rooms&pageNumber=1&pageSize=100,inventory row exists in v3 KB: 2cb8dd4b_0ad1_e811_a2b8_00155d119707_inventory,2026-06-25,0.60
IAUD-000163,76b8dd4b_0ad1_e811_a2b8_00155d119707_inventory,unit_record,Al Humaidia Villa 1,https://prodadmin-aqaar.realcube.estate/api/globalSearch?search=Al%20Humaidia%20Villa%201&pageNumber=1&pageSize=100,inventory row exists in v3 KB: 76b8dd4b_0ad1_e811_a2b8_00155d119707_inventory,2026-06-25,0.72
IAUD-000164,78b8dd4b_0ad1_e811_a2b8_00155d119707_inventory,unit_record,Al Humaidia Villa 2,https://prodadmin-aqaar.realcube.estate/api/globalSearch?search=Al%20Humaidia%20Villa%202&pageNumber=1&pageSize=100,inventory row exists in v3 KB: 78b8dd4b_0ad1_e811_a2b8_00155d119707_inventory,2026-06-25,0.72
IAUD-000165,e8b7dd4b_0ad1_e811_a2b8_00155d119707_inventory,unit_record,Al Itihad,https://prodadmin-aqaar.realcube.estate/api/globalSearch?search=Al%20Itihad&pageNumber=1&pageSize=100,inventory row exists in v3 KB: e8b7dd4b_0ad1_e811_a2b8_00155d119707_inventory,2026-06-25,0.86
IAUD-000166,a6b8dd4b_0ad1_e811_a2b8_00155d119707_inventory,unit_record,Al Johara,https://prodadmin-aqaar.realcube.estate/api/globalSearch?search=Al%20Johara&pageNumber=1&pageSize=100,inventory row exists in v3 KB: a6b8dd4b_0ad1_e811_a2b8_00155d119707_inventory,2026-06-25,0.80
IAUD-000167,24b8dd4b_0ad1_e811_a2b8_00155d119707_inventory,unit_record,Al Jurf 1,https://prodadmin-aqaar.realcube.estate/api/globalSearch?search=Al%20Jurf%201&pageNumber=1&pageSize=100,inventory row exists in v3 KB: 24b8dd4b_0ad1_e811_a2b8_00155d119707_inventory,2026-06-25,0.80
IAUD-000168,26b8dd4b_0ad1_e811_a2b8_00155d119707_inventory,unit_record,Al Jurf 2,https://prodadmin-aqaar.realcube.estate/api/globalSearch?search=Al%20Jurf%202&pageNumber=1&pageSize=100,inventory row exists in v3 KB: 26b8dd4b_0ad1_e811_a2b8_00155d119707_inventory,2026-06-25,0.80
IAUD-000169,22b8dd4b_0ad1_e811_a2b8_00155d119707_inventory,unit_record,Al Jurf 3,https://prodadmin-aqaar.realcube.estate/api/globalSearch?search=Al%20Jurf%203&pageNumber=1&pageSize=100,inventory row exists in v3 KB: 22b8dd4b_0ad1_e811_a2b8_00155d119707_inventory,2026-06-25,0.80
IAUD-000170,82b8dd4b_0ad1_e811_a2b8_00155d119707_inventory,unit_record,Al Jurf Buildings 20 / A7 (Labor City),https://prodadmin-aqaar.realcube.estate/api/globalSearch?search=Al%20Jurf%20Buildings%2020%20%2F%20A7%20(Labor%20City)&pageNumber=1&pageSize=100,inventory row exists in v3 KB: 82b8dd4b_0ad1_e811_a2b8_00155d119707_inventory,2026-06-25,0.60
IAUD-000171,80b8dd4b_0ad1_e811_a2b8_00155d119707_inventory,unit_record,Al Jurf Buildings 20 / B7 (Labor City),https://prodadmin-aqaar.realcube.estate/api/globalSearch?search=Al%20Jurf%20Buildings%2020%20%2F%20B7%20(Labor%20City)&pageNumber=1&pageSize=100,inventory row exists in v3 KB: 80b8dd4b_0ad1_e811_a2b8_00155d119707_inventory,2026-06-25,0.60
IAUD-000172,2ab8dd4b_0ad1_e811_a2b8_00155d119707_inventory,unit_record,Al Jurf Complex,https://prodadmin-aqaar.realcube.estate/api/globalSearch?search=Al%20Jurf%20Complex&pageNumber=1&pageSize=100,inventory row exists in v3 KB: 2ab8dd4b_0ad1_e811_a2b8_00155d119707_inventory,2026-06-25,0.80
IAUD-000173,20b8dd4b_0ad1_e811_a2b8_00155d119707_inventory,unit_record,Al Jurf Residential Villas,https://prodadmin-aqaar.realcube.estate/api/globalSearch?search=Al%20Jurf%20Residential%20Villas&pageNumber=1&pageSize=100,inventory row exists in v3 KB: 20b8dd4b_0ad1_e811_a2b8_00155d119707_inventory,2026-06-25,0.72
IAUD-000174,a2b8dd4b_0ad1_e811_a2b8_00155d119707_inventory,unit_record,Al Jurf Show Room 1,https://prodadmin-aqaar.realcube.estate/api/globalSearch?search=Al%20Jurf%20Show%20Room%201&pageNumber=1&pageSize=100,inventory row exists in v3 KB: a2b8dd4b_0ad1_e811_a2b8_00155d119707_inventory,2026-06-25,0.68
IAUD-000175,a4b8dd4b_0ad1_e811_a2b8_00155d119707_inventory,unit_record,Al Jurf Show Room 2,https://prodadmin-aqaar.realcube.estate/api/globalSearch?search=Al%20Jurf%20Show%20Room%202&pageNumber=1&pageSize=100,inventory row exists in v3 KB: a4b8dd4b_0ad1_e811_a2b8_00155d119707_inventory,2026-06-25,0.68
IAUD-000176,1cb8dd4b_0ad1_e811_a2b8_00155d119707_inventory,unit_record,Al Jurf Villas,https://prodadmin-aqaar.realcube.estate/api/globalSearch?search=Al%20Jurf%20Villas&pageNumber=1&pageSize=100,inventory row exists in v3 KB: 1cb8dd4b_0ad1_e811_a2b8_00155d119707_inventory,2026-06-25,0.72
IAUD-000177,1eb8dd4b_0ad1_e811_a2b8_00155d119707_inventory,unit_record,Al Jurf Villas 2,https://prodadmin-aqaar.realcube.estate/api/globalSearch?search=Al%20Jurf%20Villas%202&pageNumber=1&pageSize=100,inventory row exists in v3 KB: 1eb8dd4b_0ad1_e811_a2b8_00155d119707_inventory,2026-06-25,0.72
IAUD-000178,8aed16b5_4982_ec11_a2bf_00155d119927_inventory,unit_record,Al Karama,https://prodadmin-aqaar.realcube.estate/api/globalSearch?search=Al%20Karama&pageNumber=1&pageSize=100,inventory row exists in v3 KB: 8aed16b5_4982_ec11_a2bf_00155d119927_inventory,2026-06-25,0.80
IAUD-000179,44b8dd4b_0ad1_e811_a2b8_00155d119707_inventory,unit_record,Al Khor Villas & Shops,https://prodadmin-aqaar.realcube.estate/api/globalSearch?search=Al%20Khor%20Villas%20%26%20Shops&pageNumber=1&pageSize=100,inventory row exists in v3 KB: 44b8dd4b_0ad1_e811_a2b8_00155d119707_inventory,2026-06-25,0.80
IAUD-000180,9cb8dd4b_0ad1_e811_a2b8_00155d119707_inventory,unit_record,Al Madina Tower,https://prodadmin-aqaar.realcube.estate/api/globalSearch?search=Al%20Madina%20Tower&pageNumber=1&pageSize=100,inventory row exists in v3 KB: 9cb8dd4b_0ad1_e811_a2b8_00155d119707_inventory,2026-06-25,0.80
IAUD-000181,7cb8dd4b_0ad1_e811_a2b8_00155d119707_inventory,unit_record,Al Manama Buildings,https://prodadmin-aqaar.realcube.estate/api/globalSearch?search=Al%20Manama%20Buildings&pageNumber=1&pageSize=100,inventory row exists in v3 KB: 7cb8dd4b_0ad1_e811_a2b8_00155d119707_inventory,2026-06-25,0.80
IAUD-000182,74b8dd4b_0ad1_e811_a2b8_00155d119707_inventory,unit_record,Al Manama Farm,https://prodadmin-aqaar.realcube.estate/api/globalSearch?search=Al%20Manama%20Farm&pageNumber=1&pageSize=100,inventory row exists in v3 KB: 74b8dd4b_0ad1_e811_a2b8_00155d119707_inventory,2026-06-25,0.60
IAUD-000183,52cf79ec_eb47_ea11_a2bc_00155d119619_inventory,unit_record,Al Manama Land,https://prodadmin-aqaar.realcube.estate/api/globalSearch?search=Al%20Manama%20Land&pageNumber=1&pageSize=100,inventory row exists in v3 KB: 52cf79ec_eb47_ea11_a2bc_00155d119619_inventory,2026-06-25,0.60
IAUD-000184,6eb8dd4b_0ad1_e811_a2b8_00155d119707_inventory,unit_record,Al Manama New Shops,https://prodadmin-aqaar.realcube.estate/api/globalSearch?search=Al%20Manama%20New%20Shops&pageNumber=1&pageSize=100,inventory row exists in v3 KB: 6eb8dd4b_0ad1_e811_a2b8_00155d119707_inventory,2026-06-25,0.68
IAUD-000185,48b8dd4b_0ad1_e811_a2b8_00155d119707_inventory,unit_record,Al Manama Old Clinic,https://prodadmin-aqaar.realcube.estate/api/globalSearch?search=Al%20Manama%20Old%20Clinic&pageNumber=1&pageSize=100,inventory row exists in v3 KB: 48b8dd4b_0ad1_e811_a2b8_00155d119707_inventory,2026-06-25,0.80
IAUD-000186,0ab8dd4b_0ad1_e811_a2b8_00155d119707_inventory,unit_record,Al Manara,https://prodadmin-aqaar.realcube.estate/api/globalSearch?search=Al%20Manara&pageNumber=1&pageSize=100,inventory row exists in v3 KB: 0ab8dd4b_0ad1_e811_a2b8_00155d119707_inventory,2026-06-25,0.80
IAUD-000187,94b8dd4b_0ad1_e811_a2b8_00155d119707_inventory,unit_record,Al Maya Super market,https://prodadmin-aqaar.realcube.estate/api/globalSearch?search=Al%20Maya%20Super%20market&pageNumber=1&pageSize=100,inventory row exists in v3 KB: 94b8dd4b_0ad1_e811_a2b8_00155d119707_inventory,2026-06-25,0.68
IAUD-000188,12b8dd4b_0ad1_e811_a2b8_00155d119707_inventory,unit_record,Al Monaliza,https://prodadmin-aqaar.realcube.estate/api/globalSearch?search=Al%20Monaliza&pageNumber=1&pageSize=100,inventory row exists in v3 KB: 12b8dd4b_0ad1_e811_a2b8_00155d119707_inventory,2026-06-25,0.80
IAUD-000189,b2b8dd4b_0ad1_e811_a2b8_00155d119707_inventory,unit_record,Al Musalla Building (Kempinski),https://prodadmin-aqaar.realcube.estate/api/globalSearch?search=Al%20Musalla%20%20Building%20(Kempinski)&pageNumber=1&pageSize=100,inventory row exists in v3 KB: b2b8dd4b_0ad1_e811_a2b8_00155d119707_inventory,2026-06-25,0.80
IAUD-000190,00b8dd4b_0ad1_e811_a2b8_00155d119707_inventory,unit_record,Al Muthaf,https://prodadmin-aqaar.realcube.estate/api/globalSearch?search=Al%20Muthaf&pageNumber=1&pageSize=100,inventory row exists in v3 KB: 00b8dd4b_0ad1_e811_a2b8_00155d119707_inventory,2026-06-25,0.80
IAUD-000191,fcb7dd4b_0ad1_e811_a2b8_00155d119707_inventory,unit_record,Al Nakheel 1,https://prodadmin-aqaar.realcube.estate/api/globalSearch?search=Al%20Nakheel%201&pageNumber=1&pageSize=100,inventory row exists in v3 KB: fcb7dd4b_0ad1_e811_a2b8_00155d119707_inventory,2026-06-25,0.80
IAUD-000192,29eb4220_c77d_ec11_a2ca_00155d119619_inventory,unit_record,Al Nakheel 2,https://prodadmin-aqaar.realcube.estate/api/globalSearch?search=Al%20Nakheel%202&pageNumber=1&pageSize=100,inventory row exists in v3 KB: 29eb4220_c77d_ec11_a2ca_00155d119619_inventory,2026-06-25,0.80
IAUD-000193,06b8dd4b_0ad1_e811_a2b8_00155d119707_inventory,unit_record,Al Nasr,https://prodadmin-aqaar.realcube.estate/api/globalSearch?search=Al%20Nasr&pageNumber=1&pageSize=100,inventory row exists in v3 KB: 06b8dd4b_0ad1_e811_a2b8_00155d119707_inventory,2026-06-25,0.80
IAUD-000194,28b8dd4b_0ad1_e811_a2b8_00155d119707_inventory,unit_record,Al Nuaimia Complex,https://prodadmin-aqaar.realcube.estate/api/globalSearch?search=Al%20Nuaimia%20Complex&pageNumber=1&pageSize=100,inventory row exists in v3 KB: 28b8dd4b_0ad1_e811_a2b8_00155d119707_inventory,2026-06-25,0.80
IAUD-000195,9eb8dd4b_0ad1_e811_a2b8_00155d119707_inventory,unit_record,Al Ofoq Tower,https://prodadmin-aqaar.realcube.estate/api/globalSearch?search=Al%20Ofoq%20Tower&pageNumber=1&pageSize=100,inventory row exists in v3 KB: 9eb8dd4b_0ad1_e811_a2b8_00155d119707_inventory,2026-06-25,0.80
IAUD-000196,98b8dd4b_0ad1_e811_a2b8_00155d119707_inventory,unit_record,Al Quds Villa,https://prodadmin-aqaar.realcube.estate/api/globalSearch?search=Al%20Quds%20Villa&pageNumber=1&pageSize=100,inventory row exists in v3 KB: 98b8dd4b_0ad1_e811_a2b8_00155d119707_inventory,2026-06-25,0.68
IAUD-000197,cc16b230_d81e_ee11_a2be_00155d119f33_inventory,unit_record,Al Ras,https://prodadmin-aqaar.realcube.estate/api/globalSearch?search=Al%20Ras&pageNumber=1&pageSize=100,inventory row exists in v3 KB: cc16b230_d81e_ee11_a2be_00155d119f33_inventory,2026-06-25,0.68
IAUD-000198,88c9f0b0_29ea_f011_8406_70a8a5211049_inventory,unit_record,Al Refaa,https://prodadmin-aqaar.realcube.estate/api/globalSearch?search=Al%20Refaa&pageNumber=1&pageSize=100,inventory row exists in v3 KB: 88c9f0b0_29ea_f011_8406_70a8a5211049_inventory,2026-06-25,0.60
IAUD-000199,f0d34484_309f_ee11_a2bf_00155d119841_inventory,unit_record,Al Rumaila 1,https://prodadmin-aqaar.realcube.estate/api/globalSearch?search=Al%20Rumaila%201&pageNumber=1&pageSize=100,inventory row exists in v3 KB: f0d34484_309f_ee11_a2bf_00155d119841_inventory,2026-06-25,0.80
IAUD-000200,18b8dd4b_0ad1_e811_a2b8_00155d119707_inventory,unit_record,Al Rumailah,https://prodadmin-aqaar.realcube.estate/api/globalSearch?search=Al%20Rumailah&pageNumber=1&pageSize=100,inventory row exists in v3 KB: 18b8dd4b_0ad1_e811_a2b8_00155d119707_inventory,2026-06-25,0.80
IAUD-000201,86b8dd4b_0ad1_e811_a2b8_00155d119707_inventory,unit_record,Al Rumailah New Villas,https://prodadmin-aqaar.realcube.estate/api/globalSearch?search=Al%20Rumailah%20New%20Villas&pageNumber=1&pageSize=100,inventory row exists in v3 KB: 86b8dd4b_0ad1_e811_a2b8_00155d119707_inventory,2026-06-25,0.80
IAUD-000202,11f6f9c7_d27d_ec11_a2ca_00155d119619_inventory,unit_record,Al Sediq,https://prodadmin-aqaar.realcube.estate/api/globalSearch?search=Al%20Sediq&pageNumber=1&pageSize=100,inventory row exists in v3 KB: 11f6f9c7_d27d_ec11_a2ca_00155d119619_inventory,2026-06-25,0.80
IAUD-000203,32b8dd4b_0ad1_e811_a2b8_00155d119707_inventory,unit_record,Al Shahba,https://prodadmin-aqaar.realcube.estate/api/globalSearch?search=Al%20Shahba&pageNumber=1&pageSize=100,inventory row exists in v3 KB: 32b8dd4b_0ad1_e811_a2b8_00155d119707_inventory,2026-06-25,0.86
IAUD-000204,90b8dd4b_0ad1_e811_a2b8_00155d119707_inventory,unit_record,Al Sheikh Humaid Building (Abu-Dhabi),https://prodadmin-aqaar.realcube.estate/api/globalSearch?search=Al%20Sheikh%20Humaid%20Building%20(Abu-Dhabi)&pageNumber=1&pageSize=100,inventory row exists in v3 KB: 90b8dd4b_0ad1_e811_a2b8_00155d119707_inventory,2026-06-25,0.80
IAUD-000205,b4b8dd4b_0ad1_e811_a2b8_00155d119707_inventory,unit_record,Al Sheikha Fatima Building (Abu-Dhabi),https://prodadmin-aqaar.realcube.estate/api/globalSearch?search=Al%20Sheikha%20Fatima%20Building%20(Abu-Dhabi)&pageNumber=1&pageSize=100,inventory row exists in v3 KB: b4b8dd4b_0ad1_e811_a2b8_00155d119707_inventory,2026-06-25,0.80
IAUD-000206,44f00817_9e49_eb11_a2c6_00155d119619_inventory,unit_record,Al Shorouq,https://prodadmin-aqaar.realcube.estate/api/globalSearch?search=Al%20Shorouq&pageNumber=1&pageSize=100,inventory row exists in v3 KB: 44f00817_9e49_eb11_a2c6_00155d119619_inventory,2026-06-25,0.80
IAUD-000207,0eb8dd4b_0ad1_e811_a2b8_00155d119707_inventory,unit_record,Al Suwan,https://prodadmin-aqaar.realcube.estate/api/globalSearch?search=Al%20Suwan&pageNumber=1&pageSize=100,inventory row exists in v3 KB: 0eb8dd4b_0ad1_e811_a2b8_00155d119707_inventory,2026-06-25,0.80
IAUD-000208,10b8dd4b_0ad1_e811_a2b8_00155d119707_inventory,unit_record,Al Tameer,https://prodadmin-aqaar.realcube.estate/api/globalSearch?search=Al%20Tameer&pageNumber=1&pageSize=100,inventory row exists in v3 KB: 10b8dd4b_0ad1_e811_a2b8_00155d119707_inventory,2026-06-25,0.80
IAUD-000209,a8b8dd4b_0ad1_e811_a2b8_00155d119707_inventory,unit_record,Al Thuraya 1,https://prodadmin-aqaar.realcube.estate/api/globalSearch?search=Al%20Thuraya%201&pageNumber=1&pageSize=100,inventory row exists in v3 KB: a8b8dd4b_0ad1_e811_a2b8_00155d119707_inventory,2026-06-25,0.80
IAUD-000210,aab8dd4b_0ad1_e811_a2b8_00155d119707_inventory,unit_record,Al Thuraya 2,https://prodadmin-aqaar.realcube.estate/api/globalSearch?search=Al%20Thuraya%202&pageNumber=1&pageSize=100,inventory row exists in v3 KB: aab8dd4b_0ad1_e811_a2b8_00155d119707_inventory,2026-06-25,0.80
IAUD-000211,acb8dd4b_0ad1_e811_a2b8_00155d119707_inventory,unit_record,Al Thuraya 3,https://prodadmin-aqaar.realcube.estate/api/globalSearch?search=Al%20Thuraya%203&pageNumber=1&pageSize=100,inventory row exists in v3 KB: acb8dd4b_0ad1_e811_a2b8_00155d119707_inventory,2026-06-25,0.80
IAUD-000212,42b8dd4b_0ad1_e811_a2b8_00155d119707_inventory,unit_record,Al Yasmeen Complex,https://prodadmin-aqaar.realcube.estate/api/globalSearch?search=Al%20Yasmeen%20%20Complex&pageNumber=1&pageSize=100,inventory row exists in v3 KB: 42b8dd4b_0ad1_e811_a2b8_00155d119707_inventory,2026-06-25,0.86
IAUD-000213,beabdf96_e122_e911_a2b8_00155d119707_inventory,unit_record,Al Zahir,https://prodadmin-aqaar.realcube.estate/api/globalSearch?search=Al%20Zahir&pageNumber=1&pageSize=100,inventory row exists in v3 KB: beabdf96_e122_e911_a2b8_00155d119707_inventory,2026-06-25,0.80
IAUD-000214,02b8dd4b_0ad1_e811_a2b8_00155d119707_inventory,unit_record,Al Zahra Complex,https://prodadmin-aqaar.realcube.estate/api/globalSearch?search=Al%20Zahra%20Complex&pageNumber=1&pageSize=100,inventory row exists in v3 KB: 02b8dd4b_0ad1_e811_a2b8_00155d119707_inventory,2026-06-25,0.80
IAUD-000215,6c1c103f_f0f0_ea11_a2c4_00155d119619_inventory,unit_record,Al-Khour Tower C,https://prodadmin-aqaar.realcube.estate/api/globalSearch?search=Al-Khour%20Tower%20C&pageNumber=1&pageSize=100,inventory row exists in v3 KB: 6c1c103f_f0f0_ea11_a2c4_00155d119619_inventory,2026-06-25,0.80
IAUD-000216,eeb7dd4b_0ad1_e811_a2b8_00155d119707_inventory,unit_record,AL-Khour Towers,https://prodadmin-aqaar.realcube.estate/api/globalSearch?search=AL-Khour%20Towers&pageNumber=1&pageSize=100,inventory row exists in v3 KB: eeb7dd4b_0ad1_e811_a2b8_00155d119707_inventory,2026-06-25,0.80
IAUD-000217,88b8dd4b_0ad1_e811_a2b8_00155d119707_inventory,unit_record,Amina Hospital,https://prodadmin-aqaar.realcube.estate/api/globalSearch?search=Amina%20Hospital&pageNumber=1&pageSize=100,inventory row exists in v3 KB: 88b8dd4b_0ad1_e811_a2b8_00155d119707_inventory,2026-06-25,0.60
IAUD-000218,98de02ed_2222_e911_a2b8_00155d119707_inventory,unit_record,Aqaar Offices,https://prodadmin-aqaar.realcube.estate/api/globalSearch?search=Aqaar%20Offices&pageNumber=1&pageSize=100,inventory row exists in v3 KB: 98de02ed_2222_e911_a2b8_00155d119707_inventory,2026-06-25,0.60
IAUD-000219,1ab8dd4b_0ad1_e811_a2b8_00155d119707_inventory,unit_record,Asayel 1,https://prodadmin-aqaar.realcube.estate/api/globalSearch?search=Asayel%201&pageNumber=1&pageSize=100,inventory row exists in v3 KB: 1ab8dd4b_0ad1_e811_a2b8_00155d119707_inventory,2026-06-25,0.80
IAUD-000220,a0b8dd4b_0ad1_e811_a2b8_00155d119707_inventory,unit_record,Asayel 2,https://prodadmin-aqaar.realcube.estate/api/globalSearch?search=Asayel%202&pageNumber=1&pageSize=100,inventory row exists in v3 KB: a0b8dd4b_0ad1_e811_a2b8_00155d119707_inventory,2026-06-25,0.80
IAUD-000221,c05d8b0f_bab9_e911_a2bb_00155d119619_inventory,unit_record,Beach Residence,https://prodadmin-aqaar.realcube.estate/api/globalSearch?search=Beach%20Residence&pageNumber=1&pageSize=100,inventory row exists in v3 KB: c05d8b0f_bab9_e911_a2bb_00155d119619_inventory,2026-06-25,0.68
IAUD-000222,5cb8dd4b_0ad1_e811_a2b8_00155d119707_inventory,unit_record,Bloomington School,https://prodadmin-aqaar.realcube.estate/api/globalSearch?search=Bloomington%20School&pageNumber=1&pageSize=100,inventory row exists in v3 KB: 5cb8dd4b_0ad1_e811_a2b8_00155d119707_inventory,2026-06-25,0.60
IAUD-000223,64b8dd4b_0ad1_e811_a2b8_00155d119707_inventory,unit_record,British International School,https://prodadmin-aqaar.realcube.estate/api/globalSearch?search=British%20International%20School&pageNumber=1&pageSize=100,inventory row exists in v3 KB: 64b8dd4b_0ad1_e811_a2b8_00155d119707_inventory,2026-06-25,0.60
IAUD-000224,54b8dd4b_0ad1_e811_a2b8_00155d119707_inventory,unit_record,Building materials Factory,https://prodadmin-aqaar.realcube.estate/api/globalSearch?search=Building%20materials%20Factory&pageNumber=1&pageSize=100,inventory row exists in v3 KB: 54b8dd4b_0ad1_e811_a2b8_00155d119707_inventory,2026-06-25,0.60
IAUD-000225,30b8dd4b_0ad1_e811_a2b8_00155d119707_inventory,unit_record,City Towers,https://prodadmin-aqaar.realcube.estate/api/globalSearch?search=City%20Towers&pageNumber=1&pageSize=100,inventory row exists in v3 KB: 30b8dd4b_0ad1_e811_a2b8_00155d119707_inventory,2026-06-25,0.80
IAUD-000226,04b8dd4b_0ad1_e811_a2b8_00155d119707_inventory,unit_record,Commercial Complex,https://prodadmin-aqaar.realcube.estate/api/globalSearch?search=Commercial%20Complex&pageNumber=1&pageSize=100,inventory row exists in v3 KB: 04b8dd4b_0ad1_e811_a2b8_00155d119707_inventory,2026-06-25,0.80
IAUD-000227,16b8dd4b_0ad1_e811_a2b8_00155d119707_inventory,unit_record,Corniche Tower,https://prodadmin-aqaar.realcube.estate/api/globalSearch?search=Corniche%20Tower&pageNumber=1&pageSize=100,inventory row exists in v3 KB: 16b8dd4b_0ad1_e811_a2b8_00155d119707_inventory,2026-06-25,0.80
IAUD-000228,301c3301_382a_eb11_a2c5_00155d119619_inventory,unit_record,Crown Private,https://prodadmin-aqaar.realcube.estate/api/globalSearch?search=Crown%20Private&pageNumber=1&pageSize=100,inventory row exists in v3 KB: 301c3301_382a_eb11_a2c5_00155d119619_inventory,2026-06-25,0.60
IAUD-000229,aeb8dd4b_0ad1_e811_a2b8_00155d119707_inventory,unit_record,Crystal,https://prodadmin-aqaar.realcube.estate/api/globalSearch?search=Crystal&pageNumber=1&pageSize=100,inventory row exists in v3 KB: aeb8dd4b_0ad1_e811_a2b8_00155d119707_inventory,2026-06-25,0.80
IAUD-000230,38b8dd4b_0ad1_e811_a2b8_00155d119707_inventory,unit_record,Crystal 1,https://prodadmin-aqaar.realcube.estate/api/globalSearch?search=Crystal%201&pageNumber=1&pageSize=100,inventory row exists in v3 KB: 38b8dd4b_0ad1_e811_a2b8_00155d119707_inventory,2026-06-25,0.80
IAUD-000231,eab7dd4b_0ad1_e811_a2b8_00155d119707_inventory,unit_record,Dewan Towers,https://prodadmin-aqaar.realcube.estate/api/globalSearch?search=Dewan%20Towers&pageNumber=1&pageSize=100,inventory row exists in v3 KB: eab7dd4b_0ad1_e811_a2b8_00155d119707_inventory,2026-06-25,0.80
IAUD-000232,14b8dd4b_0ad1_e811_a2b8_00155d119707_inventory,unit_record,Falcon Towers,https://prodadmin-aqaar.realcube.estate/api/globalSearch?search=Falcon%20Towers&pageNumber=1&pageSize=100,inventory row exists in v3 KB: 14b8dd4b_0ad1_e811_a2b8_00155d119707_inventory,2026-06-25,0.80
IAUD-000233,34b8dd4b_0ad1_e811_a2b8_00155d119707_inventory,unit_record,Flamingo Building,https://prodadmin-aqaar.realcube.estate/api/globalSearch?search=Flamingo%20Building&pageNumber=1&pageSize=100,inventory row exists in v3 KB: 34b8dd4b_0ad1_e811_a2b8_00155d119707_inventory,2026-06-25,0.80
IAUD-000234,36b8dd4b_0ad1_e811_a2b8_00155d119707_inventory,unit_record,Flamingo Villas,https://prodadmin-aqaar.realcube.estate/api/globalSearch?search=Flamingo%20Villas&pageNumber=1&pageSize=100,inventory row exists in v3 KB: 36b8dd4b_0ad1_e811_a2b8_00155d119707_inventory,2026-06-25,0.80
IAUD-000235,bd3ddba0_76fe_eb11_a2c8_00155d119619_inventory,unit_record,Galleria Mall,https://prodadmin-aqaar.realcube.estate/api/globalSearch?search=Galleria%20Mall&pageNumber=1&pageSize=100,inventory row exists in v3 KB: bd3ddba0_76fe_eb11_a2c8_00155d119619_inventory,2026-06-25,0.60
IAUD-000236,7d307ab5_a6a9_ea11_a2c3_00155d119619_inventory,unit_record,Garden City,https://prodadmin-aqaar.realcube.estate/api/globalSearch?search=Garden%20City&pageNumber=1&pageSize=100,inventory row exists in v3 KB: 7d307ab5_a6a9_ea11_a2c3_00155d119619_inventory,2026-06-25,0.80
IAUD-000237,e4b7dd4b_0ad1_e811_a2b8_00155d119707_inventory,unit_record,Grand,https://prodadmin-aqaar.realcube.estate/api/globalSearch?search=Grand&pageNumber=1&pageSize=100,inventory row exists in v3 KB: e4b7dd4b_0ad1_e811_a2b8_00155d119707_inventory,2026-06-25,0.86
IAUD-000238,92b8dd4b_0ad1_e811_a2b8_00155d119707_inventory,unit_record,Gulfa Warehouses,https://prodadmin-aqaar.realcube.estate/api/globalSearch?search=Gulfa%20Warehouses&pageNumber=1&pageSize=100,inventory row exists in v3 KB: 92b8dd4b_0ad1_e811_a2b8_00155d119707_inventory,2026-06-25,0.60
IAUD-000239,58b8dd4b_0ad1_e811_a2b8_00155d119707_inventory,unit_record,Habitat School,https://prodadmin-aqaar.realcube.estate/api/globalSearch?search=Habitat%20School&pageNumber=1&pageSize=100,inventory row exists in v3 KB: 58b8dd4b_0ad1_e811_a2b8_00155d119707_inventory,2026-06-25,0.60
IAUD-000240,f4b7dd4b_0ad1_e811_a2b8_00155d119707_inventory,unit_record,Horizon Towers,https://prodadmin-aqaar.realcube.estate/api/globalSearch?search=Horizon%20Towers&pageNumber=1&pageSize=100,inventory row exists in v3 KB: f4b7dd4b_0ad1_e811_a2b8_00155d119707_inventory,2026-06-25,0.80
IAUD-000241,b984f548_ab76_f011_a2e0_00155d119f38_inventory,unit_record,Horizon University,https://prodadmin-aqaar.realcube.estate/api/globalSearch?search=Horizon%20University&pageNumber=1&pageSize=100,inventory row exists in v3 KB: b984f548_ab76_f011_a2e0_00155d119f38_inventory,2026-06-25,0.60
IAUD-000242,50b8dd4b_0ad1_e811_a2b8_00155d119707_inventory,unit_record,Houses and Flats Masfoot,https://prodadmin-aqaar.realcube.estate/api/globalSearch?search=Houses%20and%20Flats%20Masfoot&pageNumber=1&pageSize=100,inventory row exists in v3 KB: 50b8dd4b_0ad1_e811_a2b8_00155d119707_inventory,2026-06-25,0.80
IAUD-000243,5ab8dd4b_0ad1_e811_a2b8_00155d119707_inventory,unit_record,Indian International School 1,https://prodadmin-aqaar.realcube.estate/api/globalSearch?search=Indian%20International%20School%201&pageNumber=1&pageSize=100,inventory row exists in v3 KB: 5ab8dd4b_0ad1_e811_a2b8_00155d119707_inventory,2026-06-25,0.60
IAUD-000244,8ab8dd4b_0ad1_e811_a2b8_00155d119707_inventory,unit_record,Industrial area -1,https://prodadmin-aqaar.realcube.estate/api/globalSearch?search=Industrial%20area%20-1&pageNumber=1&pageSize=100,inventory row exists in v3 KB: 8ab8dd4b_0ad1_e811_a2b8_00155d119707_inventory,2026-06-25,0.60
IAUD-000245,8eb8dd4b_0ad1_e811_a2b8_00155d119707_inventory,unit_record,Industrial area -20,https://prodadmin-aqaar.realcube.estate/api/globalSearch?search=Industrial%20area%20-20&pageNumber=1&pageSize=100,inventory row exists in v3 KB: 8eb8dd4b_0ad1_e811_a2b8_00155d119707_inventory,2026-06-25,0.60
IAUD-000246,8cb8dd4b_0ad1_e811_a2b8_00155d119707_inventory,unit_record,Industrial area -3,https://prodadmin-aqaar.realcube.estate/api/globalSearch?search=Industrial%20area%20-3&pageNumber=1&pageSize=100,inventory row exists in v3 KB: 8cb8dd4b_0ad1_e811_a2b8_00155d119707_inventory,2026-06-25,0.60
IAUD-000247,8dc5f8f8_ebb3_ec11_a2bf_00155d119927_inventory,unit_record,industrial area 2,https://prodadmin-aqaar.realcube.estate/api/globalSearch?search=industrial%20area%202&pageNumber=1&pageSize=100,inventory row exists in v3 KB: 8dc5f8f8_ebb3_ec11_a2bf_00155d119927_inventory,2026-06-25,0.60
IAUD-000248,8daed8f6_bd22_e911_a2b8_00155d119707_inventory,unit_record,Labor Accommodation,https://prodadmin-aqaar.realcube.estate/api/globalSearch?search=Labor%20Accommodation&pageNumber=1&pageSize=100,inventory row exists in v3 KB: 8daed8f6_bd22_e911_a2b8_00155d119707_inventory,2026-06-25,0.60
IAUD-000249,30485a5c_911e_ec11_a2c8_00155d119619_inventory,unit_record,Lake Tower C4,https://prodadmin-aqaar.realcube.estate/api/globalSearch?search=Lake%20Tower%20C4&pageNumber=1&pageSize=100,inventory row exists in v3 KB: 30485a5c_911e_ec11_a2c8_00155d119619_inventory,2026-06-25,0.60
IAUD-000250,9ab8dd4b_0ad1_e811_a2b8_00155d119707_inventory,unit_record,Lewara,https://prodadmin-aqaar.realcube.estate/api/globalSearch?search=Lewara&pageNumber=1&pageSize=100,inventory row exists in v3 KB: 9ab8dd4b_0ad1_e811_a2b8_00155d119707_inventory,2026-06-25,0.80
IAUD-000251,4cb8dd4b_0ad1_e811_a2b8_00155d119707_inventory,unit_record,Manama Flats,https://prodadmin-aqaar.realcube.estate/api/globalSearch?search=Manama%20Flats&pageNumber=1&pageSize=100,inventory row exists in v3 KB: 4cb8dd4b_0ad1_e811_a2b8_00155d119707_inventory,2026-06-25,0.80
IAUD-000252,4eb8dd4b_0ad1_e811_a2b8_00155d119707_inventory,unit_record,Manama Shops,https://prodadmin-aqaar.realcube.estate/api/globalSearch?search=Manama%20Shops&pageNumber=1&pageSize=100,inventory row exists in v3 KB: 4eb8dd4b_0ad1_e811_a2b8_00155d119707_inventory,2026-06-25,0.68
IAUD-000253,7ab8dd4b_0ad1_e811_a2b8_00155d119707_inventory,unit_record,Manama Wedding Hall (Ajman Society),https://prodadmin-aqaar.realcube.estate/api/globalSearch?search=Manama%20Wedding%20Hall%20(Ajman%20Society)&pageNumber=1&pageSize=100,inventory row exists in v3 KB: 7ab8dd4b_0ad1_e811_a2b8_00155d119707_inventory,2026-06-25,0.60
IAUD-000254,84b8dd4b_0ad1_e811_a2b8_00155d119707_inventory,unit_record,Masfoot Buildings,https://prodadmin-aqaar.realcube.estate/api/globalSearch?search=Masfoot%20Buildings&pageNumber=1&pageSize=100,inventory row exists in v3 KB: 84b8dd4b_0ad1_e811_a2b8_00155d119707_inventory,2026-06-25,0.80
IAUD-000255,a736c16e_313f_e911_a2b9_00155d119910_inventory,unit_record,Masfoot Plaza,https://prodadmin-aqaar.realcube.estate/api/globalSearch?search=Masfoot%20Plaza&pageNumber=1&pageSize=100,inventory row exists in v3 KB: a736c16e_313f_e911_a2b9_00155d119910_inventory,2026-06-25,0.76
IAUD-000256,fcb24d18_ff7d_ee11_a2bf_00155d119f33_inventory,unit_record,Metropolitan International Indian Private School,https://prodadmin-aqaar.realcube.estate/api/globalSearch?search=Metropolitan%20International%20Indian%20Private%20School&pageNumber=1&pageSize=100,inventory row exists in v3 KB: fcb24d18_ff7d_ee11_a2bf_00155d119f33_inventory,2026-06-25,0.60
IAUD-000257,dd64d3c4_e079_ed11_a2ba_00155d119841_inventory,unit_record,Mortuary in Ajman Cemetery,https://prodadmin-aqaar.realcube.estate/api/globalSearch?search=Mortuary%20in%20Ajman%20Cemetery&pageNumber=1&pageSize=100,inventory row exists in v3 KB: dd64d3c4_e079_ed11_a2ba_00155d119841_inventory,2026-06-25,0.60
IAUD-000258,52b8dd4b_0ad1_e811_a2b8_00155d119707_inventory,unit_record,Musheirif Shops,https://prodadmin-aqaar.realcube.estate/api/globalSearch?search=Musheirif%20Shops&pageNumber=1&pageSize=100,inventory row exists in v3 KB: 52b8dd4b_0ad1_e811_a2b8_00155d119707_inventory,2026-06-25,0.68
IAUD-000259,b514b2db_08f8_ea11_a2c5_00155d119619_inventory,unit_record,Musherif Villas,https://prodadmin-aqaar.realcube.estate/api/globalSearch?search=Musherif%20Villas&pageNumber=1&pageSize=100,inventory row exists in v3 KB: b514b2db_08f8_ea11_a2c5_00155d119619_inventory,2026-06-25,0.80
IAUD-000260,f8b7dd4b_0ad1_e811_a2b8_00155d119707_inventory,unit_record,New Gold Market,https://prodadmin-aqaar.realcube.estate/api/globalSearch?search=New%20Gold%20Market&pageNumber=1&pageSize=100,inventory row exists in v3 KB: f8b7dd4b_0ad1_e811_a2b8_00155d119707_inventory,2026-06-25,0.72
IAUD-000261,e9afbd0c_b405_ee11_a2bc_00155d119841_inventory,unit_record,New Musherif Villas,https://prodadmin-aqaar.realcube.estate/api/globalSearch?search=New%20Musherif%20Villas&pageNumber=1&pageSize=100,inventory row exists in v3 KB: e9afbd0c_b405_ee11_a2bc_00155d119841_inventory,2026-06-25,0.72
IAUD-000262,bb57baca_fa02_ef11_a2c0_00155d119841_inventory,unit_record,North Gate British School,https://prodadmin-aqaar.realcube.estate/api/globalSearch?search=North%20Gate%20British%20School&pageNumber=1&pageSize=100,inventory row exists in v3 KB: bb57baca_fa02_ef11_a2c0_00155d119841_inventory,2026-06-25,0.60
IAUD-000263,f0b7dd4b_0ad1_e811_a2b8_00155d119707_inventory,unit_record,Nuaiemiyah Towers,https://prodadmin-aqaar.realcube.estate/api/globalSearch?search=Nuaiemiyah%20Towers&pageNumber=1&pageSize=100,inventory row exists in v3 KB: f0b7dd4b_0ad1_e811_a2b8_00155d119707_inventory,2026-06-25,0.80
IAUD-000264,ea381dec_0c0f_ed11_a2bb_00155d119f33_inventory,unit_record,Nuaimeya 3,https://prodadmin-aqaar.realcube.estate/api/globalSearch?search=Nuaimeya%203&pageNumber=1&pageSize=100,inventory row exists in v3 KB: ea381dec_0c0f_ed11_a2bb_00155d119f33_inventory,2026-06-25,0.68
IAUD-000265,70b8dd4b_0ad1_e811_a2b8_00155d119707_inventory,unit_record,Old Civil Defense (Middle East ),https://prodadmin-aqaar.realcube.estate/api/globalSearch?search=Old%20Civil%20Defense%20(Middle%20East%20)&pageNumber=1&pageSize=100,inventory row exists in v3 KB: 70b8dd4b_0ad1_e811_a2b8_00155d119707_inventory,2026-06-25,0.60
IAUD-000266,fab7dd4b_0ad1_e811_a2b8_00155d119707_inventory,unit_record,Old Gold Market,https://prodadmin-aqaar.realcube.estate/api/globalSearch?search=Old%20Gold%20Market&pageNumber=1&pageSize=100,inventory row exists in v3 KB: fab7dd4b_0ad1_e811_a2b8_00155d119707_inventory,2026-06-25,0.72
IAUD-000267,0cb8dd4b_0ad1_e811_a2b8_00155d119707_inventory,unit_record,Old Quds,https://prodadmin-aqaar.realcube.estate/api/globalSearch?search=Old%20Quds&pageNumber=1&pageSize=100,inventory row exists in v3 KB: 0cb8dd4b_0ad1_e811_a2b8_00155d119707_inventory,2026-06-25,0.80
IAUD-000268,bd8bd1e6_0420_e911_a2b8_00155d119707_inventory,unit_record,Orient Towers,https://prodadmin-aqaar.realcube.estate/api/globalSearch?search=Orient%20Towers&pageNumber=1&pageSize=100,inventory row exists in v3 KB: bd8bd1e6_0420_e911_a2b8_00155d119707_inventory,2026-06-25,0.80
IAUD-000269,6cb8dd4b_0ad1_e811_a2b8_00155d119707_inventory,unit_record,Preston shops,https://prodadmin-aqaar.realcube.estate/api/globalSearch?search=Preston%20shops&pageNumber=1&pageSize=100,inventory row exists in v3 KB: 6cb8dd4b_0ad1_e811_a2b8_00155d119707_inventory,2026-06-25,0.64
IAUD-000270,1be2d3a1_dee9_ef11_a2ce_00155d119747_inventory,unit_record,Rashidia 2,https://prodadmin-aqaar.realcube.estate/api/globalSearch?search=Rashidia%202&pageNumber=1&pageSize=100,inventory row exists in v3 KB: 1be2d3a1_dee9_ef11_a2ce_00155d119747_inventory,2026-06-25,0.60
IAUD-000271,f2b7dd4b_0ad1_e811_a2b8_00155d119707_inventory,unit_record,Rashidia Towers,https://prodadmin-aqaar.realcube.estate/api/globalSearch?search=Rashidia%20Towers&pageNumber=1&pageSize=100,inventory row exists in v3 KB: f2b7dd4b_0ad1_e811_a2b8_00155d119707_inventory,2026-06-25,0.80
IAUD-000272,46b8dd4b_0ad1_e811_a2b8_00155d119707_inventory,unit_record,Rawdat Al Reef Flats & Shops,https://prodadmin-aqaar.realcube.estate/api/globalSearch?search=Rawdat%20Al%20Reef%20Flats%20%26%20Shops&pageNumber=1&pageSize=100,inventory row exists in v3 KB: 46b8dd4b_0ad1_e811_a2b8_00155d119707_inventory,2026-06-25,0.80
IAUD-000273,5eb8dd4b_0ad1_e811_a2b8_00155d119707_inventory,unit_record,Royal Academic School,https://prodadmin-aqaar.realcube.estate/api/globalSearch?search=Royal%20Academic%20School&pageNumber=1&pageSize=100,inventory row exists in v3 KB: 5eb8dd4b_0ad1_e811_a2b8_00155d119707_inventory,2026-06-25,0.60
IAUD-000274,ceba2b44_2322_e911_a2b8_00155d119707_inventory,unit_record,Royal Palaces,https://prodadmin-aqaar.realcube.estate/api/globalSearch?search=Royal%20Palaces&pageNumber=1&pageSize=100,inventory row exists in v3 KB: ceba2b44_2322_e911_a2b8_00155d119707_inventory,2026-06-25,0.60
IAUD-000275,d6e426c5_e7c4_ee11_a2bf_00155d119841_inventory,unit_record,Settlement Project,https://prodadmin-aqaar.realcube.estate/api/globalSearch?search=Settlement%20Project&pageNumber=1&pageSize=100,inventory row exists in v3 KB: d6e426c5_e7c4_ee11_a2bf_00155d119841_inventory,2026-06-25,0.60
IAUD-000276,4ab8dd4b_0ad1_e811_a2b8_00155d119707_inventory,unit_record,Traditional Houses - Al Manama,https://prodadmin-aqaar.realcube.estate/api/globalSearch?search=Traditional%20Houses%20-%20Al%20Manama&pageNumber=1&pageSize=100,inventory row exists in v3 KB: 4ab8dd4b_0ad1_e811_a2b8_00155d119707_inventory,2026-06-25,0.80
IAUD-000277,2a3a3b61_bd9f_ee11_a2bf_00155d119841_inventory,unit_record,UM Khalaad School For Basic Education C-1,https://prodadmin-aqaar.realcube.estate/api/globalSearch?search=UM%20Khalaad%20School%20For%20Basic%20Education%20C-1&pageNumber=1&pageSize=100,inventory row exists in v3 KB: 2a3a3b61_bd9f_ee11_a2bf_00155d119841_inventory,2026-06-25,0.60
IAUD-000278,cab8dd4b_0ad1_e811_a2b8_00155d119707_inventory,unit_record,Waqf Thamer Saied Salman (University),https://prodadmin-aqaar.realcube.estate/api/globalSearch?search=Waqf%20Thamer%20Saied%20Salman%20(University)&pageNumber=1&pageSize=100,inventory row exists in v3 KB: cab8dd4b_0ad1_e811_a2b8_00155d119707_inventory,2026-06-25,0.64
IAUD-000279,5a6d07a8_f7e1_ea11_a2c4_00155d119619_inventory,unit_record,Water Treatment Plant,https://prodadmin-aqaar.realcube.estate/api/globalSearch?search=Water%20Treatment%20Plant&pageNumber=1&pageSize=100,inventory row exists in v3 KB: 5a6d07a8_f7e1_ea11_a2c4_00155d119619_inventory,2026-06-25,0.60
IAUD-000280,62b8dd4b_0ad1_e811_a2b8_00155d119707_inventory,unit_record,Wood Lem Park School,https://prodadmin-aqaar.realcube.estate/api/globalSearch?search=Wood%20Lem%20Park%20School&pageNumber=1&pageSize=100,inventory row exists in v3 KB: 62b8dd4b_0ad1_e811_a2b8_00155d119707_inventory,2026-06-25,0.60
IAUD-000281,836256dc_a305_f111_8407_70a8a5232028_1br_type_a,unit_record,Dusit Thani Residences Ajman,assets/Dusit-Thani-Brochure.pdf#page=10,inventory row exists in v3 KB: 836256dc_a305_f111_8407_70a8a5232028_1br_type_a,2026-06-25,0.98
IAUD-000282,836256dc_a305_f111_8407_70a8a5232028_1br_type_b,unit_record,Dusit Thani Residences Ajman,assets/Dusit-Thani-Brochure.pdf#page=12,inventory row exists in v3 KB: 836256dc_a305_f111_8407_70a8a5232028_1br_type_b,2026-06-25,0.98
IAUD-000283,836256dc_a305_f111_8407_70a8a5232028_2br_type_a,unit_record,Dusit Thani Residences Ajman,assets/Dusit-Thani-Brochure.pdf#page=14,inventory row exists in v3 KB: 836256dc_a305_f111_8407_70a8a5232028_2br_type_a,2026-06-25,0.98
IAUD-000284,836256dc_a305_f111_8407_70a8a5232028_2br_type_b,unit_record,Dusit Thani Residences Ajman,assets/Dusit-Thani-Brochure.pdf#page=16,inventory row exists in v3 KB: 836256dc_a305_f111_8407_70a8a5232028_2br_type_b,2026-06-25,0.98
IAUD-000285,836256dc_a305_f111_8407_70a8a5232028_3br_type_a,unit_record,Dusit Thani Residences Ajman,assets/Dusit-Thani-Brochure.pdf#page=18,inventory row exists in v3 KB: 836256dc_a305_f111_8407_70a8a5232028_3br_type_a,2026-06-25,0.98
IAUD-000286,836256dc_a305_f111_8407_70a8a5232028_3br_type_b,unit_record,Dusit Thani Residences Ajman,assets/Dusit-Thani-Brochure.pdf#page=20,inventory row exists in v3 KB: 836256dc_a305_f111_8407_70a8a5232028_3br_type_b,2026-06-25,0.98
IAUD-000287,836256dc_a305_f111_8407_70a8a5232028_4br,unit_record,Dusit Thani Residences Ajman,assets/Dusit-Thani-Brochure.pdf#page=22,inventory row exists in v3 KB: 836256dc_a305_f111_8407_70a8a5232028_4br,2026-06-25,0.98
IAUD-000288,ed194b08_59aa_f011_a2e0_00155d119f3e_studio_unit_111,unit_record,Mawjan,assets/Mawjan-Brochure.pdf#page=26,inventory row exists in v3 KB: ed194b08_59aa_f011_a2e0_00155d119f3e_studio_unit_111,2026-06-25,0.96
IAUD-000289,ed194b08_59aa_f011_a2e0_00155d119f3e_1br_unit_104,unit_record,Mawjan,assets/Mawjan-Brochure.pdf#page=28,inventory row exists in v3 KB: ed194b08_59aa_f011_a2e0_00155d119f3e_1br_unit_104,2026-06-25,0.96
IAUD-000290,ed194b08_59aa_f011_a2e0_00155d119f3e_1br_unit_310,unit_record,Mawjan,assets/Mawjan-Brochure.pdf#page=29,inventory row exists in v3 KB: ed194b08_59aa_f011_a2e0_00155d119f3e_1br_unit_310,2026-06-25,0.96
IAUD-000291,ed194b08_59aa_f011_a2e0_00155d119f3e_2br_unit_101,unit_record,Mawjan,assets/Mawjan-Brochure.pdf#page=33,inventory row exists in v3 KB: ed194b08_59aa_f011_a2e0_00155d119f3e_2br_unit_101,2026-06-25,0.96
IAUD-000292,ed194b08_59aa_f011_a2e0_00155d119f3e_2br_unit_307,unit_record,Mawjan,assets/Mawjan-Brochure.pdf#page=34,inventory row exists in v3 KB: ed194b08_59aa_f011_a2e0_00155d119f3e_2br_unit_307,2026-06-25,0.96
IAUD-000293,ed194b08_59aa_f011_a2e0_00155d119f3e_2br_unit_311,unit_record,Mawjan,assets/Mawjan-Brochure.pdf#page=35,inventory row exists in v3 KB: ed194b08_59aa_f011_a2e0_00155d119f3e_2br_unit_311,2026-06-25,0.96
IAUD-000294,ed194b08_59aa_f011_a2e0_00155d119f3e_3br_unit_102,unit_record,Mawjan,assets/Mawjan-Brochure.pdf#page=38,inventory row exists in v3 KB: ed194b08_59aa_f011_a2e0_00155d119f3e_3br_unit_102,2026-06-25,0.96
IAUD-000295,family_residential,recommended_project,Al Helio Villas,https://prodadmin-aqaar.realcube.estate/api/globalSearch?search=Al%20Helio%20Villas&pageNumber=1&pageSize=100,KB recommendation rule references project: Al Helio Villas,2026-06-25,0.90
IAUD-000296,family_residential,recommended_project,Al Jurf Buildings 20 / A7 (Labor City),https://prodadmin-aqaar.realcube.estate/api/globalSearch?search=Al%20Jurf%20Buildings%2020%20%2F%20A7%20(Labor%20City)&pageNumber=1&pageSize=100,KB recommendation rule references project: Al Jurf Buildings 20 / A7 (Labor City),2026-06-25,0.90
IAUD-000297,family_residential,recommended_project,Al Jurf Buildings 20 / B7 (Labor City),https://prodadmin-aqaar.realcube.estate/api/globalSearch?search=Al%20Jurf%20Buildings%2020%20%2F%20B7%20(Labor%20City)&pageNumber=1&pageSize=100,KB recommendation rule references project: Al Jurf Buildings 20 / B7 (Labor City),2026-06-25,0.90
IAUD-000298,family_residential,recommended_project,Beach Residence,https://prodadmin-aqaar.realcube.estate/api/globalSearch?search=Beach%20Residence&pageNumber=1&pageSize=100,KB recommendation rule references project: Beach Residence,2026-06-25,0.90
IAUD-000299,family_residential,recommended_project,Lake Tower C4,https://prodadmin-aqaar.realcube.estate/api/globalSearch?search=Lake%20Tower%20C4&pageNumber=1&pageSize=100,KB recommendation rule references project: Lake Tower C4,2026-06-25,0.90
IAUD-000300,family_residential,recommended_project,Mawjan,assets/Mawjan-Brochure.pdf#page=8,KB recommendation rule references project: Mawjan,2026-06-25,0.90
IAUD-000301,commercial_space,recommended_project,Ajman Corniche Residences,https://prodadmin-aqaar.realcube.estate/api/globalSearch?search=Ajman%20Corniche%20Residences&pageNumber=1&pageSize=100,KB recommendation rule references project: Ajman Corniche Residences,2026-06-25,0.90
IAUD-000302,commercial_space,recommended_project,Ajman One,https://prodadmin-aqaar.realcube.estate/api/globalSearch?search=Ajman%20One&pageNumber=1&pageSize=100,KB recommendation rule references project: Ajman One,2026-06-25,0.90
IAUD-000303,commercial_space,recommended_project,Ajman One - PH II,https://www.aqaar.com/ajman-one-phase2,KB recommendation rule references project: Ajman One - PH II,2026-06-25,0.90
IAUD-000304,commercial_space,recommended_project,Ajman Pearl,https://prodadmin-aqaar.realcube.estate/api/globalSearch?search=Ajman%20Pearl&pageNumber=1&pageSize=100,KB recommendation rule references project: Ajman Pearl,2026-06-25,0.90
IAUD-000305,commercial_space,recommended_project,Ajman Society Cooperative (Rumailah),https://prodadmin-aqaar.realcube.estate/api/globalSearch?search=Ajman%20Society%20Cooperative%20(Rumailah)&pageNumber=1&pageSize=100,KB recommendation rule references project: Ajman Society Cooperative (Rumailah),2026-06-25,0.90
IAUD-000306,commercial_space,recommended_project,Ajman Uptown,https://prodadmin-aqaar.realcube.estate/api/globalSearch?search=Ajman%20Uptown&pageNumber=1&pageSize=100,KB recommendation rule references project: Ajman Uptown,2026-06-25,0.90
IAUD-000307,commercial_space,recommended_project,Al Andalus 4,https://prodadmin-aqaar.realcube.estate/api/globalSearch?search=Al%20Andalus%204&pageNumber=1&pageSize=100,KB recommendation rule references project: Al Andalus 4,2026-06-25,0.90
IAUD-000308,commercial_space,recommended_project,Al Arabi Building,https://prodadmin-aqaar.realcube.estate/api/globalSearch?search=Al%20Arabi%20Building&pageNumber=1&pageSize=100,KB recommendation rule references project: Al Arabi Building,2026-06-25,0.90
IAUD-000309,commercial_space,recommended_project,Al Berouj 1,https://prodadmin-aqaar.realcube.estate/api/globalSearch?search=Al%20Berouj%201&pageNumber=1&pageSize=100,KB recommendation rule references project: Al Berouj 1,2026-06-25,0.90
IAUD-000310,commercial_space,recommended_project,Al Berouj 2,https://prodadmin-aqaar.realcube.estate/api/globalSearch?search=Al%20Berouj%202&pageNumber=1&pageSize=100,KB recommendation rule references project: Al Berouj 2,2026-06-25,0.90
IAUD-000311,commercial_space,recommended_project,Al Berouj 3,https://prodadmin-aqaar.realcube.estate/api/globalSearch?search=Al%20Berouj%203&pageNumber=1&pageSize=100,KB recommendation rule references project: Al Berouj 3,2026-06-25,0.90
IAUD-000312,commercial_space,recommended_project,Al Berouj 4,https://prodadmin-aqaar.realcube.estate/api/globalSearch?search=Al%20Berouj%204&pageNumber=1&pageSize=100,KB recommendation rule references project: Al Berouj 4,2026-06-25,0.90
IAUD-000313,published_price,recommended_project,Traditional Houses - Al Manama,https://prodadmin-aqaar.realcube.estate/api/globalSearch?search=Traditional%20Houses%20-%20Al%20Manama&pageNumber=1&pageSize=100,KB recommendation rule references project: Traditional Houses - Al Manama,2026-06-25,0.90
IAUD-000314,published_price,recommended_project,Rawdat Al Reef Flats & Shops,https://prodadmin-aqaar.realcube.estate/api/globalSearch?search=Rawdat%20Al%20Reef%20Flats%20%26%20Shops&pageNumber=1&pageSize=100,KB recommendation rule references project: Rawdat Al Reef Flats & Shops,2026-06-25,0.90
IAUD-000315,published_price,recommended_project,Al Manama Buildings,https://prodadmin-aqaar.realcube.estate/api/globalSearch?search=Al%20Manama%20Buildings&pageNumber=1&pageSize=100,KB recommendation rule references project: Al Manama Buildings,2026-06-25,0.90
IAUD-000316,published_price,recommended_project,Dewan Towers,https://prodadmin-aqaar.realcube.estate/api/globalSearch?search=Dewan%20Towers&pageNumber=1&pageSize=100,KB recommendation rule references project: Dewan Towers,2026-06-25,0.90
IAUD-000317,published_price,recommended_project,Houses and Flats Masfoot,https://prodadmin-aqaar.realcube.estate/api/globalSearch?search=Houses%20and%20Flats%20Masfoot&pageNumber=1&pageSize=100,KB recommendation rule references project: Houses and Flats Masfoot,2026-06-25,0.90
IAUD-000318,published_price,recommended_project,Al Monaliza,https://prodadmin-aqaar.realcube.estate/api/globalSearch?search=Al%20Monaliza&pageNumber=1&pageSize=100,KB recommendation rule references project: Al Monaliza,2026-06-25,0.90
IAUD-000319,published_price,recommended_project,Al Nakheel 2,https://prodadmin-aqaar.realcube.estate/api/globalSearch?search=Al%20Nakheel%202&pageNumber=1&pageSize=100,KB recommendation rule references project: Al Nakheel 2,2026-06-25,0.90
IAUD-000320,published_price,recommended_project,Al Jurf Complex,https://prodadmin-aqaar.realcube.estate/api/globalSearch?search=Al%20Jurf%20Complex&pageNumber=1&pageSize=100,KB recommendation rule references project: Al Jurf Complex,2026-06-25,0.90
IAUD-000321,published_price,recommended_project,Al Yasmeen Complex,https://prodadmin-aqaar.realcube.estate/api/globalSearch?search=Al%20Yasmeen%20%20Complex&pageNumber=1&pageSize=100,KB recommendation rule references project: Al Yasmeen Complex,2026-06-25,0.90
IAUD-000322,published_price,recommended_project,Al Dana,https://prodadmin-aqaar.realcube.estate/api/globalSearch?search=Al%20Dana&pageNumber=1&pageSize=100,KB recommendation rule references project: Al Dana,2026-06-25,0.90
IAUD-000323,published_price,recommended_project,Al Manama Old Clinic,https://prodadmin-aqaar.realcube.estate/api/globalSearch?search=Al%20Manama%20Old%20Clinic&pageNumber=1&pageSize=100,KB recommendation rule references project: Al Manama Old Clinic,2026-06-25,0.90
IAUD-000324,published_price,recommended_project,Al Shorouq,https://prodadmin-aqaar.realcube.estate/api/globalSearch?search=Al%20Shorouq&pageNumber=1&pageSize=100,KB recommendation rule references project: Al Shorouq,2026-06-25,0.90
IAUD-000325,waterfront_lifestyle,recommended_project,Ajman Corniche Residences,https://prodadmin-aqaar.realcube.estate/api/globalSearch?search=Ajman%20Corniche%20Residences&pageNumber=1&pageSize=100,KB recommendation rule references project: Ajman Corniche Residences,2026-06-25,0.90
IAUD-000326,waterfront_lifestyle,recommended_project,Beach Residence,https://prodadmin-aqaar.realcube.estate/api/globalSearch?search=Beach%20Residence&pageNumber=1&pageSize=100,KB recommendation rule references project: Beach Residence,2026-06-25,0.90
IAUD-000327,waterfront_lifestyle,recommended_project,Corniche Tower,https://prodadmin-aqaar.realcube.estate/api/globalSearch?search=Corniche%20Tower&pageNumber=1&pageSize=100,KB recommendation rule references project: Corniche Tower,2026-06-25,0.90
IAUD-000328,waterfront_lifestyle,recommended_project,Dusit Thani Residences Ajman,assets/Dusit-Thani-Brochure.pdf#page=2,KB recommendation rule references project: Dusit Thani Residences Ajman,2026-06-25,0.90
IAUD-000329,waterfront_lifestyle,recommended_project,Gulfa Warehouses,https://prodadmin-aqaar.realcube.estate/api/globalSearch?search=Gulfa%20Warehouses&pageNumber=1&pageSize=100,KB recommendation rule references project: Gulfa Warehouses,2026-06-25,0.90
IAUD-000330,waterfront_lifestyle,recommended_project,Mawjan,assets/Mawjan-Brochure.pdf#page=8,KB recommendation rule references project: Mawjan,2026-06-25,0.90
IAUD-000331,leasing_faq_support,recommended_project,Ajman American International School,https://prodadmin-aqaar.realcube.estate/api/globalSearch?search=Ajman%20American%20International%20School&pageNumber=1&pageSize=100,KB recommendation rule references project: Ajman American International School,2026-06-25,0.90
IAUD-000332,leasing_faq_support,recommended_project,Ajman Society Cooperative (Rumailah),https://prodadmin-aqaar.realcube.estate/api/globalSearch?search=Ajman%20Society%20Cooperative%20(Rumailah)&pageNumber=1&pageSize=100,KB recommendation rule references project: Ajman Society Cooperative (Rumailah),2026-06-25,0.90
IAUD-000333,leasing_faq_support,recommended_project,Al Andalus 4,https://prodadmin-aqaar.realcube.estate/api/globalSearch?search=Al%20Andalus%204&pageNumber=1&pageSize=100,KB recommendation rule references project: Al Andalus 4,2026-06-25,0.90
IAUD-000334,leasing_faq_support,recommended_project,Al Arabi Building,https://prodadmin-aqaar.realcube.estate/api/globalSearch?search=Al%20Arabi%20Building&pageNumber=1&pageSize=100,KB recommendation rule references project: Al Arabi Building,2026-06-25,0.90
IAUD-000335,leasing_faq_support,recommended_project,Al Berouj 1,https://prodadmin-aqaar.realcube.estate/api/globalSearch?search=Al%20Berouj%201&pageNumber=1&pageSize=100,KB recommendation rule references project: Al Berouj 1,2026-06-25,0.90
IAUD-000336,leasing_faq_support,recommended_project,Al Berouj 2,https://prodadmin-aqaar.realcube.estate/api/globalSearch?search=Al%20Berouj%202&pageNumber=1&pageSize=100,KB recommendation rule references project: Al Berouj 2,2026-06-25,0.90
IAUD-000337,leasing_faq_support,recommended_project,Al Berouj 3,https://prodadmin-aqaar.realcube.estate/api/globalSearch?search=Al%20Berouj%203&pageNumber=1&pageSize=100,KB recommendation rule references project: Al Berouj 3,2026-06-25,0.90
IAUD-000338,leasing_faq_support,recommended_project,Al Berouj 4,https://prodadmin-aqaar.realcube.estate/api/globalSearch?search=Al%20Berouj%204&pageNumber=1&pageSize=100,KB recommendation rule references project: Al Berouj 4,2026-06-25,0.90
IAUD-000339,intent_2a3c98f8cda6,intent,Buy Property,json/aqaar_intents.json,intent record exists in v3 KB: Buy Property,2026-06-25,0.90
IAUD-000340,intent_f27981162faf,intent,Rent Property,json/aqaar_intents.json,intent record exists in v3 KB: Rent Property,2026-06-25,0.90
IAUD-000341,intent_0401729c31ea,intent,Investment,json/aqaar_intents.json,intent record exists in v3 KB: Investment,2026-06-25,0.90
IAUD-000342,intent_03688ba6aa34,intent,FAQ,json/aqaar_intents.json,intent record exists in v3 KB: FAQ,2026-06-25,0.90
