lead_id,source_record_type,source_entity_id,source_project_id,project_name,unit_id,purpose,unit_type,bedrooms_min,area_sqft,budget_min,budget_max,currency,location,timeline,name,phone,email,lead_score,lead_grade,sales_handoff_summary,source_url,kb_source,unknown_fields
unknown_kb_unit_0001,kb_inventory_unit,60b8dd4b_0ad1_e811_a2b8_00155d119707_inventory,60b8dd4b_0ad1_e811_a2b8_00155d119707,Ajman American International School,60b8dd4b_0ad1_e811_a2b8_00155d119707_inventory,unknown,Education,unknown,unknown,unknown,unknown,unknown,Ajman,unknown,unknown,unknown,unknown,unknown,unknown,unknown,https://prodadmin-aqaar.realcube.estate/api/globalSearch?search=Ajman%20American%20International%20School&pageNumber=1&pageSize=100,csv/aqaar_properties_inventory.csv,purpose|timeline|name|phone|email|lead_score|lead_grade|sales_handoff_summary
unknown_kb_unit_0002,kb_inventory_unit,ccb8dd4b_0ad1_e811_a2b8_00155d119707_inventory,ccb8dd4b_0ad1_e811_a2b8_00155d119707,Ajman Corniche Residences,ccb8dd4b_0ad1_e811_a2b8_00155d119707_inventory,unknown,Commercial,unknown,unknown,236000,236000,AED,Ajman / Ajman Corniche,unknown,unknown,unknown,unknown,unknown,unknown,unknown,https://prodadmin-aqaar.realcube.estate/api/globalSearch?search=Ajman%20Corniche%20Residences&pageNumber=1&pageSize=100,csv/aqaar_properties_inventory.csv,purpose|timeline|name|phone|email|lead_score|lead_grade|sales_handoff_summary
unknown_kb_unit_0003,kb_inventory_unit,2eb8dd4b_0ad1_e811_a2b8_00155d119707_inventory,2eb8dd4b_0ad1_e811_a2b8_00155d119707,Ajman One,2eb8dd4b_0ad1_e811_a2b8_00155d119707_inventory,unknown,Commercial,unknown,unknown,263000,263000,AED,Ajman,unknown,unknown,unknown,unknown,unknown,unknown,unknown,https://prodadmin-aqaar.realcube.estate/api/globalSearch?search=Ajman%20One&pageNumber=1&pageSize=100,csv/aqaar_properties_inventory.csv,purpose|timeline|name|phone|email|lead_score|lead_grade|sales_handoff_summary
unknown_kb_unit_0004,kb_inventory_unit,22796319_20da_ee11_a2bf_00155d119841_inventory,22796319_20da_ee11_a2bf_00155d119841,Ajman One - PH II,22796319_20da_ee11_a2bf_00155d119841_inventory,unknown,Freehold,1,unknown,316000,316000,AED,Ajman,unknown,unknown,unknown,unknown,unknown,unknown,unknown,https://www.aqaar.com/ajman-one-phase2,csv/aqaar_properties_inventory.csv,purpose|timeline|name|phone|email|lead_score|lead_grade|sales_handoff_summary
unknown_kb_unit_0005,kb_inventory_unit,7f307ab5_a6a9_ea11_a2c3_00155d119619_inventory,7f307ab5_a6a9_ea11_a2c3_00155d119619,Ajman Pearl,7f307ab5_a6a9_ea11_a2c3_00155d119619_inventory,unknown,Commercial,unknown,unknown,183500,183500,AED,Ajman,unknown,unknown,unknown,unknown,unknown,unknown,unknown,https://prodadmin-aqaar.realcube.estate/api/globalSearch?search=Ajman%20Pearl&pageNumber=1&pageSize=100,csv/aqaar_properties_inventory.csv,purpose|timeline|name|phone|email|lead_score|lead_grade|sales_handoff_summary
unknown_kb_unit_0006,kb_inventory_unit,66b8dd4b_0ad1_e811_a2b8_00155d119707_inventory,66b8dd4b_0ad1_e811_a2b8_00155d119707,Ajman Society Cooperative (Rumailah),66b8dd4b_0ad1_e811_a2b8_00155d119707_inventory,unknown,Commercial,unknown,unknown,unknown,unknown,unknown,Ajman / Rumaila 1,unknown,unknown,unknown,unknown,unknown,unknown,unknown,https://prodadmin-aqaar.realcube.estate/api/globalSearch?search=Ajman%20Society%20Cooperative%20(Rumailah)&pageNumber=1&pageSize=100,csv/aqaar_properties_inventory.csv,purpose|timeline|name|phone|email|lead_score|lead_grade|sales_handoff_summary
unknown_kb_unit_0007,kb_inventory_unit,2a565476_ed0f_ee11_a2be_00155d119f33_inventory,2a565476_ed0f_ee11_a2be_00155d119f33,Ajman Uptown,2a565476_ed0f_ee11_a2be_00155d119f33_inventory,unknown,Commercial,unknown,unknown,979000,979000,AED,Ajman,unknown,unknown,unknown,unknown,unknown,unknown,unknown,https://prodadmin-aqaar.realcube.estate/api/globalSearch?search=Ajman%20Uptown&pageNumber=1&pageSize=100,csv/aqaar_properties_inventory.csv,purpose|timeline|name|phone|email|lead_score|lead_grade|sales_handoff_summary
unknown_kb_unit_0008,kb_inventory_unit,f6b7dd4b_0ad1_e811_a2b8_00155d119707_inventory,f6b7dd4b_0ad1_e811_a2b8_00155d119707,Al Andalus 4,f6b7dd4b_0ad1_e811_a2b8_00155d119707_inventory,unknown,Commercial,1,unknown,20000,20000,AED,Ajman,unknown,unknown,unknown,unknown,unknown,unknown,unknown,https://prodadmin-aqaar.realcube.estate/api/globalSearch?search=Al%20Andalus%204&pageNumber=1&pageSize=100,csv/aqaar_properties_inventory.csv,purpose|timeline|name|phone|email|lead_score|lead_grade|sales_handoff_summary
unknown_kb_unit_0009,kb_inventory_unit,96b8dd4b_0ad1_e811_a2b8_00155d119707_inventory,96b8dd4b_0ad1_e811_a2b8_00155d119707,Al Arabi Building,96b8dd4b_0ad1_e811_a2b8_00155d119707_inventory,unknown,Commercial,1,unknown,35500,35500,AED,Ajman,unknown,unknown,unknown,unknown,unknown,unknown,unknown,https://prodadmin-aqaar.realcube.estate/api/globalSearch?search=Al%20Arabi%20Building&pageNumber=1&pageSize=100,csv/aqaar_properties_inventory.csv,purpose|timeline|name|phone|email|lead_score|lead_grade|sales_handoff_summary
unknown_kb_unit_0010,kb_inventory_unit,3ab8dd4b_0ad1_e811_a2b8_00155d119707_inventory,3ab8dd4b_0ad1_e811_a2b8_00155d119707,Al Berouj 1,3ab8dd4b_0ad1_e811_a2b8_00155d119707_inventory,unknown,Commercial,1,unknown,19200,19200,AED,Ajman,unknown,unknown,unknown,unknown,unknown,unknown,unknown,https://prodadmin-aqaar.realcube.estate/api/globalSearch?search=Al%20Berouj%201&pageNumber=1&pageSize=100,csv/aqaar_properties_inventory.csv,purpose|timeline|name|phone|email|lead_score|lead_grade|sales_handoff_summary
unknown_kb_unit_0011,kb_inventory_unit,3cb8dd4b_0ad1_e811_a2b8_00155d119707_inventory,3cb8dd4b_0ad1_e811_a2b8_00155d119707,Al Berouj 2,3cb8dd4b_0ad1_e811_a2b8_00155d119707_inventory,unknown,Commercial,0,unknown,15600,15600,AED,Ajman,unknown,unknown,unknown,unknown,unknown,unknown,unknown,https://prodadmin-aqaar.realcube.estate/api/globalSearch?search=Al%20Berouj%202&pageNumber=1&pageSize=100,csv/aqaar_properties_inventory.csv,purpose|timeline|name|phone|email|lead_score|lead_grade|sales_handoff_summary
unknown_kb_unit_0012,kb_inventory_unit,3eb8dd4b_0ad1_e811_a2b8_00155d119707_inventory,3eb8dd4b_0ad1_e811_a2b8_00155d119707,Al Berouj 3,3eb8dd4b_0ad1_e811_a2b8_00155d119707_inventory,unknown,Commercial,0,unknown,15600,15600,AED,Ajman,unknown,unknown,unknown,unknown,unknown,unknown,unknown,https://prodadmin-aqaar.realcube.estate/api/globalSearch?search=Al%20Berouj%203&pageNumber=1&pageSize=100,csv/aqaar_properties_inventory.csv,purpose|timeline|name|phone|email|lead_score|lead_grade|sales_handoff_summary
unknown_kb_unit_0013,kb_inventory_unit,40b8dd4b_0ad1_e811_a2b8_00155d119707_inventory,40b8dd4b_0ad1_e811_a2b8_00155d119707,Al Berouj 4,40b8dd4b_0ad1_e811_a2b8_00155d119707_inventory,unknown,Commercial,0,unknown,15600,15600,AED,Ajman,unknown,unknown,unknown,unknown,unknown,unknown,unknown,https://prodadmin-aqaar.realcube.estate/api/globalSearch?search=Al%20Berouj%204&pageNumber=1&pageSize=100,csv/aqaar_properties_inventory.csv,purpose|timeline|name|phone|email|lead_score|lead_grade|sales_handoff_summary
unknown_kb_unit_0014,kb_inventory_unit,ecb7dd4b_0ad1_e811_a2b8_00155d119707_inventory,ecb7dd4b_0ad1_e811_a2b8_00155d119707,Al Bustan,ecb7dd4b_0ad1_e811_a2b8_00155d119707_inventory,unknown,Commercial,1,unknown,36000,36000,AED,Ajman,unknown,unknown,unknown,unknown,unknown,unknown,unknown,https://prodadmin-aqaar.realcube.estate/api/globalSearch?search=Al%20Bustan&pageNumber=1&pageSize=100,csv/aqaar_properties_inventory.csv,purpose|timeline|name|phone|email|lead_score|lead_grade|sales_handoff_summary
unknown_kb_unit_0015,kb_inventory_unit,08b8dd4b_0ad1_e811_a2b8_00155d119707_inventory,08b8dd4b_0ad1_e811_a2b8_00155d119707,Al Bustan Shops,08b8dd4b_0ad1_e811_a2b8_00155d119707_inventory,unknown,Retail,unknown,unknown,unknown,unknown,unknown,Ajman,unknown,unknown,unknown,unknown,unknown,unknown,unknown,https://prodadmin-aqaar.realcube.estate/api/globalSearch?search=Al%20Bustan%20Shops&pageNumber=1&pageSize=100,csv/aqaar_properties_inventory.csv,purpose|timeline|name|phone|email|lead_score|lead_grade|sales_handoff_summary
unknown_kb_unit_0016,kb_inventory_unit,e6b7dd4b_0ad1_e811_a2b8_00155d119707_inventory,e6b7dd4b_0ad1_e811_a2b8_00155d119707,Al Dana,e6b7dd4b_0ad1_e811_a2b8_00155d119707_inventory,unknown,Commercial,0,unknown,14400,14400,AED,Ajman,unknown,unknown,unknown,unknown,unknown,unknown,unknown,https://prodadmin-aqaar.realcube.estate/api/globalSearch?search=Al%20Dana&pageNumber=1&pageSize=100,csv/aqaar_properties_inventory.csv,purpose|timeline|name|phone|email|lead_score|lead_grade|sales_handoff_summary
unknown_kb_unit_0017,kb_inventory_unit,feb7dd4b_0ad1_e811_a2b8_00155d119707_inventory,feb7dd4b_0ad1_e811_a2b8_00155d119707,Al Durra,feb7dd4b_0ad1_e811_a2b8_00155d119707_inventory,unknown,Commercial,1,unknown,26400,26400,AED,Ajman,unknown,unknown,unknown,unknown,unknown,unknown,unknown,https://prodadmin-aqaar.realcube.estate/api/globalSearch?search=Al%20Durra&pageNumber=1&pageSize=100,csv/aqaar_properties_inventory.csv,purpose|timeline|name|phone|email|lead_score|lead_grade|sales_handoff_summary
unknown_kb_unit_0018,kb_inventory_unit,b0b8dd4b_0ad1_e811_a2b8_00155d119707_inventory,b0b8dd4b_0ad1_e811_a2b8_00155d119707,Al Fazzan,b0b8dd4b_0ad1_e811_a2b8_00155d119707_inventory,unknown,Commercial,1,unknown,44000,44000,AED,Ajman,unknown,unknown,unknown,unknown,unknown,unknown,unknown,https://prodadmin-aqaar.realcube.estate/api/globalSearch?search=Al%20Fazzan&pageNumber=1&pageSize=100,csv/aqaar_properties_inventory.csv,purpose|timeline|name|phone|email|lead_score|lead_grade|sales_handoff_summary
unknown_kb_unit_0019,kb_inventory_unit,f4502104_adbf_ec11_a2bf_00155d119927_inventory,f4502104_adbf_ec11_a2bf_00155d119927,Al Gharoub,f4502104_adbf_ec11_a2bf_00155d119927_inventory,unknown,Leasing,1,unknown,28000,28000,AED,Ajman,unknown,unknown,unknown,unknown,unknown,unknown,unknown,https://prodadmin-aqaar.realcube.estate/api/globalSearch?search=Al%20Gharoub&pageNumber=1&pageSize=100,csv/aqaar_properties_inventory.csv,purpose|timeline|name|phone|email|lead_score|lead_grade|sales_handoff_summary
unknown_kb_unit_0020,kb_inventory_unit,5b5d5569_83e3_ef11_a2ce_00155d119747_inventory,5b5d5569_83e3_ef11_a2ce_00155d119747,Al Helio Villas,5b5d5569_83e3_ef11_a2ce_00155d119747_inventory,unknown,Villa,unknown,unknown,unknown,unknown,unknown,Ajman,unknown,unknown,unknown,unknown,unknown,unknown,unknown,https://prodadmin-aqaar.realcube.estate/api/globalSearch?search=Al%20Helio%20Villas&pageNumber=1&pageSize=100,csv/aqaar_properties_inventory.csv,purpose|timeline|name|phone|email|lead_score|lead_grade|sales_handoff_summary
unknown_kb_unit_0021,kb_inventory_unit,2cb8dd4b_0ad1_e811_a2b8_00155d119707_inventory,2cb8dd4b_0ad1_e811_a2b8_00155d119707,Al Humaidia Show Rooms,2cb8dd4b_0ad1_e811_a2b8_00155d119707_inventory,unknown,Commercial,unknown,unknown,unknown,unknown,unknown,Ajman,unknown,unknown,unknown,unknown,unknown,unknown,unknown,https://prodadmin-aqaar.realcube.estate/api/globalSearch?search=Al%20Humaidia%20Show%20Rooms&pageNumber=1&pageSize=100,csv/aqaar_properties_inventory.csv,purpose|timeline|name|phone|email|lead_score|lead_grade|sales_handoff_summary
unknown_kb_unit_0022,kb_inventory_unit,76b8dd4b_0ad1_e811_a2b8_00155d119707_inventory,76b8dd4b_0ad1_e811_a2b8_00155d119707,Al Humaidia Villa 1,76b8dd4b_0ad1_e811_a2b8_00155d119707_inventory,unknown,Villa,unknown,unknown,108000,108000,AED,Ajman,unknown,unknown,unknown,unknown,unknown,unknown,unknown,https://prodadmin-aqaar.realcube.estate/api/globalSearch?search=Al%20Humaidia%20Villa%201&pageNumber=1&pageSize=100,csv/aqaar_properties_inventory.csv,purpose|timeline|name|phone|email|lead_score|lead_grade|sales_handoff_summary
unknown_kb_unit_0023,kb_inventory_unit,78b8dd4b_0ad1_e811_a2b8_00155d119707_inventory,78b8dd4b_0ad1_e811_a2b8_00155d119707,Al Humaidia Villa 2,78b8dd4b_0ad1_e811_a2b8_00155d119707_inventory,unknown,Villa,unknown,unknown,45000,45000,AED,Ajman,unknown,unknown,unknown,unknown,unknown,unknown,unknown,https://prodadmin-aqaar.realcube.estate/api/globalSearch?search=Al%20Humaidia%20Villa%202&pageNumber=1&pageSize=100,csv/aqaar_properties_inventory.csv,purpose|timeline|name|phone|email|lead_score|lead_grade|sales_handoff_summary
unknown_kb_unit_0024,kb_inventory_unit,e8b7dd4b_0ad1_e811_a2b8_00155d119707_inventory,e8b7dd4b_0ad1_e811_a2b8_00155d119707,Al Itihad,e8b7dd4b_0ad1_e811_a2b8_00155d119707_inventory,unknown,Leasing,1,unknown,33000,33000,AED,Ajman,unknown,unknown,unknown,unknown,unknown,unknown,unknown,https://prodadmin-aqaar.realcube.estate/api/globalSearch?search=Al%20Itihad&pageNumber=1&pageSize=100,csv/aqaar_properties_inventory.csv,purpose|timeline|name|phone|email|lead_score|lead_grade|sales_handoff_summary
unknown_kb_unit_0025,kb_inventory_unit,a6b8dd4b_0ad1_e811_a2b8_00155d119707_inventory,a6b8dd4b_0ad1_e811_a2b8_00155d119707,Al Johara,a6b8dd4b_0ad1_e811_a2b8_00155d119707_inventory,unknown,Commercial,1,unknown,20400,20400,AED,Ajman,unknown,unknown,unknown,unknown,unknown,unknown,unknown,https://prodadmin-aqaar.realcube.estate/api/globalSearch?search=Al%20Johara&pageNumber=1&pageSize=100,csv/aqaar_properties_inventory.csv,purpose|timeline|name|phone|email|lead_score|lead_grade|sales_handoff_summary
unknown_kb_unit_0026,kb_inventory_unit,24b8dd4b_0ad1_e811_a2b8_00155d119707_inventory,24b8dd4b_0ad1_e811_a2b8_00155d119707,Al Jurf 1,24b8dd4b_0ad1_e811_a2b8_00155d119707_inventory,unknown,Commercial,1,unknown,20000,20000,AED,Ajman / Jurf 1,unknown,unknown,unknown,unknown,unknown,unknown,unknown,https://prodadmin-aqaar.realcube.estate/api/globalSearch?search=Al%20Jurf%201&pageNumber=1&pageSize=100,csv/aqaar_properties_inventory.csv,purpose|timeline|name|phone|email|lead_score|lead_grade|sales_handoff_summary
unknown_kb_unit_0027,kb_inventory_unit,26b8dd4b_0ad1_e811_a2b8_00155d119707_inventory,26b8dd4b_0ad1_e811_a2b8_00155d119707,Al Jurf 2,26b8dd4b_0ad1_e811_a2b8_00155d119707_inventory,unknown,Commercial,0,unknown,21000,21000,AED,Ajman / Jurf 2,unknown,unknown,unknown,unknown,unknown,unknown,unknown,https://prodadmin-aqaar.realcube.estate/api/globalSearch?search=Al%20Jurf%202&pageNumber=1&pageSize=100,csv/aqaar_properties_inventory.csv,purpose|timeline|name|phone|email|lead_score|lead_grade|sales_handoff_summary
unknown_kb_unit_0028,kb_inventory_unit,22b8dd4b_0ad1_e811_a2b8_00155d119707_inventory,22b8dd4b_0ad1_e811_a2b8_00155d119707,Al Jurf 3,22b8dd4b_0ad1_e811_a2b8_00155d119707_inventory,unknown,Commercial,1,unknown,31680,31680,AED,Ajman,unknown,unknown,unknown,unknown,unknown,unknown,unknown,https://prodadmin-aqaar.realcube.estate/api/globalSearch?search=Al%20Jurf%203&pageNumber=1&pageSize=100,csv/aqaar_properties_inventory.csv,purpose|timeline|name|phone|email|lead_score|lead_grade|sales_handoff_summary
unknown_kb_unit_0029,kb_inventory_unit,82b8dd4b_0ad1_e811_a2b8_00155d119707_inventory,82b8dd4b_0ad1_e811_a2b8_00155d119707,Al Jurf Buildings 20 / A7 (Labor City),82b8dd4b_0ad1_e811_a2b8_00155d119707_inventory,unknown,Residential,unknown,unknown,unknown,unknown,unknown,Ajman,unknown,unknown,unknown,unknown,unknown,unknown,unknown,https://prodadmin-aqaar.realcube.estate/api/globalSearch?search=Al%20Jurf%20Buildings%2020%20%2F%20A7%20(Labor%20City)&pageNumber=1&pageSize=100,csv/aqaar_properties_inventory.csv,purpose|timeline|name|phone|email|lead_score|lead_grade|sales_handoff_summary
unknown_kb_unit_0030,kb_inventory_unit,80b8dd4b_0ad1_e811_a2b8_00155d119707_inventory,80b8dd4b_0ad1_e811_a2b8_00155d119707,Al Jurf Buildings 20 / B7 (Labor City),80b8dd4b_0ad1_e811_a2b8_00155d119707_inventory,unknown,Residential,unknown,unknown,unknown,unknown,unknown,Ajman,unknown,unknown,unknown,unknown,unknown,unknown,unknown,https://prodadmin-aqaar.realcube.estate/api/globalSearch?search=Al%20Jurf%20Buildings%2020%20%2F%20B7%20(Labor%20City)&pageNumber=1&pageSize=100,csv/aqaar_properties_inventory.csv,purpose|timeline|name|phone|email|lead_score|lead_grade|sales_handoff_summary
unknown_kb_unit_0031,kb_inventory_unit,2ab8dd4b_0ad1_e811_a2b8_00155d119707_inventory,2ab8dd4b_0ad1_e811_a2b8_00155d119707,Al Jurf Complex,2ab8dd4b_0ad1_e811_a2b8_00155d119707_inventory,unknown,Commercial,0,unknown,14000,14000,AED,Ajman,unknown,unknown,unknown,unknown,unknown,unknown,unknown,https://prodadmin-aqaar.realcube.estate/api/globalSearch?search=Al%20Jurf%20Complex&pageNumber=1&pageSize=100,csv/aqaar_properties_inventory.csv,purpose|timeline|name|phone|email|lead_score|lead_grade|sales_handoff_summary
unknown_kb_unit_0032,kb_inventory_unit,20b8dd4b_0ad1_e811_a2b8_00155d119707_inventory,20b8dd4b_0ad1_e811_a2b8_00155d119707,Al Jurf Residential Villas,20b8dd4b_0ad1_e811_a2b8_00155d119707_inventory,unknown,Villa,unknown,unknown,113400,113400,AED,Ajman,unknown,unknown,unknown,unknown,unknown,unknown,unknown,https://prodadmin-aqaar.realcube.estate/api/globalSearch?search=Al%20Jurf%20Residential%20Villas&pageNumber=1&pageSize=100,csv/aqaar_properties_inventory.csv,purpose|timeline|name|phone|email|lead_score|lead_grade|sales_handoff_summary
unknown_kb_unit_0033,kb_inventory_unit,a2b8dd4b_0ad1_e811_a2b8_00155d119707_inventory,a2b8dd4b_0ad1_e811_a2b8_00155d119707,Al Jurf Show Room 1,a2b8dd4b_0ad1_e811_a2b8_00155d119707_inventory,unknown,Commercial,unknown,unknown,unknown,unknown,unknown,Ajman,unknown,unknown,unknown,unknown,unknown,unknown,unknown,https://prodadmin-aqaar.realcube.estate/api/globalSearch?search=Al%20Jurf%20Show%20Room%201&pageNumber=1&pageSize=100,csv/aqaar_properties_inventory.csv,purpose|timeline|name|phone|email|lead_score|lead_grade|sales_handoff_summary
unknown_kb_unit_0034,kb_inventory_unit,a4b8dd4b_0ad1_e811_a2b8_00155d119707_inventory,a4b8dd4b_0ad1_e811_a2b8_00155d119707,Al Jurf Show Room 2,a4b8dd4b_0ad1_e811_a2b8_00155d119707_inventory,unknown,Commercial,unknown,unknown,unknown,unknown,unknown,Ajman,unknown,unknown,unknown,unknown,unknown,unknown,unknown,https://prodadmin-aqaar.realcube.estate/api/globalSearch?search=Al%20Jurf%20Show%20Room%202&pageNumber=1&pageSize=100,csv/aqaar_properties_inventory.csv,purpose|timeline|name|phone|email|lead_score|lead_grade|sales_handoff_summary
unknown_kb_unit_0035,kb_inventory_unit,1cb8dd4b_0ad1_e811_a2b8_00155d119707_inventory,1cb8dd4b_0ad1_e811_a2b8_00155d119707,Al Jurf Villas,1cb8dd4b_0ad1_e811_a2b8_00155d119707_inventory,unknown,Villa,unknown,unknown,75000,75000,AED,Ajman,unknown,unknown,unknown,unknown,unknown,unknown,unknown,https://prodadmin-aqaar.realcube.estate/api/globalSearch?search=Al%20Jurf%20Villas&pageNumber=1&pageSize=100,csv/aqaar_properties_inventory.csv,purpose|timeline|name|phone|email|lead_score|lead_grade|sales_handoff_summary
unknown_kb_unit_0036,kb_inventory_unit,1eb8dd4b_0ad1_e811_a2b8_00155d119707_inventory,1eb8dd4b_0ad1_e811_a2b8_00155d119707,Al Jurf Villas 2,1eb8dd4b_0ad1_e811_a2b8_00155d119707_inventory,unknown,Villa,unknown,unknown,80000,80000,AED,Ajman,unknown,unknown,unknown,unknown,unknown,unknown,unknown,https://prodadmin-aqaar.realcube.estate/api/globalSearch?search=Al%20Jurf%20Villas%202&pageNumber=1&pageSize=100,csv/aqaar_properties_inventory.csv,purpose|timeline|name|phone|email|lead_score|lead_grade|sales_handoff_summary
unknown_kb_unit_0037,kb_inventory_unit,8aed16b5_4982_ec11_a2bf_00155d119927_inventory,8aed16b5_4982_ec11_a2bf_00155d119927,Al Karama,8aed16b5_4982_ec11_a2bf_00155d119927_inventory,unknown,Commercial,0,unknown,15000,15000,AED,Ajman,unknown,unknown,unknown,unknown,unknown,unknown,unknown,https://prodadmin-aqaar.realcube.estate/api/globalSearch?search=Al%20Karama&pageNumber=1&pageSize=100,csv/aqaar_properties_inventory.csv,purpose|timeline|name|phone|email|lead_score|lead_grade|sales_handoff_summary
unknown_kb_unit_0038,kb_inventory_unit,44b8dd4b_0ad1_e811_a2b8_00155d119707_inventory,44b8dd4b_0ad1_e811_a2b8_00155d119707,Al Khor Villas & Shops,44b8dd4b_0ad1_e811_a2b8_00155d119707_inventory,unknown,Villa,unknown,unknown,48000,48000,AED,Ajman,unknown,unknown,unknown,unknown,unknown,unknown,unknown,https://prodadmin-aqaar.realcube.estate/api/globalSearch?search=Al%20Khor%20Villas%20%26%20Shops&pageNumber=1&pageSize=100,csv/aqaar_properties_inventory.csv,purpose|timeline|name|phone|email|lead_score|lead_grade|sales_handoff_summary
unknown_kb_unit_0039,kb_inventory_unit,9cb8dd4b_0ad1_e811_a2b8_00155d119707_inventory,9cb8dd4b_0ad1_e811_a2b8_00155d119707,Al Madina Tower,9cb8dd4b_0ad1_e811_a2b8_00155d119707_inventory,unknown,Commercial,1,unknown,27000,27000,AED,Ajman,unknown,unknown,unknown,unknown,unknown,unknown,unknown,https://prodadmin-aqaar.realcube.estate/api/globalSearch?search=Al%20Madina%20Tower&pageNumber=1&pageSize=100,csv/aqaar_properties_inventory.csv,purpose|timeline|name|phone|email|lead_score|lead_grade|sales_handoff_summary
unknown_kb_unit_0040,kb_inventory_unit,7cb8dd4b_0ad1_e811_a2b8_00155d119707_inventory,7cb8dd4b_0ad1_e811_a2b8_00155d119707,Al Manama Buildings,7cb8dd4b_0ad1_e811_a2b8_00155d119707_inventory,unknown,Commercial,0,unknown,10000,10000,AED,Ajman,unknown,unknown,unknown,unknown,unknown,unknown,unknown,https://prodadmin-aqaar.realcube.estate/api/globalSearch?search=Al%20Manama%20Buildings&pageNumber=1&pageSize=100,csv/aqaar_properties_inventory.csv,purpose|timeline|name|phone|email|lead_score|lead_grade|sales_handoff_summary
unknown_kb_unit_0041,kb_inventory_unit,74b8dd4b_0ad1_e811_a2b8_00155d119707_inventory,74b8dd4b_0ad1_e811_a2b8_00155d119707,Al Manama Farm,74b8dd4b_0ad1_e811_a2b8_00155d119707_inventory,unknown,unknown,unknown,unknown,unknown,unknown,unknown,Ajman,unknown,unknown,unknown,unknown,unknown,unknown,unknown,https://prodadmin-aqaar.realcube.estate/api/globalSearch?search=Al%20Manama%20Farm&pageNumber=1&pageSize=100,csv/aqaar_properties_inventory.csv,purpose|timeline|name|phone|email|lead_score|lead_grade|sales_handoff_summary
unknown_kb_unit_0042,kb_inventory_unit,52cf79ec_eb47_ea11_a2bc_00155d119619_inventory,52cf79ec_eb47_ea11_a2bc_00155d119619,Al Manama Land,52cf79ec_eb47_ea11_a2bc_00155d119619_inventory,unknown,Land,unknown,unknown,unknown,unknown,unknown,Ajman,unknown,unknown,unknown,unknown,unknown,unknown,unknown,https://prodadmin-aqaar.realcube.estate/api/globalSearch?search=Al%20Manama%20Land&pageNumber=1&pageSize=100,csv/aqaar_properties_inventory.csv,purpose|timeline|name|phone|email|lead_score|lead_grade|sales_handoff_summary
unknown_kb_unit_0043,kb_inventory_unit,6eb8dd4b_0ad1_e811_a2b8_00155d119707_inventory,6eb8dd4b_0ad1_e811_a2b8_00155d119707,Al Manama New Shops,6eb8dd4b_0ad1_e811_a2b8_00155d119707_inventory,unknown,Retail,unknown,unknown,unknown,unknown,unknown,Ajman,unknown,unknown,unknown,unknown,unknown,unknown,unknown,https://prodadmin-aqaar.realcube.estate/api/globalSearch?search=Al%20Manama%20New%20Shops&pageNumber=1&pageSize=100,csv/aqaar_properties_inventory.csv,purpose|timeline|name|phone|email|lead_score|lead_grade|sales_handoff_summary
unknown_kb_unit_0044,kb_inventory_unit,48b8dd4b_0ad1_e811_a2b8_00155d119707_inventory,48b8dd4b_0ad1_e811_a2b8_00155d119707,Al Manama Old Clinic,48b8dd4b_0ad1_e811_a2b8_00155d119707_inventory,unknown,Healthcare,1,unknown,14400,14400,AED,Ajman,unknown,unknown,unknown,unknown,unknown,unknown,unknown,https://prodadmin-aqaar.realcube.estate/api/globalSearch?search=Al%20Manama%20Old%20Clinic&pageNumber=1&pageSize=100,csv/aqaar_properties_inventory.csv,purpose|timeline|name|phone|email|lead_score|lead_grade|sales_handoff_summary
unknown_kb_unit_0045,kb_inventory_unit,0ab8dd4b_0ad1_e811_a2b8_00155d119707_inventory,0ab8dd4b_0ad1_e811_a2b8_00155d119707,Al Manara,0ab8dd4b_0ad1_e811_a2b8_00155d119707_inventory,unknown,Commercial,0,unknown,16800,16800,AED,Ajman,unknown,unknown,unknown,unknown,unknown,unknown,unknown,https://prodadmin-aqaar.realcube.estate/api/globalSearch?search=Al%20Manara&pageNumber=1&pageSize=100,csv/aqaar_properties_inventory.csv,purpose|timeline|name|phone|email|lead_score|lead_grade|sales_handoff_summary
unknown_kb_unit_0046,kb_inventory_unit,94b8dd4b_0ad1_e811_a2b8_00155d119707_inventory,94b8dd4b_0ad1_e811_a2b8_00155d119707,Al Maya Super market,94b8dd4b_0ad1_e811_a2b8_00155d119707_inventory,unknown,Commercial,unknown,unknown,unknown,unknown,unknown,Ajman,unknown,unknown,unknown,unknown,unknown,unknown,unknown,https://prodadmin-aqaar.realcube.estate/api/globalSearch?search=Al%20Maya%20Super%20market&pageNumber=1&pageSize=100,csv/aqaar_properties_inventory.csv,purpose|timeline|name|phone|email|lead_score|lead_grade|sales_handoff_summary
unknown_kb_unit_0047,kb_inventory_unit,12b8dd4b_0ad1_e811_a2b8_00155d119707_inventory,12b8dd4b_0ad1_e811_a2b8_00155d119707,Al Monaliza,12b8dd4b_0ad1_e811_a2b8_00155d119707_inventory,unknown,Commercial,1,unknown,13200,13200,AED,Ajman,unknown,unknown,unknown,unknown,unknown,unknown,unknown,https://prodadmin-aqaar.realcube.estate/api/globalSearch?search=Al%20Monaliza&pageNumber=1&pageSize=100,csv/aqaar_properties_inventory.csv,purpose|timeline|name|phone|email|lead_score|lead_grade|sales_handoff_summary
unknown_kb_unit_0048,kb_inventory_unit,b2b8dd4b_0ad1_e811_a2b8_00155d119707_inventory,b2b8dd4b_0ad1_e811_a2b8_00155d119707,Al Musalla Building (Kempinski),b2b8dd4b_0ad1_e811_a2b8_00155d119707_inventory,unknown,Commercial,1,unknown,26400,26400,AED,Ajman,unknown,unknown,unknown,unknown,unknown,unknown,unknown,https://prodadmin-aqaar.realcube.estate/api/globalSearch?search=Al%20Musalla%20%20Building%20(Kempinski)&pageNumber=1&pageSize=100,csv/aqaar_properties_inventory.csv,purpose|timeline|name|phone|email|lead_score|lead_grade|sales_handoff_summary
unknown_kb_unit_0049,kb_inventory_unit,00b8dd4b_0ad1_e811_a2b8_00155d119707_inventory,00b8dd4b_0ad1_e811_a2b8_00155d119707,Al Muthaf,00b8dd4b_0ad1_e811_a2b8_00155d119707_inventory,unknown,Commercial,0,unknown,18000,18000,AED,Ajman,unknown,unknown,unknown,unknown,unknown,unknown,unknown,https://prodadmin-aqaar.realcube.estate/api/globalSearch?search=Al%20Muthaf&pageNumber=1&pageSize=100,csv/aqaar_properties_inventory.csv,purpose|timeline|name|phone|email|lead_score|lead_grade|sales_handoff_summary
unknown_kb_unit_0050,kb_inventory_unit,fcb7dd4b_0ad1_e811_a2b8_00155d119707_inventory,fcb7dd4b_0ad1_e811_a2b8_00155d119707,Al Nakheel 1,fcb7dd4b_0ad1_e811_a2b8_00155d119707_inventory,unknown,Commercial,1,unknown,20400,20400,AED,Ajman / Nakheel 1,unknown,unknown,unknown,unknown,unknown,unknown,unknown,https://prodadmin-aqaar.realcube.estate/api/globalSearch?search=Al%20Nakheel%201&pageNumber=1&pageSize=100,csv/aqaar_properties_inventory.csv,purpose|timeline|name|phone|email|lead_score|lead_grade|sales_handoff_summary
unknown_kb_unit_0051,kb_inventory_unit,29eb4220_c77d_ec11_a2ca_00155d119619_inventory,29eb4220_c77d_ec11_a2ca_00155d119619,Al Nakheel 2,29eb4220_c77d_ec11_a2ca_00155d119619_inventory,unknown,Commercial,0,unknown,13431,13431,AED,Ajman / Nakheel 2,unknown,unknown,unknown,unknown,unknown,unknown,unknown,https://prodadmin-aqaar.realcube.estate/api/globalSearch?search=Al%20Nakheel%202&pageNumber=1&pageSize=100,csv/aqaar_properties_inventory.csv,purpose|timeline|name|phone|email|lead_score|lead_grade|sales_handoff_summary
unknown_kb_unit_0052,kb_inventory_unit,06b8dd4b_0ad1_e811_a2b8_00155d119707_inventory,06b8dd4b_0ad1_e811_a2b8_00155d119707,Al Nasr,06b8dd4b_0ad1_e811_a2b8_00155d119707_inventory,unknown,Commercial,1,unknown,19200,19200,AED,Ajman,unknown,unknown,unknown,unknown,unknown,unknown,unknown,https://prodadmin-aqaar.realcube.estate/api/globalSearch?search=Al%20Nasr&pageNumber=1&pageSize=100,csv/aqaar_properties_inventory.csv,purpose|timeline|name|phone|email|lead_score|lead_grade|sales_handoff_summary
unknown_kb_unit_0053,kb_inventory_unit,28b8dd4b_0ad1_e811_a2b8_00155d119707_inventory,28b8dd4b_0ad1_e811_a2b8_00155d119707,Al Nuaimia Complex,28b8dd4b_0ad1_e811_a2b8_00155d119707_inventory,unknown,Commercial,1,unknown,15000,15000,AED,Ajman,unknown,unknown,unknown,unknown,unknown,unknown,unknown,https://prodadmin-aqaar.realcube.estate/api/globalSearch?search=Al%20Nuaimia%20Complex&pageNumber=1&pageSize=100,csv/aqaar_properties_inventory.csv,purpose|timeline|name|phone|email|lead_score|lead_grade|sales_handoff_summary
unknown_kb_unit_0054,kb_inventory_unit,9eb8dd4b_0ad1_e811_a2b8_00155d119707_inventory,9eb8dd4b_0ad1_e811_a2b8_00155d119707,Al Ofoq Tower,9eb8dd4b_0ad1_e811_a2b8_00155d119707_inventory,unknown,Commercial,1,unknown,32400,32400,AED,Ajman,unknown,unknown,unknown,unknown,unknown,unknown,unknown,https://prodadmin-aqaar.realcube.estate/api/globalSearch?search=Al%20Ofoq%20Tower&pageNumber=1&pageSize=100,csv/aqaar_properties_inventory.csv,purpose|timeline|name|phone|email|lead_score|lead_grade|sales_handoff_summary
unknown_kb_unit_0055,kb_inventory_unit,98b8dd4b_0ad1_e811_a2b8_00155d119707_inventory,98b8dd4b_0ad1_e811_a2b8_00155d119707,Al Quds Villa,98b8dd4b_0ad1_e811_a2b8_00155d119707_inventory,unknown,Villa,unknown,unknown,unknown,unknown,unknown,Ajman,unknown,unknown,unknown,unknown,unknown,unknown,unknown,https://prodadmin-aqaar.realcube.estate/api/globalSearch?search=Al%20Quds%20Villa&pageNumber=1&pageSize=100,csv/aqaar_properties_inventory.csv,purpose|timeline|name|phone|email|lead_score|lead_grade|sales_handoff_summary
unknown_kb_unit_0056,kb_inventory_unit,cc16b230_d81e_ee11_a2be_00155d119f33_inventory,cc16b230_d81e_ee11_a2be_00155d119f33,Al Ras,cc16b230_d81e_ee11_a2be_00155d119f33_inventory,unknown,Commercial,unknown,unknown,unknown,unknown,unknown,Ajman,unknown,unknown,unknown,unknown,unknown,unknown,unknown,https://prodadmin-aqaar.realcube.estate/api/globalSearch?search=Al%20Ras&pageNumber=1&pageSize=100,csv/aqaar_properties_inventory.csv,purpose|timeline|name|phone|email|lead_score|lead_grade|sales_handoff_summary
unknown_kb_unit_0057,kb_inventory_unit,88c9f0b0_29ea_f011_8406_70a8a5211049_inventory,88c9f0b0_29ea_f011_8406_70a8a5211049,Al Refaa,88c9f0b0_29ea_f011_8406_70a8a5211049_inventory,unknown,unknown,unknown,unknown,unknown,unknown,unknown,Ajman,unknown,unknown,unknown,unknown,unknown,unknown,unknown,https://prodadmin-aqaar.realcube.estate/api/globalSearch?search=Al%20Refaa&pageNumber=1&pageSize=100,csv/aqaar_properties_inventory.csv,purpose|timeline|name|phone|email|lead_score|lead_grade|sales_handoff_summary
unknown_kb_unit_0058,kb_inventory_unit,f0d34484_309f_ee11_a2bf_00155d119841_inventory,f0d34484_309f_ee11_a2bf_00155d119841,Al Rumaila 1,f0d34484_309f_ee11_a2bf_00155d119841_inventory,unknown,Commercial,1,unknown,15600,15600,AED,Ajman / Rumaila 1,unknown,unknown,unknown,unknown,unknown,unknown,unknown,https://prodadmin-aqaar.realcube.estate/api/globalSearch?search=Al%20Rumaila%201&pageNumber=1&pageSize=100,csv/aqaar_properties_inventory.csv,purpose|timeline|name|phone|email|lead_score|lead_grade|sales_handoff_summary
unknown_kb_unit_0059,kb_inventory_unit,18b8dd4b_0ad1_e811_a2b8_00155d119707_inventory,18b8dd4b_0ad1_e811_a2b8_00155d119707,Al Rumailah,18b8dd4b_0ad1_e811_a2b8_00155d119707_inventory,unknown,Commercial,1,unknown,21600,21600,AED,Ajman / Rumaila 1,unknown,unknown,unknown,unknown,unknown,unknown,unknown,https://prodadmin-aqaar.realcube.estate/api/globalSearch?search=Al%20Rumailah&pageNumber=1&pageSize=100,csv/aqaar_properties_inventory.csv,purpose|timeline|name|phone|email|lead_score|lead_grade|sales_handoff_summary
unknown_kb_unit_0060,kb_inventory_unit,86b8dd4b_0ad1_e811_a2b8_00155d119707_inventory,86b8dd4b_0ad1_e811_a2b8_00155d119707,Al Rumailah New Villas,86b8dd4b_0ad1_e811_a2b8_00155d119707_inventory,unknown,Villa,unknown,unknown,102000,102000,AED,Ajman / Rumaila 1,unknown,unknown,unknown,unknown,unknown,unknown,unknown,https://prodadmin-aqaar.realcube.estate/api/globalSearch?search=Al%20Rumailah%20New%20Villas&pageNumber=1&pageSize=100,csv/aqaar_properties_inventory.csv,purpose|timeline|name|phone|email|lead_score|lead_grade|sales_handoff_summary
unknown_kb_unit_0061,kb_inventory_unit,11f6f9c7_d27d_ec11_a2ca_00155d119619_inventory,11f6f9c7_d27d_ec11_a2ca_00155d119619,Al Sediq,11f6f9c7_d27d_ec11_a2ca_00155d119619_inventory,unknown,Commercial,1,unknown,19200,19200,AED,Ajman,unknown,unknown,unknown,unknown,unknown,unknown,unknown,https://prodadmin-aqaar.realcube.estate/api/globalSearch?search=Al%20Sediq&pageNumber=1&pageSize=100,csv/aqaar_properties_inventory.csv,purpose|timeline|name|phone|email|lead_score|lead_grade|sales_handoff_summary
unknown_kb_unit_0062,kb_inventory_unit,32b8dd4b_0ad1_e811_a2b8_00155d119707_inventory,32b8dd4b_0ad1_e811_a2b8_00155d119707,Al Shahba,32b8dd4b_0ad1_e811_a2b8_00155d119707_inventory,unknown,Leasing,1,unknown,27000,27000,AED,Ajman,unknown,unknown,unknown,unknown,unknown,unknown,unknown,https://prodadmin-aqaar.realcube.estate/api/globalSearch?search=Al%20Shahba&pageNumber=1&pageSize=100,csv/aqaar_properties_inventory.csv,purpose|timeline|name|phone|email|lead_score|lead_grade|sales_handoff_summary
unknown_kb_unit_0063,kb_inventory_unit,90b8dd4b_0ad1_e811_a2b8_00155d119707_inventory,90b8dd4b_0ad1_e811_a2b8_00155d119707,Al Sheikh Humaid Building (Abu-Dhabi),90b8dd4b_0ad1_e811_a2b8_00155d119707_inventory,unknown,Commercial,1,unknown,37800,37800,AED,Abu Dhabi,unknown,unknown,unknown,unknown,unknown,unknown,unknown,https://prodadmin-aqaar.realcube.estate/api/globalSearch?search=Al%20Sheikh%20Humaid%20Building%20(Abu-Dhabi)&pageNumber=1&pageSize=100,csv/aqaar_properties_inventory.csv,purpose|timeline|name|phone|email|lead_score|lead_grade|sales_handoff_summary
unknown_kb_unit_0064,kb_inventory_unit,b4b8dd4b_0ad1_e811_a2b8_00155d119707_inventory,b4b8dd4b_0ad1_e811_a2b8_00155d119707,Al Sheikha Fatima Building (Abu-Dhabi),b4b8dd4b_0ad1_e811_a2b8_00155d119707_inventory,unknown,Commercial,1,unknown,36750,36750,AED,Abu Dhabi,unknown,unknown,unknown,unknown,unknown,unknown,unknown,https://prodadmin-aqaar.realcube.estate/api/globalSearch?search=Al%20Sheikha%20Fatima%20Building%20(Abu-Dhabi)&pageNumber=1&pageSize=100,csv/aqaar_properties_inventory.csv,purpose|timeline|name|phone|email|lead_score|lead_grade|sales_handoff_summary
unknown_kb_unit_0065,kb_inventory_unit,44f00817_9e49_eb11_a2c6_00155d119619_inventory,44f00817_9e49_eb11_a2c6_00155d119619,Al Shorouq,44f00817_9e49_eb11_a2c6_00155d119619_inventory,unknown,Commercial,0,unknown,14400,14400,AED,Ajman,unknown,unknown,unknown,unknown,unknown,unknown,unknown,https://prodadmin-aqaar.realcube.estate/api/globalSearch?search=Al%20Shorouq&pageNumber=1&pageSize=100,csv/aqaar_properties_inventory.csv,purpose|timeline|name|phone|email|lead_score|lead_grade|sales_handoff_summary
unknown_kb_unit_0066,kb_inventory_unit,0eb8dd4b_0ad1_e811_a2b8_00155d119707_inventory,0eb8dd4b_0ad1_e811_a2b8_00155d119707,Al Suwan,0eb8dd4b_0ad1_e811_a2b8_00155d119707_inventory,unknown,Commercial,1,unknown,28800,28800,AED,Ajman,unknown,unknown,unknown,unknown,unknown,unknown,unknown,https://prodadmin-aqaar.realcube.estate/api/globalSearch?search=Al%20Suwan&pageNumber=1&pageSize=100,csv/aqaar_properties_inventory.csv,purpose|timeline|name|phone|email|lead_score|lead_grade|sales_handoff_summary
unknown_kb_unit_0067,kb_inventory_unit,10b8dd4b_0ad1_e811_a2b8_00155d119707_inventory,10b8dd4b_0ad1_e811_a2b8_00155d119707,Al Tameer,10b8dd4b_0ad1_e811_a2b8_00155d119707_inventory,unknown,Commercial,1,unknown,40800,40800,AED,Ajman,unknown,unknown,unknown,unknown,unknown,unknown,unknown,https://prodadmin-aqaar.realcube.estate/api/globalSearch?search=Al%20Tameer&pageNumber=1&pageSize=100,csv/aqaar_properties_inventory.csv,purpose|timeline|name|phone|email|lead_score|lead_grade|sales_handoff_summary
unknown_kb_unit_0068,kb_inventory_unit,a8b8dd4b_0ad1_e811_a2b8_00155d119707_inventory,a8b8dd4b_0ad1_e811_a2b8_00155d119707,Al Thuraya 1,a8b8dd4b_0ad1_e811_a2b8_00155d119707_inventory,unknown,Commercial,1,unknown,20000,20000,AED,Ajman,unknown,unknown,unknown,unknown,unknown,unknown,unknown,https://prodadmin-aqaar.realcube.estate/api/globalSearch?search=Al%20Thuraya%201&pageNumber=1&pageSize=100,csv/aqaar_properties_inventory.csv,purpose|timeline|name|phone|email|lead_score|lead_grade|sales_handoff_summary
unknown_kb_unit_0069,kb_inventory_unit,aab8dd4b_0ad1_e811_a2b8_00155d119707_inventory,aab8dd4b_0ad1_e811_a2b8_00155d119707,Al Thuraya 2,aab8dd4b_0ad1_e811_a2b8_00155d119707_inventory,unknown,Commercial,1,unknown,20000,20000,AED,Ajman,unknown,unknown,unknown,unknown,unknown,unknown,unknown,https://prodadmin-aqaar.realcube.estate/api/globalSearch?search=Al%20Thuraya%202&pageNumber=1&pageSize=100,csv/aqaar_properties_inventory.csv,purpose|timeline|name|phone|email|lead_score|lead_grade|sales_handoff_summary
unknown_kb_unit_0070,kb_inventory_unit,acb8dd4b_0ad1_e811_a2b8_00155d119707_inventory,acb8dd4b_0ad1_e811_a2b8_00155d119707,Al Thuraya 3,acb8dd4b_0ad1_e811_a2b8_00155d119707_inventory,unknown,Commercial,1,unknown,33600,33600,AED,Ajman,unknown,unknown,unknown,unknown,unknown,unknown,unknown,https://prodadmin-aqaar.realcube.estate/api/globalSearch?search=Al%20Thuraya%203&pageNumber=1&pageSize=100,csv/aqaar_properties_inventory.csv,purpose|timeline|name|phone|email|lead_score|lead_grade|sales_handoff_summary
unknown_kb_unit_0071,kb_inventory_unit,42b8dd4b_0ad1_e811_a2b8_00155d119707_inventory,42b8dd4b_0ad1_e811_a2b8_00155d119707,Al Yasmeen Complex,42b8dd4b_0ad1_e811_a2b8_00155d119707_inventory,unknown,Leasing,0,unknown,14000,14000,AED,Ajman,unknown,unknown,unknown,unknown,unknown,unknown,unknown,https://prodadmin-aqaar.realcube.estate/api/globalSearch?search=Al%20Yasmeen%20%20Complex&pageNumber=1&pageSize=100,csv/aqaar_properties_inventory.csv,purpose|timeline|name|phone|email|lead_score|lead_grade|sales_handoff_summary
unknown_kb_unit_0072,kb_inventory_unit,beabdf96_e122_e911_a2b8_00155d119707_inventory,beabdf96_e122_e911_a2b8_00155d119707,Al Zahir,beabdf96_e122_e911_a2b8_00155d119707_inventory,unknown,Commercial,1,unknown,14400,14400,AED,Ajman,unknown,unknown,unknown,unknown,unknown,unknown,unknown,https://prodadmin-aqaar.realcube.estate/api/globalSearch?search=Al%20Zahir&pageNumber=1&pageSize=100,csv/aqaar_properties_inventory.csv,purpose|timeline|name|phone|email|lead_score|lead_grade|sales_handoff_summary
unknown_kb_unit_0073,kb_inventory_unit,02b8dd4b_0ad1_e811_a2b8_00155d119707_inventory,02b8dd4b_0ad1_e811_a2b8_00155d119707,Al Zahra Complex,02b8dd4b_0ad1_e811_a2b8_00155d119707_inventory,unknown,Commercial,0,unknown,24000,24000,AED,Ajman,unknown,unknown,unknown,unknown,unknown,unknown,unknown,https://prodadmin-aqaar.realcube.estate/api/globalSearch?search=Al%20Zahra%20Complex&pageNumber=1&pageSize=100,csv/aqaar_properties_inventory.csv,purpose|timeline|name|phone|email|lead_score|lead_grade|sales_handoff_summary
unknown_kb_unit_0074,kb_inventory_unit,6c1c103f_f0f0_ea11_a2c4_00155d119619_inventory,6c1c103f_f0f0_ea11_a2c4_00155d119619,Al-Khour Tower C,6c1c103f_f0f0_ea11_a2c4_00155d119619_inventory,unknown,Commercial,1,unknown,44400,44400,AED,Ajman,unknown,unknown,unknown,unknown,unknown,unknown,unknown,https://prodadmin-aqaar.realcube.estate/api/globalSearch?search=Al-Khour%20Tower%20C&pageNumber=1&pageSize=100,csv/aqaar_properties_inventory.csv,purpose|timeline|name|phone|email|lead_score|lead_grade|sales_handoff_summary
unknown_kb_unit_0075,kb_inventory_unit,eeb7dd4b_0ad1_e811_a2b8_00155d119707_inventory,eeb7dd4b_0ad1_e811_a2b8_00155d119707,AL-Khour Towers,eeb7dd4b_0ad1_e811_a2b8_00155d119707_inventory,unknown,Commercial,unknown,unknown,195000,195000,AED,Ajman,unknown,unknown,unknown,unknown,unknown,unknown,unknown,https://prodadmin-aqaar.realcube.estate/api/globalSearch?search=AL-Khour%20Towers&pageNumber=1&pageSize=100,csv/aqaar_properties_inventory.csv,purpose|timeline|name|phone|email|lead_score|lead_grade|sales_handoff_summary
unknown_kb_unit_0076,kb_inventory_unit,88b8dd4b_0ad1_e811_a2b8_00155d119707_inventory,88b8dd4b_0ad1_e811_a2b8_00155d119707,Amina Hospital,88b8dd4b_0ad1_e811_a2b8_00155d119707_inventory,unknown,Healthcare,unknown,unknown,unknown,unknown,unknown,Ajman,unknown,unknown,unknown,unknown,unknown,unknown,unknown,https://prodadmin-aqaar.realcube.estate/api/globalSearch?search=Amina%20Hospital&pageNumber=1&pageSize=100,csv/aqaar_properties_inventory.csv,purpose|timeline|name|phone|email|lead_score|lead_grade|sales_handoff_summary
unknown_kb_unit_0077,kb_inventory_unit,98de02ed_2222_e911_a2b8_00155d119707_inventory,98de02ed_2222_e911_a2b8_00155d119707,Aqaar Offices,98de02ed_2222_e911_a2b8_00155d119707_inventory,unknown,Office,unknown,unknown,unknown,unknown,unknown,Ajman,unknown,unknown,unknown,unknown,unknown,unknown,unknown,https://prodadmin-aqaar.realcube.estate/api/globalSearch?search=Aqaar%20Offices&pageNumber=1&pageSize=100,csv/aqaar_properties_inventory.csv,purpose|timeline|name|phone|email|lead_score|lead_grade|sales_handoff_summary
unknown_kb_unit_0078,kb_inventory_unit,1ab8dd4b_0ad1_e811_a2b8_00155d119707_inventory,1ab8dd4b_0ad1_e811_a2b8_00155d119707,Asayel 1,1ab8dd4b_0ad1_e811_a2b8_00155d119707_inventory,unknown,Commercial,1,unknown,21600,21600,AED,Ajman,unknown,unknown,unknown,unknown,unknown,unknown,unknown,https://prodadmin-aqaar.realcube.estate/api/globalSearch?search=Asayel%201&pageNumber=1&pageSize=100,csv/aqaar_properties_inventory.csv,purpose|timeline|name|phone|email|lead_score|lead_grade|sales_handoff_summary
unknown_kb_unit_0079,kb_inventory_unit,a0b8dd4b_0ad1_e811_a2b8_00155d119707_inventory,a0b8dd4b_0ad1_e811_a2b8_00155d119707,Asayel 2,a0b8dd4b_0ad1_e811_a2b8_00155d119707_inventory,unknown,Commercial,1,unknown,22800,22800,AED,Ajman,unknown,unknown,unknown,unknown,unknown,unknown,unknown,https://prodadmin-aqaar.realcube.estate/api/globalSearch?search=Asayel%202&pageNumber=1&pageSize=100,csv/aqaar_properties_inventory.csv,purpose|timeline|name|phone|email|lead_score|lead_grade|sales_handoff_summary
unknown_kb_unit_0080,kb_inventory_unit,c05d8b0f_bab9_e911_a2bb_00155d119619_inventory,c05d8b0f_bab9_e911_a2bb_00155d119619,Beach Residence,c05d8b0f_bab9_e911_a2bb_00155d119619_inventory,unknown,Residential,unknown,unknown,unknown,unknown,unknown,Ajman,unknown,unknown,unknown,unknown,unknown,unknown,unknown,https://prodadmin-aqaar.realcube.estate/api/globalSearch?search=Beach%20Residence&pageNumber=1&pageSize=100,csv/aqaar_properties_inventory.csv,purpose|timeline|name|phone|email|lead_score|lead_grade|sales_handoff_summary
unknown_kb_unit_0081,kb_inventory_unit,5cb8dd4b_0ad1_e811_a2b8_00155d119707_inventory,5cb8dd4b_0ad1_e811_a2b8_00155d119707,Bloomington School,5cb8dd4b_0ad1_e811_a2b8_00155d119707_inventory,unknown,Education,unknown,unknown,unknown,unknown,unknown,Ajman,unknown,unknown,unknown,unknown,unknown,unknown,unknown,https://prodadmin-aqaar.realcube.estate/api/globalSearch?search=Bloomington%20School&pageNumber=1&pageSize=100,csv/aqaar_properties_inventory.csv,purpose|timeline|name|phone|email|lead_score|lead_grade|sales_handoff_summary
unknown_kb_unit_0082,kb_inventory_unit,64b8dd4b_0ad1_e811_a2b8_00155d119707_inventory,64b8dd4b_0ad1_e811_a2b8_00155d119707,British International School,64b8dd4b_0ad1_e811_a2b8_00155d119707_inventory,unknown,Education,unknown,unknown,unknown,unknown,unknown,Ajman,unknown,unknown,unknown,unknown,unknown,unknown,unknown,https://prodadmin-aqaar.realcube.estate/api/globalSearch?search=British%20International%20School&pageNumber=1&pageSize=100,csv/aqaar_properties_inventory.csv,purpose|timeline|name|phone|email|lead_score|lead_grade|sales_handoff_summary
unknown_kb_unit_0083,kb_inventory_unit,54b8dd4b_0ad1_e811_a2b8_00155d119707_inventory,54b8dd4b_0ad1_e811_a2b8_00155d119707,Building materials Factory,54b8dd4b_0ad1_e811_a2b8_00155d119707_inventory,unknown,Commercial,unknown,unknown,unknown,unknown,unknown,Ajman,unknown,unknown,unknown,unknown,unknown,unknown,unknown,https://prodadmin-aqaar.realcube.estate/api/globalSearch?search=Building%20materials%20Factory&pageNumber=1&pageSize=100,csv/aqaar_properties_inventory.csv,purpose|timeline|name|phone|email|lead_score|lead_grade|sales_handoff_summary
unknown_kb_unit_0084,kb_inventory_unit,30b8dd4b_0ad1_e811_a2b8_00155d119707_inventory,30b8dd4b_0ad1_e811_a2b8_00155d119707,City Towers,30b8dd4b_0ad1_e811_a2b8_00155d119707_inventory,unknown,Commercial,unknown,unknown,222000,222000,AED,Ajman,unknown,unknown,unknown,unknown,unknown,unknown,unknown,https://prodadmin-aqaar.realcube.estate/api/globalSearch?search=City%20Towers&pageNumber=1&pageSize=100,csv/aqaar_properties_inventory.csv,purpose|timeline|name|phone|email|lead_score|lead_grade|sales_handoff_summary
unknown_kb_unit_0085,kb_inventory_unit,04b8dd4b_0ad1_e811_a2b8_00155d119707_inventory,04b8dd4b_0ad1_e811_a2b8_00155d119707,Commercial Complex,04b8dd4b_0ad1_e811_a2b8_00155d119707_inventory,unknown,Commercial,1,unknown,24000,24000,AED,Ajman,unknown,unknown,unknown,unknown,unknown,unknown,unknown,https://prodadmin-aqaar.realcube.estate/api/globalSearch?search=Commercial%20Complex&pageNumber=1&pageSize=100,csv/aqaar_properties_inventory.csv,purpose|timeline|name|phone|email|lead_score|lead_grade|sales_handoff_summary
unknown_kb_unit_0086,kb_inventory_unit,16b8dd4b_0ad1_e811_a2b8_00155d119707_inventory,16b8dd4b_0ad1_e811_a2b8_00155d119707,Corniche Tower,16b8dd4b_0ad1_e811_a2b8_00155d119707_inventory,unknown,Commercial,unknown,unknown,357000,357000,AED,Ajman / Ajman Corniche,unknown,unknown,unknown,unknown,unknown,unknown,unknown,https://prodadmin-aqaar.realcube.estate/api/globalSearch?search=Corniche%20Tower&pageNumber=1&pageSize=100,csv/aqaar_properties_inventory.csv,purpose|timeline|name|phone|email|lead_score|lead_grade|sales_handoff_summary
unknown_kb_unit_0087,kb_inventory_unit,301c3301_382a_eb11_a2c5_00155d119619_inventory,301c3301_382a_eb11_a2c5_00155d119619,Crown Private,301c3301_382a_eb11_a2c5_00155d119619_inventory,unknown,unknown,unknown,unknown,unknown,unknown,unknown,Ajman,unknown,unknown,unknown,unknown,unknown,unknown,unknown,https://prodadmin-aqaar.realcube.estate/api/globalSearch?search=Crown%20Private&pageNumber=1&pageSize=100,csv/aqaar_properties_inventory.csv,purpose|timeline|name|phone|email|lead_score|lead_grade|sales_handoff_summary
unknown_kb_unit_0088,kb_inventory_unit,aeb8dd4b_0ad1_e811_a2b8_00155d119707_inventory,aeb8dd4b_0ad1_e811_a2b8_00155d119707,Crystal,aeb8dd4b_0ad1_e811_a2b8_00155d119707_inventory,unknown,Retail,1,unknown,25200,25200,AED,Ajman,unknown,unknown,unknown,unknown,unknown,unknown,unknown,https://prodadmin-aqaar.realcube.estate/api/globalSearch?search=Crystal&pageNumber=1&pageSize=100,csv/aqaar_properties_inventory.csv,purpose|timeline|name|phone|email|lead_score|lead_grade|sales_handoff_summary
unknown_kb_unit_0089,kb_inventory_unit,38b8dd4b_0ad1_e811_a2b8_00155d119707_inventory,38b8dd4b_0ad1_e811_a2b8_00155d119707,Crystal 1,38b8dd4b_0ad1_e811_a2b8_00155d119707_inventory,unknown,Retail,1,unknown,27600,27600,AED,Ajman,unknown,unknown,unknown,unknown,unknown,unknown,unknown,https://prodadmin-aqaar.realcube.estate/api/globalSearch?search=Crystal%201&pageNumber=1&pageSize=100,csv/aqaar_properties_inventory.csv,purpose|timeline|name|phone|email|lead_score|lead_grade|sales_handoff_summary
unknown_kb_unit_0090,kb_inventory_unit,eab7dd4b_0ad1_e811_a2b8_00155d119707_inventory,eab7dd4b_0ad1_e811_a2b8_00155d119707,Dewan Towers,eab7dd4b_0ad1_e811_a2b8_00155d119707_inventory,unknown,Retail,0,unknown,12000,12000,AED,Ajman,unknown,unknown,unknown,unknown,unknown,unknown,unknown,https://prodadmin-aqaar.realcube.estate/api/globalSearch?search=Dewan%20Towers&pageNumber=1&pageSize=100,csv/aqaar_properties_inventory.csv,purpose|timeline|name|phone|email|lead_score|lead_grade|sales_handoff_summary
unknown_kb_unit_0091,kb_inventory_unit,14b8dd4b_0ad1_e811_a2b8_00155d119707_inventory,14b8dd4b_0ad1_e811_a2b8_00155d119707,Falcon Towers,14b8dd4b_0ad1_e811_a2b8_00155d119707_inventory,unknown,Retail,unknown,unknown,183500,183500,AED,Ajman,unknown,unknown,unknown,unknown,unknown,unknown,unknown,https://prodadmin-aqaar.realcube.estate/api/globalSearch?search=Falcon%20Towers&pageNumber=1&pageSize=100,csv/aqaar_properties_inventory.csv,purpose|timeline|name|phone|email|lead_score|lead_grade|sales_handoff_summary
unknown_kb_unit_0092,kb_inventory_unit,34b8dd4b_0ad1_e811_a2b8_00155d119707_inventory,34b8dd4b_0ad1_e811_a2b8_00155d119707,Flamingo Building,34b8dd4b_0ad1_e811_a2b8_00155d119707_inventory,unknown,Retail,0,unknown,19200,19200,AED,Ajman,unknown,unknown,unknown,unknown,unknown,unknown,unknown,https://prodadmin-aqaar.realcube.estate/api/globalSearch?search=Flamingo%20Building&pageNumber=1&pageSize=100,csv/aqaar_properties_inventory.csv,purpose|timeline|name|phone|email|lead_score|lead_grade|sales_handoff_summary
unknown_kb_unit_0093,kb_inventory_unit,36b8dd4b_0ad1_e811_a2b8_00155d119707_inventory,36b8dd4b_0ad1_e811_a2b8_00155d119707,Flamingo Villas,36b8dd4b_0ad1_e811_a2b8_00155d119707_inventory,unknown,Villa,unknown,unknown,120000,120000,AED,Ajman,unknown,unknown,unknown,unknown,unknown,unknown,unknown,https://prodadmin-aqaar.realcube.estate/api/globalSearch?search=Flamingo%20Villas&pageNumber=1&pageSize=100,csv/aqaar_properties_inventory.csv,purpose|timeline|name|phone|email|lead_score|lead_grade|sales_handoff_summary
unknown_kb_unit_0094,kb_inventory_unit,bd3ddba0_76fe_eb11_a2c8_00155d119619_inventory,bd3ddba0_76fe_eb11_a2c8_00155d119619,Galleria Mall,bd3ddba0_76fe_eb11_a2c8_00155d119619_inventory,unknown,Commercial,unknown,unknown,unknown,unknown,unknown,Ajman,unknown,unknown,unknown,unknown,unknown,unknown,unknown,https://prodadmin-aqaar.realcube.estate/api/globalSearch?search=Galleria%20Mall&pageNumber=1&pageSize=100,csv/aqaar_properties_inventory.csv,purpose|timeline|name|phone|email|lead_score|lead_grade|sales_handoff_summary
unknown_kb_unit_0095,kb_inventory_unit,7d307ab5_a6a9_ea11_a2c3_00155d119619_inventory,7d307ab5_a6a9_ea11_a2c3_00155d119619,Garden City,7d307ab5_a6a9_ea11_a2c3_00155d119619_inventory,unknown,Retail,unknown,unknown,102500,102500,AED,Ajman,unknown,unknown,unknown,unknown,unknown,unknown,unknown,https://prodadmin-aqaar.realcube.estate/api/globalSearch?search=Garden%20City&pageNumber=1&pageSize=100,csv/aqaar_properties_inventory.csv,purpose|timeline|name|phone|email|lead_score|lead_grade|sales_handoff_summary
unknown_kb_unit_0096,kb_inventory_unit,e4b7dd4b_0ad1_e811_a2b8_00155d119707_inventory,e4b7dd4b_0ad1_e811_a2b8_00155d119707,Grand,e4b7dd4b_0ad1_e811_a2b8_00155d119707_inventory,unknown,Leasing,1,unknown,27000,27000,AED,Ajman,unknown,unknown,unknown,unknown,unknown,unknown,unknown,https://prodadmin-aqaar.realcube.estate/api/globalSearch?search=Grand&pageNumber=1&pageSize=100,csv/aqaar_properties_inventory.csv,purpose|timeline|name|phone|email|lead_score|lead_grade|sales_handoff_summary
unknown_kb_unit_0097,kb_inventory_unit,92b8dd4b_0ad1_e811_a2b8_00155d119707_inventory,92b8dd4b_0ad1_e811_a2b8_00155d119707,Gulfa Warehouses,92b8dd4b_0ad1_e811_a2b8_00155d119707_inventory,unknown,Warehouse,unknown,unknown,unknown,unknown,unknown,Ajman,unknown,unknown,unknown,unknown,unknown,unknown,unknown,https://prodadmin-aqaar.realcube.estate/api/globalSearch?search=Gulfa%20Warehouses&pageNumber=1&pageSize=100,csv/aqaar_properties_inventory.csv,purpose|timeline|name|phone|email|lead_score|lead_grade|sales_handoff_summary
unknown_kb_unit_0098,kb_inventory_unit,58b8dd4b_0ad1_e811_a2b8_00155d119707_inventory,58b8dd4b_0ad1_e811_a2b8_00155d119707,Habitat School,58b8dd4b_0ad1_e811_a2b8_00155d119707_inventory,unknown,Education,unknown,unknown,unknown,unknown,unknown,Ajman,unknown,unknown,unknown,unknown,unknown,unknown,unknown,https://prodadmin-aqaar.realcube.estate/api/globalSearch?search=Habitat%20School&pageNumber=1&pageSize=100,csv/aqaar_properties_inventory.csv,purpose|timeline|name|phone|email|lead_score|lead_grade|sales_handoff_summary
unknown_kb_unit_0099,kb_inventory_unit,f4b7dd4b_0ad1_e811_a2b8_00155d119707_inventory,f4b7dd4b_0ad1_e811_a2b8_00155d119707,Horizon Towers,f4b7dd4b_0ad1_e811_a2b8_00155d119707_inventory,unknown,Retail,unknown,unknown,174500,174500,AED,Ajman,unknown,unknown,unknown,unknown,unknown,unknown,unknown,https://prodadmin-aqaar.realcube.estate/api/globalSearch?search=Horizon%20Towers&pageNumber=1&pageSize=100,csv/aqaar_properties_inventory.csv,purpose|timeline|name|phone|email|lead_score|lead_grade|sales_handoff_summary
unknown_kb_unit_0100,kb_inventory_unit,b984f548_ab76_f011_a2e0_00155d119f38_inventory,b984f548_ab76_f011_a2e0_00155d119f38,Horizon University,b984f548_ab76_f011_a2e0_00155d119f38_inventory,unknown,Education,unknown,unknown,unknown,unknown,unknown,Ajman,unknown,unknown,unknown,unknown,unknown,unknown,unknown,https://prodadmin-aqaar.realcube.estate/api/globalSearch?search=Horizon%20University&pageNumber=1&pageSize=100,csv/aqaar_properties_inventory.csv,purpose|timeline|name|phone|email|lead_score|lead_grade|sales_handoff_summary
unknown_kb_unit_0101,kb_inventory_unit,50b8dd4b_0ad1_e811_a2b8_00155d119707_inventory,50b8dd4b_0ad1_e811_a2b8_00155d119707,Houses and Flats Masfoot,50b8dd4b_0ad1_e811_a2b8_00155d119707_inventory,unknown,Retail,1,unknown,12000,12000,AED,Ajman / Masfout,unknown,unknown,unknown,unknown,unknown,unknown,unknown,https://prodadmin-aqaar.realcube.estate/api/globalSearch?search=Houses%20and%20Flats%20Masfoot&pageNumber=1&pageSize=100,csv/aqaar_properties_inventory.csv,purpose|timeline|name|phone|email|lead_score|lead_grade|sales_handoff_summary
unknown_kb_unit_0102,kb_inventory_unit,5ab8dd4b_0ad1_e811_a2b8_00155d119707_inventory,5ab8dd4b_0ad1_e811_a2b8_00155d119707,Indian International School 1,5ab8dd4b_0ad1_e811_a2b8_00155d119707_inventory,unknown,Education,unknown,unknown,unknown,unknown,unknown,Ajman,unknown,unknown,unknown,unknown,unknown,unknown,unknown,https://prodadmin-aqaar.realcube.estate/api/globalSearch?search=Indian%20International%20School%201&pageNumber=1&pageSize=100,csv/aqaar_properties_inventory.csv,purpose|timeline|name|phone|email|lead_score|lead_grade|sales_handoff_summary
unknown_kb_unit_0103,kb_inventory_unit,8ab8dd4b_0ad1_e811_a2b8_00155d119707_inventory,8ab8dd4b_0ad1_e811_a2b8_00155d119707,Industrial area -1,8ab8dd4b_0ad1_e811_a2b8_00155d119707_inventory,unknown,unknown,unknown,unknown,unknown,unknown,unknown,Ajman,unknown,unknown,unknown,unknown,unknown,unknown,unknown,https://prodadmin-aqaar.realcube.estate/api/globalSearch?search=Industrial%20area%20-1&pageNumber=1&pageSize=100,csv/aqaar_properties_inventory.csv,purpose|timeline|name|phone|email|lead_score|lead_grade|sales_handoff_summary
unknown_kb_unit_0104,kb_inventory_unit,8eb8dd4b_0ad1_e811_a2b8_00155d119707_inventory,8eb8dd4b_0ad1_e811_a2b8_00155d119707,Industrial area -20,8eb8dd4b_0ad1_e811_a2b8_00155d119707_inventory,unknown,unknown,unknown,unknown,unknown,unknown,unknown,Ajman,unknown,unknown,unknown,unknown,unknown,unknown,unknown,https://prodadmin-aqaar.realcube.estate/api/globalSearch?search=Industrial%20area%20-20&pageNumber=1&pageSize=100,csv/aqaar_properties_inventory.csv,purpose|timeline|name|phone|email|lead_score|lead_grade|sales_handoff_summary
unknown_kb_unit_0105,kb_inventory_unit,8cb8dd4b_0ad1_e811_a2b8_00155d119707_inventory,8cb8dd4b_0ad1_e811_a2b8_00155d119707,Industrial area -3,8cb8dd4b_0ad1_e811_a2b8_00155d119707_inventory,unknown,unknown,unknown,unknown,unknown,unknown,unknown,Ajman / Industrial area - 3,unknown,unknown,unknown,unknown,unknown,unknown,unknown,https://prodadmin-aqaar.realcube.estate/api/globalSearch?search=Industrial%20area%20-3&pageNumber=1&pageSize=100,csv/aqaar_properties_inventory.csv,purpose|timeline|name|phone|email|lead_score|lead_grade|sales_handoff_summary
unknown_kb_unit_0106,kb_inventory_unit,8dc5f8f8_ebb3_ec11_a2bf_00155d119927_inventory,8dc5f8f8_ebb3_ec11_a2bf_00155d119927,industrial area 2,8dc5f8f8_ebb3_ec11_a2bf_00155d119927_inventory,unknown,unknown,unknown,unknown,unknown,unknown,unknown,Ajman,unknown,unknown,unknown,unknown,unknown,unknown,unknown,https://prodadmin-aqaar.realcube.estate/api/globalSearch?search=industrial%20area%202&pageNumber=1&pageSize=100,csv/aqaar_properties_inventory.csv,purpose|timeline|name|phone|email|lead_score|lead_grade|sales_handoff_summary
unknown_kb_unit_0107,kb_inventory_unit,8daed8f6_bd22_e911_a2b8_00155d119707_inventory,8daed8f6_bd22_e911_a2b8_00155d119707,Labor Accommodation,8daed8f6_bd22_e911_a2b8_00155d119707_inventory,unknown,unknown,unknown,unknown,unknown,unknown,unknown,Ajman,unknown,unknown,unknown,unknown,unknown,unknown,unknown,https://prodadmin-aqaar.realcube.estate/api/globalSearch?search=Labor%20Accommodation&pageNumber=1&pageSize=100,csv/aqaar_properties_inventory.csv,purpose|timeline|name|phone|email|lead_score|lead_grade|sales_handoff_summary
unknown_kb_unit_0108,kb_inventory_unit,30485a5c_911e_ec11_a2c8_00155d119619_inventory,30485a5c_911e_ec11_a2c8_00155d119619,Lake Tower C4,30485a5c_911e_ec11_a2c8_00155d119619_inventory,unknown,Residential,unknown,unknown,unknown,unknown,unknown,Ajman,unknown,unknown,unknown,unknown,unknown,unknown,unknown,https://prodadmin-aqaar.realcube.estate/api/globalSearch?search=Lake%20Tower%20C4&pageNumber=1&pageSize=100,csv/aqaar_properties_inventory.csv,purpose|timeline|name|phone|email|lead_score|lead_grade|sales_handoff_summary
unknown_kb_unit_0109,kb_inventory_unit,9ab8dd4b_0ad1_e811_a2b8_00155d119707_inventory,9ab8dd4b_0ad1_e811_a2b8_00155d119707,Lewara,9ab8dd4b_0ad1_e811_a2b8_00155d119707_inventory,unknown,Retail,1,unknown,27000,27000,AED,Ajman / Liwara 1,unknown,unknown,unknown,unknown,unknown,unknown,unknown,https://prodadmin-aqaar.realcube.estate/api/globalSearch?search=Lewara&pageNumber=1&pageSize=100,csv/aqaar_properties_inventory.csv,purpose|timeline|name|phone|email|lead_score|lead_grade|sales_handoff_summary
unknown_kb_unit_0110,kb_inventory_unit,4cb8dd4b_0ad1_e811_a2b8_00155d119707_inventory,4cb8dd4b_0ad1_e811_a2b8_00155d119707,Manama Flats,4cb8dd4b_0ad1_e811_a2b8_00155d119707_inventory,unknown,Retail,1,unknown,15000,15000,AED,Ajman,unknown,unknown,unknown,unknown,unknown,unknown,unknown,https://prodadmin-aqaar.realcube.estate/api/globalSearch?search=Manama%20Flats&pageNumber=1&pageSize=100,csv/aqaar_properties_inventory.csv,purpose|timeline|name|phone|email|lead_score|lead_grade|sales_handoff_summary
unknown_kb_unit_0111,kb_inventory_unit,4eb8dd4b_0ad1_e811_a2b8_00155d119707_inventory,4eb8dd4b_0ad1_e811_a2b8_00155d119707,Manama Shops,4eb8dd4b_0ad1_e811_a2b8_00155d119707_inventory,unknown,Retail,unknown,unknown,unknown,unknown,unknown,Ajman,unknown,unknown,unknown,unknown,unknown,unknown,unknown,https://prodadmin-aqaar.realcube.estate/api/globalSearch?search=Manama%20Shops&pageNumber=1&pageSize=100,csv/aqaar_properties_inventory.csv,purpose|timeline|name|phone|email|lead_score|lead_grade|sales_handoff_summary
unknown_kb_unit_0112,kb_inventory_unit,7ab8dd4b_0ad1_e811_a2b8_00155d119707_inventory,7ab8dd4b_0ad1_e811_a2b8_00155d119707,Manama Wedding Hall (Ajman Society),7ab8dd4b_0ad1_e811_a2b8_00155d119707_inventory,unknown,unknown,unknown,unknown,unknown,unknown,unknown,Ajman,unknown,unknown,unknown,unknown,unknown,unknown,unknown,https://prodadmin-aqaar.realcube.estate/api/globalSearch?search=Manama%20Wedding%20Hall%20(Ajman%20Society)&pageNumber=1&pageSize=100,csv/aqaar_properties_inventory.csv,purpose|timeline|name|phone|email|lead_score|lead_grade|sales_handoff_summary
unknown_kb_unit_0113,kb_inventory_unit,84b8dd4b_0ad1_e811_a2b8_00155d119707_inventory,84b8dd4b_0ad1_e811_a2b8_00155d119707,Masfoot Buildings,84b8dd4b_0ad1_e811_a2b8_00155d119707_inventory,unknown,Retail,0,unknown,14400,14400,AED,Ajman / Masfout,unknown,unknown,unknown,unknown,unknown,unknown,unknown,https://prodadmin-aqaar.realcube.estate/api/globalSearch?search=Masfoot%20Buildings&pageNumber=1&pageSize=100,csv/aqaar_properties_inventory.csv,purpose|timeline|name|phone|email|lead_score|lead_grade|sales_handoff_summary
unknown_kb_unit_0114,kb_inventory_unit,a736c16e_313f_e911_a2b9_00155d119910_inventory,a736c16e_313f_e911_a2b9_00155d119910,Masfoot Plaza,a736c16e_313f_e911_a2b9_00155d119910_inventory,unknown,Retail,0,unknown,unknown,unknown,unknown,Ajman / Masfout,unknown,unknown,unknown,unknown,unknown,unknown,unknown,https://prodadmin-aqaar.realcube.estate/api/globalSearch?search=Masfoot%20Plaza&pageNumber=1&pageSize=100,csv/aqaar_properties_inventory.csv,purpose|timeline|name|phone|email|lead_score|lead_grade|sales_handoff_summary
unknown_kb_unit_0115,kb_inventory_unit,fcb24d18_ff7d_ee11_a2bf_00155d119f33_inventory,fcb24d18_ff7d_ee11_a2bf_00155d119f33,Metropolitan International Indian Private School,fcb24d18_ff7d_ee11_a2bf_00155d119f33_inventory,unknown,Education,unknown,unknown,unknown,unknown,unknown,Ajman,unknown,unknown,unknown,unknown,unknown,unknown,unknown,https://prodadmin-aqaar.realcube.estate/api/globalSearch?search=Metropolitan%20International%20Indian%20Private%20School&pageNumber=1&pageSize=100,csv/aqaar_properties_inventory.csv,purpose|timeline|name|phone|email|lead_score|lead_grade|sales_handoff_summary
unknown_kb_unit_0116,kb_inventory_unit,dd64d3c4_e079_ed11_a2ba_00155d119841_inventory,dd64d3c4_e079_ed11_a2ba_00155d119841,Mortuary in Ajman Cemetery,dd64d3c4_e079_ed11_a2ba_00155d119841_inventory,unknown,unknown,unknown,unknown,unknown,unknown,unknown,Ajman,unknown,unknown,unknown,unknown,unknown,unknown,unknown,https://prodadmin-aqaar.realcube.estate/api/globalSearch?search=Mortuary%20in%20Ajman%20Cemetery&pageNumber=1&pageSize=100,csv/aqaar_properties_inventory.csv,purpose|timeline|name|phone|email|lead_score|lead_grade|sales_handoff_summary
unknown_kb_unit_0117,kb_inventory_unit,52b8dd4b_0ad1_e811_a2b8_00155d119707_inventory,52b8dd4b_0ad1_e811_a2b8_00155d119707,Musheirif Shops,52b8dd4b_0ad1_e811_a2b8_00155d119707_inventory,unknown,Retail,unknown,unknown,unknown,unknown,unknown,Ajman,unknown,unknown,unknown,unknown,unknown,unknown,unknown,https://prodadmin-aqaar.realcube.estate/api/globalSearch?search=Musheirif%20Shops&pageNumber=1&pageSize=100,csv/aqaar_properties_inventory.csv,purpose|timeline|name|phone|email|lead_score|lead_grade|sales_handoff_summary
unknown_kb_unit_0118,kb_inventory_unit,b514b2db_08f8_ea11_a2c5_00155d119619_inventory,b514b2db_08f8_ea11_a2c5_00155d119619,Musherif Villas,b514b2db_08f8_ea11_a2c5_00155d119619_inventory,unknown,Villa,unknown,unknown,30000,30000,AED,Ajman / Musherif,unknown,unknown,unknown,unknown,unknown,unknown,unknown,https://prodadmin-aqaar.realcube.estate/api/globalSearch?search=Musherif%20Villas&pageNumber=1&pageSize=100,csv/aqaar_properties_inventory.csv,purpose|timeline|name|phone|email|lead_score|lead_grade|sales_handoff_summary
unknown_kb_unit_0119,kb_inventory_unit,f8b7dd4b_0ad1_e811_a2b8_00155d119707_inventory,f8b7dd4b_0ad1_e811_a2b8_00155d119707,New Gold Market,f8b7dd4b_0ad1_e811_a2b8_00155d119707_inventory,unknown,Commercial,1,unknown,21600,21600,AED,Ajman,unknown,unknown,unknown,unknown,unknown,unknown,unknown,https://prodadmin-aqaar.realcube.estate/api/globalSearch?search=New%20Gold%20Market&pageNumber=1&pageSize=100,csv/aqaar_properties_inventory.csv,purpose|timeline|name|phone|email|lead_score|lead_grade|sales_handoff_summary
unknown_kb_unit_0120,kb_inventory_unit,e9afbd0c_b405_ee11_a2bc_00155d119841_inventory,e9afbd0c_b405_ee11_a2bc_00155d119841,New Musherif Villas,e9afbd0c_b405_ee11_a2bc_00155d119841_inventory,unknown,Villa,unknown,unknown,114000,114000,AED,Ajman / Musherif,unknown,unknown,unknown,unknown,unknown,unknown,unknown,https://prodadmin-aqaar.realcube.estate/api/globalSearch?search=New%20Musherif%20Villas&pageNumber=1&pageSize=100,csv/aqaar_properties_inventory.csv,purpose|timeline|name|phone|email|lead_score|lead_grade|sales_handoff_summary
unknown_kb_unit_0121,kb_inventory_unit,bb57baca_fa02_ef11_a2c0_00155d119841_inventory,bb57baca_fa02_ef11_a2c0_00155d119841,North Gate British School,bb57baca_fa02_ef11_a2c0_00155d119841_inventory,unknown,Education,unknown,unknown,unknown,unknown,unknown,Ajman,unknown,unknown,unknown,unknown,unknown,unknown,unknown,https://prodadmin-aqaar.realcube.estate/api/globalSearch?search=North%20Gate%20British%20School&pageNumber=1&pageSize=100,csv/aqaar_properties_inventory.csv,purpose|timeline|name|phone|email|lead_score|lead_grade|sales_handoff_summary
unknown_kb_unit_0122,kb_inventory_unit,f0b7dd4b_0ad1_e811_a2b8_00155d119707_inventory,f0b7dd4b_0ad1_e811_a2b8_00155d119707,Nuaiemiyah Towers,f0b7dd4b_0ad1_e811_a2b8_00155d119707_inventory,unknown,Retail,unknown,unknown,139000,139000,AED,Ajman,unknown,unknown,unknown,unknown,unknown,unknown,unknown,https://prodadmin-aqaar.realcube.estate/api/globalSearch?search=Nuaiemiyah%20Towers&pageNumber=1&pageSize=100,csv/aqaar_properties_inventory.csv,purpose|timeline|name|phone|email|lead_score|lead_grade|sales_handoff_summary
unknown_kb_unit_0123,kb_inventory_unit,ea381dec_0c0f_ed11_a2bb_00155d119f33_inventory,ea381dec_0c0f_ed11_a2bb_00155d119f33,Nuaimeya 3,ea381dec_0c0f_ed11_a2bb_00155d119f33_inventory,unknown,Retail,unknown,unknown,unknown,unknown,unknown,Ajman / Nuaimeya 3,unknown,unknown,unknown,unknown,unknown,unknown,unknown,https://prodadmin-aqaar.realcube.estate/api/globalSearch?search=Nuaimeya%203&pageNumber=1&pageSize=100,csv/aqaar_properties_inventory.csv,purpose|timeline|name|phone|email|lead_score|lead_grade|sales_handoff_summary
unknown_kb_unit_0124,kb_inventory_unit,70b8dd4b_0ad1_e811_a2b8_00155d119707_inventory,70b8dd4b_0ad1_e811_a2b8_00155d119707,Old Civil Defense (Middle East ),70b8dd4b_0ad1_e811_a2b8_00155d119707_inventory,unknown,unknown,unknown,unknown,unknown,unknown,unknown,Ajman,unknown,unknown,unknown,unknown,unknown,unknown,unknown,https://prodadmin-aqaar.realcube.estate/api/globalSearch?search=Old%20Civil%20Defense%20(Middle%20East%20)&pageNumber=1&pageSize=100,csv/aqaar_properties_inventory.csv,purpose|timeline|name|phone|email|lead_score|lead_grade|sales_handoff_summary
unknown_kb_unit_0125,kb_inventory_unit,fab7dd4b_0ad1_e811_a2b8_00155d119707_inventory,fab7dd4b_0ad1_e811_a2b8_00155d119707,Old Gold Market,fab7dd4b_0ad1_e811_a2b8_00155d119707_inventory,unknown,Commercial,0,unknown,14400,14400,AED,Ajman,unknown,unknown,unknown,unknown,unknown,unknown,unknown,https://prodadmin-aqaar.realcube.estate/api/globalSearch?search=Old%20Gold%20Market&pageNumber=1&pageSize=100,csv/aqaar_properties_inventory.csv,purpose|timeline|name|phone|email|lead_score|lead_grade|sales_handoff_summary
unknown_kb_unit_0126,kb_inventory_unit,0cb8dd4b_0ad1_e811_a2b8_00155d119707_inventory,0cb8dd4b_0ad1_e811_a2b8_00155d119707,Old Quds,0cb8dd4b_0ad1_e811_a2b8_00155d119707_inventory,unknown,Retail,1,unknown,20700,20700,AED,Ajman,unknown,unknown,unknown,unknown,unknown,unknown,unknown,https://prodadmin-aqaar.realcube.estate/api/globalSearch?search=Old%20Quds&pageNumber=1&pageSize=100,csv/aqaar_properties_inventory.csv,purpose|timeline|name|phone|email|lead_score|lead_grade|sales_handoff_summary
unknown_kb_unit_0127,kb_inventory_unit,bd8bd1e6_0420_e911_a2b8_00155d119707_inventory,bd8bd1e6_0420_e911_a2b8_00155d119707,Orient Towers,bd8bd1e6_0420_e911_a2b8_00155d119707_inventory,unknown,Retail,unknown,unknown,284000,284000,AED,Ajman,unknown,unknown,unknown,unknown,unknown,unknown,unknown,https://prodadmin-aqaar.realcube.estate/api/globalSearch?search=Orient%20Towers&pageNumber=1&pageSize=100,csv/aqaar_properties_inventory.csv,purpose|timeline|name|phone|email|lead_score|lead_grade|sales_handoff_summary
unknown_kb_unit_0128,kb_inventory_unit,6cb8dd4b_0ad1_e811_a2b8_00155d119707_inventory,6cb8dd4b_0ad1_e811_a2b8_00155d119707,Preston shops,6cb8dd4b_0ad1_e811_a2b8_00155d119707_inventory,unknown,Retail,unknown,unknown,30139,30139,AED,Ajman,unknown,unknown,unknown,unknown,unknown,unknown,unknown,https://prodadmin-aqaar.realcube.estate/api/globalSearch?search=Preston%20shops&pageNumber=1&pageSize=100,csv/aqaar_properties_inventory.csv,purpose|timeline|name|phone|email|lead_score|lead_grade|sales_handoff_summary
unknown_kb_unit_0129,kb_inventory_unit,1be2d3a1_dee9_ef11_a2ce_00155d119747_inventory,1be2d3a1_dee9_ef11_a2ce_00155d119747,Rashidia 2,1be2d3a1_dee9_ef11_a2ce_00155d119747_inventory,unknown,unknown,unknown,unknown,unknown,unknown,unknown,Ajman,unknown,unknown,unknown,unknown,unknown,unknown,unknown,https://prodadmin-aqaar.realcube.estate/api/globalSearch?search=Rashidia%202&pageNumber=1&pageSize=100,csv/aqaar_properties_inventory.csv,purpose|timeline|name|phone|email|lead_score|lead_grade|sales_handoff_summary
unknown_kb_unit_0130,kb_inventory_unit,f2b7dd4b_0ad1_e811_a2b8_00155d119707_inventory,f2b7dd4b_0ad1_e811_a2b8_00155d119707,Rashidia Towers,f2b7dd4b_0ad1_e811_a2b8_00155d119707_inventory,unknown,Retail,unknown,unknown,90000,90000,AED,Ajman,unknown,unknown,unknown,unknown,unknown,unknown,unknown,https://prodadmin-aqaar.realcube.estate/api/globalSearch?search=Rashidia%20Towers&pageNumber=1&pageSize=100,csv/aqaar_properties_inventory.csv,purpose|timeline|name|phone|email|lead_score|lead_grade|sales_handoff_summary
unknown_kb_unit_0131,kb_inventory_unit,46b8dd4b_0ad1_e811_a2b8_00155d119707_inventory,46b8dd4b_0ad1_e811_a2b8_00155d119707,Rawdat Al Reef Flats & Shops,46b8dd4b_0ad1_e811_a2b8_00155d119707_inventory,unknown,Retail,1,unknown,6600,6600,AED,Ajman,unknown,unknown,unknown,unknown,unknown,unknown,unknown,https://prodadmin-aqaar.realcube.estate/api/globalSearch?search=Rawdat%20Al%20Reef%20Flats%20%26%20Shops&pageNumber=1&pageSize=100,csv/aqaar_properties_inventory.csv,purpose|timeline|name|phone|email|lead_score|lead_grade|sales_handoff_summary
unknown_kb_unit_0132,kb_inventory_unit,5eb8dd4b_0ad1_e811_a2b8_00155d119707_inventory,5eb8dd4b_0ad1_e811_a2b8_00155d119707,Royal Academic School,5eb8dd4b_0ad1_e811_a2b8_00155d119707_inventory,unknown,Education,unknown,unknown,unknown,unknown,unknown,Ajman,unknown,unknown,unknown,unknown,unknown,unknown,unknown,https://prodadmin-aqaar.realcube.estate/api/globalSearch?search=Royal%20Academic%20School&pageNumber=1&pageSize=100,csv/aqaar_properties_inventory.csv,purpose|timeline|name|phone|email|lead_score|lead_grade|sales_handoff_summary
unknown_kb_unit_0133,kb_inventory_unit,ceba2b44_2322_e911_a2b8_00155d119707_inventory,ceba2b44_2322_e911_a2b8_00155d119707,Royal Palaces,ceba2b44_2322_e911_a2b8_00155d119707_inventory,unknown,unknown,unknown,unknown,unknown,unknown,unknown,Ajman,unknown,unknown,unknown,unknown,unknown,unknown,unknown,https://prodadmin-aqaar.realcube.estate/api/globalSearch?search=Royal%20Palaces&pageNumber=1&pageSize=100,csv/aqaar_properties_inventory.csv,purpose|timeline|name|phone|email|lead_score|lead_grade|sales_handoff_summary
unknown_kb_unit_0134,kb_inventory_unit,d6e426c5_e7c4_ee11_a2bf_00155d119841_inventory,d6e426c5_e7c4_ee11_a2bf_00155d119841,Settlement Project,d6e426c5_e7c4_ee11_a2bf_00155d119841_inventory,unknown,unknown,unknown,unknown,unknown,unknown,unknown,Ajman,unknown,unknown,unknown,unknown,unknown,unknown,unknown,https://prodadmin-aqaar.realcube.estate/api/globalSearch?search=Settlement%20Project&pageNumber=1&pageSize=100,csv/aqaar_properties_inventory.csv,purpose|timeline|name|phone|email|lead_score|lead_grade|sales_handoff_summary
unknown_kb_unit_0135,kb_inventory_unit,4ab8dd4b_0ad1_e811_a2b8_00155d119707_inventory,4ab8dd4b_0ad1_e811_a2b8_00155d119707,Traditional Houses - Al Manama,4ab8dd4b_0ad1_e811_a2b8_00155d119707_inventory,unknown,Retail,1,unknown,4800,4800,AED,Ajman,unknown,unknown,unknown,unknown,unknown,unknown,unknown,https://prodadmin-aqaar.realcube.estate/api/globalSearch?search=Traditional%20Houses%20-%20Al%20Manama&pageNumber=1&pageSize=100,csv/aqaar_properties_inventory.csv,purpose|timeline|name|phone|email|lead_score|lead_grade|sales_handoff_summary
unknown_kb_unit_0136,kb_inventory_unit,2a3a3b61_bd9f_ee11_a2bf_00155d119841_inventory,2a3a3b61_bd9f_ee11_a2bf_00155d119841,UM Khalaad School For Basic Education C-1,2a3a3b61_bd9f_ee11_a2bf_00155d119841_inventory,unknown,Education,unknown,unknown,unknown,unknown,unknown,Ajman,unknown,unknown,unknown,unknown,unknown,unknown,unknown,https://prodadmin-aqaar.realcube.estate/api/globalSearch?search=UM%20Khalaad%20School%20For%20Basic%20Education%20C-1&pageNumber=1&pageSize=100,csv/aqaar_properties_inventory.csv,purpose|timeline|name|phone|email|lead_score|lead_grade|sales_handoff_summary
unknown_kb_unit_0137,kb_inventory_unit,cab8dd4b_0ad1_e811_a2b8_00155d119707_inventory,cab8dd4b_0ad1_e811_a2b8_00155d119707,Waqf Thamer Saied Salman (University),cab8dd4b_0ad1_e811_a2b8_00155d119707_inventory,unknown,Education,unknown,unknown,20400,20400,AED,Ajman,unknown,unknown,unknown,unknown,unknown,unknown,unknown,https://prodadmin-aqaar.realcube.estate/api/globalSearch?search=Waqf%20Thamer%20Saied%20Salman%20(University)&pageNumber=1&pageSize=100,csv/aqaar_properties_inventory.csv,purpose|timeline|name|phone|email|lead_score|lead_grade|sales_handoff_summary
unknown_kb_unit_0138,kb_inventory_unit,5a6d07a8_f7e1_ea11_a2c4_00155d119619_inventory,5a6d07a8_f7e1_ea11_a2c4_00155d119619,Water Treatment Plant,5a6d07a8_f7e1_ea11_a2c4_00155d119619_inventory,unknown,unknown,unknown,unknown,unknown,unknown,unknown,Ajman,unknown,unknown,unknown,unknown,unknown,unknown,unknown,https://prodadmin-aqaar.realcube.estate/api/globalSearch?search=Water%20Treatment%20Plant&pageNumber=1&pageSize=100,csv/aqaar_properties_inventory.csv,purpose|timeline|name|phone|email|lead_score|lead_grade|sales_handoff_summary
unknown_kb_unit_0139,kb_inventory_unit,62b8dd4b_0ad1_e811_a2b8_00155d119707_inventory,62b8dd4b_0ad1_e811_a2b8_00155d119707,Wood Lem Park School,62b8dd4b_0ad1_e811_a2b8_00155d119707_inventory,unknown,Education,unknown,unknown,unknown,unknown,unknown,Ajman,unknown,unknown,unknown,unknown,unknown,unknown,unknown,https://prodadmin-aqaar.realcube.estate/api/globalSearch?search=Wood%20Lem%20Park%20School&pageNumber=1&pageSize=100,csv/aqaar_properties_inventory.csv,purpose|timeline|name|phone|email|lead_score|lead_grade|sales_handoff_summary
unknown_kb_unit_0140,kb_inventory_unit,836256dc_a305_f111_8407_70a8a5232028_1br_type_a,836256dc_a305_f111_8407_70a8a5232028,Dusit Thani Residences Ajman,836256dc_a305_f111_8407_70a8a5232028_1br_type_a,unknown,1 Bedroom Type A,1,1108.1,2090753.29,2090753.29,AED,Ajman / Al Nakheel - Ajman Corniche / Ajman Corniche,unknown,unknown,unknown,unknown,unknown,unknown,unknown,assets/Dusit-Thani-Brochure.pdf#page=10,csv/aqaar_properties_inventory.csv,purpose|timeline|name|phone|email|lead_score|lead_grade|sales_handoff_summary
unknown_kb_unit_0141,kb_inventory_unit,836256dc_a305_f111_8407_70a8a5232028_1br_type_b,836256dc_a305_f111_8407_70a8a5232028,Dusit Thani Residences Ajman,836256dc_a305_f111_8407_70a8a5232028_1br_type_b,unknown,1 Bedroom Type B,1,1112.9,2090753.29,2090753.29,AED,Ajman / Al Nakheel - Ajman Corniche / Ajman Corniche,unknown,unknown,unknown,unknown,unknown,unknown,unknown,assets/Dusit-Thani-Brochure.pdf#page=12,csv/aqaar_properties_inventory.csv,purpose|timeline|name|phone|email|lead_score|lead_grade|sales_handoff_summary
unknown_kb_unit_0142,kb_inventory_unit,836256dc_a305_f111_8407_70a8a5232028_2br_type_a,836256dc_a305_f111_8407_70a8a5232028,Dusit Thani Residences Ajman,836256dc_a305_f111_8407_70a8a5232028_2br_type_a,unknown,2 Bedroom Type A,2,1680.4,3418116.49,3418116.49,AED,Ajman / Al Nakheel - Ajman Corniche / Ajman Corniche,unknown,unknown,unknown,unknown,unknown,unknown,unknown,assets/Dusit-Thani-Brochure.pdf#page=14,csv/aqaar_properties_inventory.csv,purpose|timeline|name|phone|email|lead_score|lead_grade|sales_handoff_summary
unknown_kb_unit_0143,kb_inventory_unit,836256dc_a305_f111_8407_70a8a5232028_2br_type_b,836256dc_a305_f111_8407_70a8a5232028,Dusit Thani Residences Ajman,836256dc_a305_f111_8407_70a8a5232028_2br_type_b,unknown,2 Bedroom Type B,2,1767.0,3418116.49,3418116.49,AED,Ajman / Al Nakheel - Ajman Corniche / Ajman Corniche,unknown,unknown,unknown,unknown,unknown,unknown,unknown,assets/Dusit-Thani-Brochure.pdf#page=16,csv/aqaar_properties_inventory.csv,purpose|timeline|name|phone|email|lead_score|lead_grade|sales_handoff_summary
unknown_kb_unit_0144,kb_inventory_unit,836256dc_a305_f111_8407_70a8a5232028_3br_type_a,836256dc_a305_f111_8407_70a8a5232028,Dusit Thani Residences Ajman,836256dc_a305_f111_8407_70a8a5232028_3br_type_a,unknown,3 Bedroom Type A,3,2444.5,4905850.88,4905850.88,AED,Ajman / Al Nakheel - Ajman Corniche / Ajman Corniche,unknown,unknown,unknown,unknown,unknown,unknown,unknown,assets/Dusit-Thani-Brochure.pdf#page=18,csv/aqaar_properties_inventory.csv,purpose|timeline|name|phone|email|lead_score|lead_grade|sales_handoff_summary
unknown_kb_unit_0145,kb_inventory_unit,836256dc_a305_f111_8407_70a8a5232028_3br_type_b,836256dc_a305_f111_8407_70a8a5232028,Dusit Thani Residences Ajman,836256dc_a305_f111_8407_70a8a5232028_3br_type_b,unknown,3 Bedroom Type B,3,2404.7,4905850.88,4905850.88,AED,Ajman / Al Nakheel - Ajman Corniche / Ajman Corniche,unknown,unknown,unknown,unknown,unknown,unknown,unknown,assets/Dusit-Thani-Brochure.pdf#page=20,csv/aqaar_properties_inventory.csv,purpose|timeline|name|phone|email|lead_score|lead_grade|sales_handoff_summary
unknown_kb_unit_0146,kb_inventory_unit,836256dc_a305_f111_8407_70a8a5232028_4br,836256dc_a305_f111_8407_70a8a5232028,Dusit Thani Residences Ajman,836256dc_a305_f111_8407_70a8a5232028_4br,unknown,4 Bedroom,4,2776.9,5721508.19,5721508.19,AED,Ajman / Al Nakheel - Ajman Corniche / Ajman Corniche,unknown,unknown,unknown,unknown,unknown,unknown,unknown,assets/Dusit-Thani-Brochure.pdf#page=22,csv/aqaar_properties_inventory.csv,purpose|timeline|name|phone|email|lead_score|lead_grade|sales_handoff_summary
unknown_kb_unit_0147,kb_inventory_unit,ed194b08_59aa_f011_a2e0_00155d119f3e_studio_unit_111,ed194b08_59aa_f011_a2e0_00155d119f3e,Mawjan,ed194b08_59aa_f011_a2e0_00155d119f3e_studio_unit_111,unknown,Studio,0,585.79,583000,583000,AED,Ajman / Ajman Corniche,unknown,unknown,unknown,unknown,unknown,unknown,unknown,assets/Mawjan-Brochure.pdf#page=26,csv/aqaar_properties_inventory.csv,purpose|timeline|name|phone|email|lead_score|lead_grade|sales_handoff_summary
unknown_kb_unit_0148,kb_inventory_unit,ed194b08_59aa_f011_a2e0_00155d119f3e_1br_unit_104,ed194b08_59aa_f011_a2e0_00155d119f3e,Mawjan,ed194b08_59aa_f011_a2e0_00155d119f3e_1br_unit_104,unknown,One Bedroom Apartment,1,1659.64,1200000,1200000,AED,Ajman / Ajman Corniche,unknown,unknown,unknown,unknown,unknown,unknown,unknown,assets/Mawjan-Brochure.pdf#page=28,csv/aqaar_properties_inventory.csv,purpose|timeline|name|phone|email|lead_score|lead_grade|sales_handoff_summary
unknown_kb_unit_0149,kb_inventory_unit,ed194b08_59aa_f011_a2e0_00155d119f3e_1br_unit_310,ed194b08_59aa_f011_a2e0_00155d119f3e,Mawjan,ed194b08_59aa_f011_a2e0_00155d119f3e_1br_unit_310,unknown,One Bedroom Apartment,1,1007.36,1200000,1200000,AED,Ajman / Ajman Corniche,unknown,unknown,unknown,unknown,unknown,unknown,unknown,assets/Mawjan-Brochure.pdf#page=29,csv/aqaar_properties_inventory.csv,purpose|timeline|name|phone|email|lead_score|lead_grade|sales_handoff_summary
unknown_kb_unit_0150,kb_inventory_unit,ed194b08_59aa_f011_a2e0_00155d119f3e_2br_unit_101,ed194b08_59aa_f011_a2e0_00155d119f3e,Mawjan,ed194b08_59aa_f011_a2e0_00155d119f3e_2br_unit_101,unknown,Two Bedroom Apartment,2,2892.29,2000000,2000000,AED,Ajman / Ajman Corniche,unknown,unknown,unknown,unknown,unknown,unknown,unknown,assets/Mawjan-Brochure.pdf#page=33,csv/aqaar_properties_inventory.csv,purpose|timeline|name|phone|email|lead_score|lead_grade|sales_handoff_summary
unknown_kb_unit_0151,kb_inventory_unit,ed194b08_59aa_f011_a2e0_00155d119f3e_2br_unit_307,ed194b08_59aa_f011_a2e0_00155d119f3e,Mawjan,ed194b08_59aa_f011_a2e0_00155d119f3e_2br_unit_307,unknown,Two Bedroom Apartment,2,1801.23,2000000,2000000,AED,Ajman / Ajman Corniche,unknown,unknown,unknown,unknown,unknown,unknown,unknown,assets/Mawjan-Brochure.pdf#page=34,csv/aqaar_properties_inventory.csv,purpose|timeline|name|phone|email|lead_score|lead_grade|sales_handoff_summary
unknown_kb_unit_0152,kb_inventory_unit,ed194b08_59aa_f011_a2e0_00155d119f3e_2br_unit_311,ed194b08_59aa_f011_a2e0_00155d119f3e,Mawjan,ed194b08_59aa_f011_a2e0_00155d119f3e_2br_unit_311,unknown,Two Bedroom Apartment,2,1884.77,2000000,2000000,AED,Ajman / Ajman Corniche,unknown,unknown,unknown,unknown,unknown,unknown,unknown,assets/Mawjan-Brochure.pdf#page=35,csv/aqaar_properties_inventory.csv,purpose|timeline|name|phone|email|lead_score|lead_grade|sales_handoff_summary
unknown_kb_unit_0153,kb_inventory_unit,ed194b08_59aa_f011_a2e0_00155d119f3e_3br_unit_102,ed194b08_59aa_f011_a2e0_00155d119f3e,Mawjan,ed194b08_59aa_f011_a2e0_00155d119f3e_3br_unit_102,unknown,Three Bedroom Apartment,3,2640.69,2700000,2700000,AED,Ajman / Ajman Corniche,unknown,unknown,unknown,unknown,unknown,unknown,unknown,assets/Mawjan-Brochure.pdf#page=38,csv/aqaar_properties_inventory.csv,purpose|timeline|name|phone|email|lead_score|lead_grade|sales_handoff_summary
