property_id,project_id,property_name,developer,listing_url,property_type,sub_type,bedrooms,bathrooms,bua,plot_size,price,currency,ownership_type,status,source_url,last_verified
property_60b8dd4b_0ad1_e811_a2b8_00155d119707,60b8dd4b_0ad1_e811_a2b8_00155d119707,Ajman American International School,Aqaar,https://www.aqaar.com/projects/60b8dd4b-0ad1-e811-a2b8-00155d119707,education,education,unknown,unknown,unknown,unknown,on_request,unknown,unknown,active,https://prodadmin-aqaar.realcube.estate/api/globalSearch?search=Ajman%20American%20International%20School&pageNumber=1&pageSize=100,2026-06-24
property_ccb8dd4b_0ad1_e811_a2b8_00155d119707,ccb8dd4b_0ad1_e811_a2b8_00155d119707,Ajman Corniche Residences,Aqaar,https://www.aqaar.com/projects/ccb8dd4b-0ad1-e811-a2b8-00155d119707,residential,residential,unknown,unknown,unknown,unknown,236000,AED,unknown,sold_out,https://prodadmin-aqaar.realcube.estate/api/globalSearch?search=Ajman%20Corniche%20Residences&pageNumber=1&pageSize=100,2026-06-24
property_2eb8dd4b_0ad1_e811_a2b8_00155d119707,2eb8dd4b_0ad1_e811_a2b8_00155d119707,Ajman One,Aqaar,https://www.aqaar.com/projects/2eb8dd4b-0ad1-e811-a2b8-00155d119707,residential,residential,unknown,unknown,unknown,unknown,263000,AED,unknown,sold_out,https://prodadmin-aqaar.realcube.estate/api/globalSearch?search=Ajman%20One&pageNumber=1&pageSize=100,2026-06-24
property_22796319_20da_ee11_a2bf_00155d119841,22796319_20da_ee11_a2bf_00155d119841,Ajman One - PH II,Aqaar,https://www.aqaar.com/projects/22796319-20da-ee11-a2bf-00155d119841,residential,FreeHold,unknown,unknown,unknown,unknown,316000,AED,unknown,active,https://prodadmin-aqaar.realcube.estate/api/globalSearch?search=Ajman%20One%20-%20PH%20II&pageNumber=1&pageSize=100,2026-06-24
property_7f307ab5_a6a9_ea11_a2c3_00155d119619,7f307ab5_a6a9_ea11_a2c3_00155d119619,Ajman Pearl,Aqaar,https://www.aqaar.com/projects/7f307ab5-a6a9-ea11-a2c3-00155d119619,residential,residential,unknown,unknown,unknown,unknown,183500,AED,unknown,sold_out,https://prodadmin-aqaar.realcube.estate/api/globalSearch?search=Ajman%20Pearl&pageNumber=1&pageSize=100,2026-06-24
property_66b8dd4b_0ad1_e811_a2b8_00155d119707,66b8dd4b_0ad1_e811_a2b8_00155d119707,Ajman Society Cooperative (Rumailah),Aqaar,https://www.aqaar.com/projects/66b8dd4b-0ad1-e811-a2b8-00155d119707,mixed_use,mixed_use,unknown,unknown,unknown,unknown,on_request,unknown,unknown,active,https://prodadmin-aqaar.realcube.estate/api/globalSearch?search=Ajman%20Society%20Cooperative%20(Rumailah)&pageNumber=1&pageSize=100,2026-06-24
property_2a565476_ed0f_ee11_a2be_00155d119f33,2a565476_ed0f_ee11_a2be_00155d119f33,Ajman Uptown,Aqaar,https://www.aqaar.com/projects/2a565476-ed0f-ee11-a2be-00155d119f33,residential,residential,unknown,unknown,unknown,unknown,979000,AED,unknown,active,https://prodadmin-aqaar.realcube.estate/api/globalSearch?search=Ajman%20Uptown&pageNumber=1&pageSize=100,2026-06-24
property_f6b7dd4b_0ad1_e811_a2b8_00155d119707,f6b7dd4b_0ad1_e811_a2b8_00155d119707,Al Andalus 4,Aqaar,https://www.aqaar.com/projects/f6b7dd4b-0ad1-e811-a2b8-00155d119707,residential,residential,unknown,unknown,unknown,unknown,20000,AED,unknown,active,https://prodadmin-aqaar.realcube.estate/api/globalSearch?search=Al%20Andalus%204&pageNumber=1&pageSize=100,2026-06-24
property_96b8dd4b_0ad1_e811_a2b8_00155d119707,96b8dd4b_0ad1_e811_a2b8_00155d119707,Al Arabi Building,Aqaar,https://www.aqaar.com/projects/96b8dd4b-0ad1-e811-a2b8-00155d119707,residential,residential,unknown,unknown,unknown,unknown,35500,AED,unknown,active,https://prodadmin-aqaar.realcube.estate/api/globalSearch?search=Al%20Arabi%20Building&pageNumber=1&pageSize=100,2026-06-24
property_3ab8dd4b_0ad1_e811_a2b8_00155d119707,3ab8dd4b_0ad1_e811_a2b8_00155d119707,Al Berouj 1,Aqaar,https://www.aqaar.com/projects/3ab8dd4b-0ad1-e811-a2b8-00155d119707,residential,residential,unknown,unknown,unknown,unknown,19200,AED,unknown,active,https://prodadmin-aqaar.realcube.estate/api/globalSearch?search=Al%20Berouj%201&pageNumber=1&pageSize=100,2026-06-24
property_3cb8dd4b_0ad1_e811_a2b8_00155d119707,3cb8dd4b_0ad1_e811_a2b8_00155d119707,Al Berouj 2,Aqaar,https://www.aqaar.com/projects/3cb8dd4b-0ad1-e811-a2b8-00155d119707,residential,residential,unknown,unknown,unknown,unknown,15600,AED,unknown,active,https://prodadmin-aqaar.realcube.estate/api/globalSearch?search=Al%20Berouj%202&pageNumber=1&pageSize=100,2026-06-24
property_3eb8dd4b_0ad1_e811_a2b8_00155d119707,3eb8dd4b_0ad1_e811_a2b8_00155d119707,Al Berouj 3,Aqaar,https://www.aqaar.com/projects/3eb8dd4b-0ad1-e811-a2b8-00155d119707,residential,residential,unknown,unknown,unknown,unknown,15600,AED,unknown,active,https://prodadmin-aqaar.realcube.estate/api/globalSearch?search=Al%20Berouj%203&pageNumber=1&pageSize=100,2026-06-24
property_40b8dd4b_0ad1_e811_a2b8_00155d119707,40b8dd4b_0ad1_e811_a2b8_00155d119707,Al Berouj 4,Aqaar,https://www.aqaar.com/projects/40b8dd4b-0ad1-e811-a2b8-00155d119707,residential,residential,unknown,unknown,unknown,unknown,15600,AED,unknown,active,https://prodadmin-aqaar.realcube.estate/api/globalSearch?search=Al%20Berouj%204&pageNumber=1&pageSize=100,2026-06-24
property_ecb7dd4b_0ad1_e811_a2b8_00155d119707,ecb7dd4b_0ad1_e811_a2b8_00155d119707,Al Bustan,Aqaar,https://www.aqaar.com/projects/ecb7dd4b-0ad1-e811-a2b8-00155d119707,residential,residential,unknown,unknown,unknown,unknown,36000,AED,unknown,active,https://prodadmin-aqaar.realcube.estate/api/globalSearch?search=Al%20Bustan&pageNumber=1&pageSize=100,2026-06-24
property_08b8dd4b_0ad1_e811_a2b8_00155d119707,08b8dd4b_0ad1_e811_a2b8_00155d119707,Al Bustan Shops,Aqaar,https://www.aqaar.com/projects/08b8dd4b-0ad1-e811-a2b8-00155d119707,commercial,commercial,unknown,unknown,unknown,unknown,on_request,unknown,unknown,active,https://prodadmin-aqaar.realcube.estate/api/globalSearch?search=Al%20Bustan%20Shops&pageNumber=1&pageSize=100,2026-06-24
property_e6b7dd4b_0ad1_e811_a2b8_00155d119707,e6b7dd4b_0ad1_e811_a2b8_00155d119707,Al Dana,Aqaar,https://www.aqaar.com/projects/e6b7dd4b-0ad1-e811-a2b8-00155d119707,residential,residential,unknown,unknown,unknown,unknown,14400,AED,unknown,active,https://prodadmin-aqaar.realcube.estate/api/globalSearch?search=Al%20Dana&pageNumber=1&pageSize=100,2026-06-24
property_feb7dd4b_0ad1_e811_a2b8_00155d119707,feb7dd4b_0ad1_e811_a2b8_00155d119707,Al Durra,Aqaar,https://www.aqaar.com/projects/feb7dd4b-0ad1-e811-a2b8-00155d119707,residential,residential,unknown,unknown,unknown,unknown,26400,AED,unknown,active,https://prodadmin-aqaar.realcube.estate/api/globalSearch?search=Al%20Durra&pageNumber=1&pageSize=100,2026-06-24
property_b0b8dd4b_0ad1_e811_a2b8_00155d119707,b0b8dd4b_0ad1_e811_a2b8_00155d119707,Al Fazzan,Aqaar,https://www.aqaar.com/projects/b0b8dd4b-0ad1-e811-a2b8-00155d119707,residential,residential,unknown,unknown,unknown,unknown,44000,AED,unknown,active,https://prodadmin-aqaar.realcube.estate/api/globalSearch?search=Al%20Fazzan&pageNumber=1&pageSize=100,2026-06-24
property_f4502104_adbf_ec11_a2bf_00155d119927,f4502104_adbf_ec11_a2bf_00155d119927,Al Gharoub,Aqaar,https://www.aqaar.com/projects/f4502104-adbf-ec11-a2bf-00155d119927,residential,Leasing,unknown,unknown,unknown,unknown,28000,AED,unknown,active,https://prodadmin-aqaar.realcube.estate/api/globalSearch?search=Al%20Gharoub&pageNumber=1&pageSize=100,2026-06-24
property_5b5d5569_83e3_ef11_a2ce_00155d119747,5b5d5569_83e3_ef11_a2ce_00155d119747,Al Helio Villas,Aqaar,https://www.aqaar.com/projects/5b5d5569-83e3-ef11-a2ce-00155d119747,villa,villa,unknown,unknown,unknown,unknown,on_request,unknown,unknown,active,https://prodadmin-aqaar.realcube.estate/api/globalSearch?search=Al%20Helio%20Villas&pageNumber=1&pageSize=100,2026-06-24
property_2cb8dd4b_0ad1_e811_a2b8_00155d119707,2cb8dd4b_0ad1_e811_a2b8_00155d119707,Al Humaidia Show Rooms,Aqaar,https://www.aqaar.com/projects/2cb8dd4b-0ad1-e811-a2b8-00155d119707,commercial,commercial,unknown,unknown,unknown,unknown,on_request,unknown,unknown,active,https://prodadmin-aqaar.realcube.estate/api/globalSearch?search=Al%20Humaidia%20Show%20Rooms&pageNumber=1&pageSize=100,2026-06-24
property_76b8dd4b_0ad1_e811_a2b8_00155d119707,76b8dd4b_0ad1_e811_a2b8_00155d119707,Al Humaidia Villa 1,Aqaar,https://www.aqaar.com/projects/76b8dd4b-0ad1-e811-a2b8-00155d119707,villa,villa,unknown,unknown,unknown,unknown,108000,AED,unknown,active,https://prodadmin-aqaar.realcube.estate/api/globalSearch?search=Al%20Humaidia%20Villa%201&pageNumber=1&pageSize=100,2026-06-24
property_78b8dd4b_0ad1_e811_a2b8_00155d119707,78b8dd4b_0ad1_e811_a2b8_00155d119707,Al Humaidia Villa 2,Aqaar,https://www.aqaar.com/projects/78b8dd4b-0ad1-e811-a2b8-00155d119707,villa,villa,unknown,unknown,unknown,unknown,45000,AED,unknown,active,https://prodadmin-aqaar.realcube.estate/api/globalSearch?search=Al%20Humaidia%20Villa%202&pageNumber=1&pageSize=100,2026-06-24
property_e8b7dd4b_0ad1_e811_a2b8_00155d119707,e8b7dd4b_0ad1_e811_a2b8_00155d119707,Al Itihad,Aqaar,https://www.aqaar.com/projects/e8b7dd4b-0ad1-e811-a2b8-00155d119707,residential,Leasing,unknown,unknown,unknown,unknown,33000,AED,unknown,active,https://prodadmin-aqaar.realcube.estate/api/globalSearch?search=Al%20Itihad&pageNumber=1&pageSize=100,2026-06-24
property_a6b8dd4b_0ad1_e811_a2b8_00155d119707,a6b8dd4b_0ad1_e811_a2b8_00155d119707,Al Johara,Aqaar,https://www.aqaar.com/projects/a6b8dd4b-0ad1-e811-a2b8-00155d119707,residential,residential,unknown,unknown,unknown,unknown,20400,AED,unknown,active,https://prodadmin-aqaar.realcube.estate/api/globalSearch?search=Al%20Johara&pageNumber=1&pageSize=100,2026-06-24
property_24b8dd4b_0ad1_e811_a2b8_00155d119707,24b8dd4b_0ad1_e811_a2b8_00155d119707,Al Jurf 1,Aqaar,https://www.aqaar.com/projects/24b8dd4b-0ad1-e811-a2b8-00155d119707,residential,residential,unknown,unknown,unknown,unknown,20000,AED,unknown,active,https://prodadmin-aqaar.realcube.estate/api/globalSearch?search=Al%20Jurf%201&pageNumber=1&pageSize=100,2026-06-24
property_26b8dd4b_0ad1_e811_a2b8_00155d119707,26b8dd4b_0ad1_e811_a2b8_00155d119707,Al Jurf 2,Aqaar,https://www.aqaar.com/projects/26b8dd4b-0ad1-e811-a2b8-00155d119707,residential,residential,unknown,unknown,unknown,unknown,21000,AED,unknown,active,https://prodadmin-aqaar.realcube.estate/api/globalSearch?search=Al%20Jurf%202&pageNumber=1&pageSize=100,2026-06-24
property_22b8dd4b_0ad1_e811_a2b8_00155d119707,22b8dd4b_0ad1_e811_a2b8_00155d119707,Al Jurf 3,Aqaar,https://www.aqaar.com/projects/22b8dd4b-0ad1-e811-a2b8-00155d119707,residential,residential,unknown,unknown,unknown,unknown,31680,AED,unknown,active,https://prodadmin-aqaar.realcube.estate/api/globalSearch?search=Al%20Jurf%203&pageNumber=1&pageSize=100,2026-06-24
property_82b8dd4b_0ad1_e811_a2b8_00155d119707,82b8dd4b_0ad1_e811_a2b8_00155d119707,Al Jurf Buildings 20 / A7 (Labor City),Aqaar,https://www.aqaar.com/projects/82b8dd4b-0ad1-e811-a2b8-00155d119707,mixed_use,mixed_use,unknown,unknown,unknown,unknown,on_request,unknown,unknown,active,https://prodadmin-aqaar.realcube.estate/api/globalSearch?search=Al%20Jurf%20Buildings%2020%20%2F%20A7%20(Labor%20City)&pageNumber=1&pageSize=100,2026-06-24
property_80b8dd4b_0ad1_e811_a2b8_00155d119707,80b8dd4b_0ad1_e811_a2b8_00155d119707,Al Jurf Buildings 20 / B7 (Labor City),Aqaar,https://www.aqaar.com/projects/80b8dd4b-0ad1-e811-a2b8-00155d119707,mixed_use,mixed_use,unknown,unknown,unknown,unknown,on_request,unknown,unknown,active,https://prodadmin-aqaar.realcube.estate/api/globalSearch?search=Al%20Jurf%20Buildings%2020%20%2F%20B7%20(Labor%20City)&pageNumber=1&pageSize=100,2026-06-24
property_2ab8dd4b_0ad1_e811_a2b8_00155d119707,2ab8dd4b_0ad1_e811_a2b8_00155d119707,Al Jurf Complex,Aqaar,https://www.aqaar.com/projects/2ab8dd4b-0ad1-e811-a2b8-00155d119707,residential,residential,unknown,unknown,unknown,unknown,14000,AED,unknown,active,https://prodadmin-aqaar.realcube.estate/api/globalSearch?search=Al%20Jurf%20Complex&pageNumber=1&pageSize=100,2026-06-24
property_20b8dd4b_0ad1_e811_a2b8_00155d119707,20b8dd4b_0ad1_e811_a2b8_00155d119707,Al Jurf Residential Villas,Aqaar,https://www.aqaar.com/projects/20b8dd4b-0ad1-e811-a2b8-00155d119707,villa,villa,unknown,unknown,unknown,unknown,113400,AED,unknown,active,https://prodadmin-aqaar.realcube.estate/api/globalSearch?search=Al%20Jurf%20Residential%20Villas&pageNumber=1&pageSize=100,2026-06-24
property_a2b8dd4b_0ad1_e811_a2b8_00155d119707,a2b8dd4b_0ad1_e811_a2b8_00155d119707,Al Jurf Show Room 1,Aqaar,https://www.aqaar.com/projects/a2b8dd4b-0ad1-e811-a2b8-00155d119707,commercial,commercial,unknown,unknown,unknown,unknown,on_request,unknown,unknown,active,https://prodadmin-aqaar.realcube.estate/api/globalSearch?search=Al%20Jurf%20Show%20Room%201&pageNumber=1&pageSize=100,2026-06-24
property_a4b8dd4b_0ad1_e811_a2b8_00155d119707,a4b8dd4b_0ad1_e811_a2b8_00155d119707,Al Jurf Show Room 2,Aqaar,https://www.aqaar.com/projects/a4b8dd4b-0ad1-e811-a2b8-00155d119707,commercial,commercial,unknown,unknown,unknown,unknown,on_request,unknown,unknown,active,https://prodadmin-aqaar.realcube.estate/api/globalSearch?search=Al%20Jurf%20Show%20Room%202&pageNumber=1&pageSize=100,2026-06-24
property_1cb8dd4b_0ad1_e811_a2b8_00155d119707,1cb8dd4b_0ad1_e811_a2b8_00155d119707,Al Jurf Villas,Aqaar,https://www.aqaar.com/projects/1cb8dd4b-0ad1-e811-a2b8-00155d119707,villa,villa,unknown,unknown,unknown,unknown,75000,AED,unknown,active,https://prodadmin-aqaar.realcube.estate/api/globalSearch?search=Al%20Jurf%20Villas&pageNumber=1&pageSize=100,2026-06-24
property_1eb8dd4b_0ad1_e811_a2b8_00155d119707,1eb8dd4b_0ad1_e811_a2b8_00155d119707,Al Jurf Villas 2,Aqaar,https://www.aqaar.com/projects/1eb8dd4b-0ad1-e811-a2b8-00155d119707,villa,villa,unknown,unknown,unknown,unknown,80000,AED,unknown,active,https://prodadmin-aqaar.realcube.estate/api/globalSearch?search=Al%20Jurf%20Villas%202&pageNumber=1&pageSize=100,2026-06-24
property_8aed16b5_4982_ec11_a2bf_00155d119927,8aed16b5_4982_ec11_a2bf_00155d119927,Al Karama,Aqaar,https://www.aqaar.com/projects/8aed16b5-4982-ec11-a2bf-00155d119927,residential,residential,unknown,unknown,unknown,unknown,15000,AED,unknown,active,https://prodadmin-aqaar.realcube.estate/api/globalSearch?search=Al%20Karama&pageNumber=1&pageSize=100,2026-06-24
property_44b8dd4b_0ad1_e811_a2b8_00155d119707,44b8dd4b_0ad1_e811_a2b8_00155d119707,Al Khor Villas & Shops,Aqaar,https://www.aqaar.com/projects/44b8dd4b-0ad1-e811-a2b8-00155d119707,commercial,commercial,unknown,unknown,unknown,unknown,48000,AED,unknown,active,https://prodadmin-aqaar.realcube.estate/api/globalSearch?search=Al%20Khor%20Villas%20%26%20Shops&pageNumber=1&pageSize=100,2026-06-24
property_9cb8dd4b_0ad1_e811_a2b8_00155d119707,9cb8dd4b_0ad1_e811_a2b8_00155d119707,Al Madina Tower,Aqaar,https://www.aqaar.com/projects/9cb8dd4b-0ad1-e811-a2b8-00155d119707,residential,residential,unknown,unknown,unknown,unknown,27000,AED,unknown,active,https://prodadmin-aqaar.realcube.estate/api/globalSearch?search=Al%20Madina%20Tower&pageNumber=1&pageSize=100,2026-06-24
property_7cb8dd4b_0ad1_e811_a2b8_00155d119707,7cb8dd4b_0ad1_e811_a2b8_00155d119707,Al Manama Buildings,Aqaar,https://www.aqaar.com/projects/7cb8dd4b-0ad1-e811-a2b8-00155d119707,residential,residential,unknown,unknown,unknown,unknown,10000,AED,unknown,active,https://prodadmin-aqaar.realcube.estate/api/globalSearch?search=Al%20Manama%20Buildings&pageNumber=1&pageSize=100,2026-06-24
property_74b8dd4b_0ad1_e811_a2b8_00155d119707,74b8dd4b_0ad1_e811_a2b8_00155d119707,Al Manama Farm,Aqaar,https://www.aqaar.com/projects/74b8dd4b-0ad1-e811-a2b8-00155d119707,mixed_use,mixed_use,unknown,unknown,unknown,unknown,on_request,unknown,unknown,active,https://prodadmin-aqaar.realcube.estate/api/globalSearch?search=Al%20Manama%20Farm&pageNumber=1&pageSize=100,2026-06-24
property_52cf79ec_eb47_ea11_a2bc_00155d119619,52cf79ec_eb47_ea11_a2bc_00155d119619,Al Manama Land,Aqaar,https://www.aqaar.com/projects/52cf79ec-eb47-ea11-a2bc-00155d119619,mixed_use,mixed_use,unknown,unknown,unknown,unknown,on_request,unknown,unknown,active,https://prodadmin-aqaar.realcube.estate/api/globalSearch?search=Al%20Manama%20Land&pageNumber=1&pageSize=100,2026-06-24
property_6eb8dd4b_0ad1_e811_a2b8_00155d119707,6eb8dd4b_0ad1_e811_a2b8_00155d119707,Al Manama New Shops,Aqaar,https://www.aqaar.com/projects/6eb8dd4b-0ad1-e811-a2b8-00155d119707,commercial,commercial,unknown,unknown,unknown,unknown,on_request,unknown,unknown,active,https://prodadmin-aqaar.realcube.estate/api/globalSearch?search=Al%20Manama%20New%20Shops&pageNumber=1&pageSize=100,2026-06-24
property_48b8dd4b_0ad1_e811_a2b8_00155d119707,48b8dd4b_0ad1_e811_a2b8_00155d119707,Al Manama Old Clinic,Aqaar,https://www.aqaar.com/projects/48b8dd4b-0ad1-e811-a2b8-00155d119707,healthcare,healthcare,unknown,unknown,unknown,unknown,14400,AED,unknown,active,https://prodadmin-aqaar.realcube.estate/api/globalSearch?search=Al%20Manama%20Old%20Clinic&pageNumber=1&pageSize=100,2026-06-24
property_0ab8dd4b_0ad1_e811_a2b8_00155d119707,0ab8dd4b_0ad1_e811_a2b8_00155d119707,Al Manara,Aqaar,https://www.aqaar.com/projects/0ab8dd4b-0ad1-e811-a2b8-00155d119707,residential,residential,unknown,unknown,unknown,unknown,16800,AED,unknown,active,https://prodadmin-aqaar.realcube.estate/api/globalSearch?search=Al%20Manara&pageNumber=1&pageSize=100,2026-06-24
property_94b8dd4b_0ad1_e811_a2b8_00155d119707,94b8dd4b_0ad1_e811_a2b8_00155d119707,Al Maya Super market,Aqaar,https://www.aqaar.com/projects/94b8dd4b-0ad1-e811-a2b8-00155d119707,residential,residential,unknown,unknown,unknown,unknown,on_request,unknown,unknown,active,https://prodadmin-aqaar.realcube.estate/api/globalSearch?search=Al%20Maya%20Super%20market&pageNumber=1&pageSize=100,2026-06-24
property_12b8dd4b_0ad1_e811_a2b8_00155d119707,12b8dd4b_0ad1_e811_a2b8_00155d119707,Al Monaliza,Aqaar,https://www.aqaar.com/projects/12b8dd4b-0ad1-e811-a2b8-00155d119707,residential,residential,unknown,unknown,unknown,unknown,13200,AED,unknown,active,https://prodadmin-aqaar.realcube.estate/api/globalSearch?search=Al%20Monaliza&pageNumber=1&pageSize=100,2026-06-24
property_b2b8dd4b_0ad1_e811_a2b8_00155d119707,b2b8dd4b_0ad1_e811_a2b8_00155d119707,Al Musalla Building (Kempinski),Aqaar,https://www.aqaar.com/projects/b2b8dd4b-0ad1-e811-a2b8-00155d119707,residential,residential,unknown,unknown,unknown,unknown,26400,AED,unknown,active,https://prodadmin-aqaar.realcube.estate/api/globalSearch?search=Al%20Musalla%20%20Building%20(Kempinski)&pageNumber=1&pageSize=100,2026-06-24
property_00b8dd4b_0ad1_e811_a2b8_00155d119707,00b8dd4b_0ad1_e811_a2b8_00155d119707,Al Muthaf,Aqaar,https://www.aqaar.com/projects/00b8dd4b-0ad1-e811-a2b8-00155d119707,residential,residential,unknown,unknown,unknown,unknown,18000,AED,unknown,active,https://prodadmin-aqaar.realcube.estate/api/globalSearch?search=Al%20Muthaf&pageNumber=1&pageSize=100,2026-06-24
property_fcb7dd4b_0ad1_e811_a2b8_00155d119707,fcb7dd4b_0ad1_e811_a2b8_00155d119707,Al Nakheel 1,Aqaar,https://www.aqaar.com/projects/fcb7dd4b-0ad1-e811-a2b8-00155d119707,residential,residential,unknown,unknown,unknown,unknown,20400,AED,unknown,active,https://prodadmin-aqaar.realcube.estate/api/globalSearch?search=Al%20Nakheel%201&pageNumber=1&pageSize=100,2026-06-24
property_29eb4220_c77d_ec11_a2ca_00155d119619,29eb4220_c77d_ec11_a2ca_00155d119619,Al Nakheel 2,Aqaar,https://www.aqaar.com/projects/29eb4220-c77d-ec11-a2ca-00155d119619,residential,residential,unknown,unknown,unknown,unknown,13431.48,AED,unknown,active,https://prodadmin-aqaar.realcube.estate/api/globalSearch?search=Al%20Nakheel%202&pageNumber=1&pageSize=100,2026-06-24
property_06b8dd4b_0ad1_e811_a2b8_00155d119707,06b8dd4b_0ad1_e811_a2b8_00155d119707,Al Nasr,Aqaar,https://www.aqaar.com/projects/06b8dd4b-0ad1-e811-a2b8-00155d119707,residential,residential,unknown,unknown,unknown,unknown,19200,AED,unknown,active,https://prodadmin-aqaar.realcube.estate/api/globalSearch?search=Al%20Nasr&pageNumber=1&pageSize=100,2026-06-24
property_28b8dd4b_0ad1_e811_a2b8_00155d119707,28b8dd4b_0ad1_e811_a2b8_00155d119707,Al Nuaimia Complex,Aqaar,https://www.aqaar.com/projects/28b8dd4b-0ad1-e811-a2b8-00155d119707,residential,residential,unknown,unknown,unknown,unknown,15000,AED,unknown,active,https://prodadmin-aqaar.realcube.estate/api/globalSearch?search=Al%20Nuaimia%20Complex&pageNumber=1&pageSize=100,2026-06-24
property_9eb8dd4b_0ad1_e811_a2b8_00155d119707,9eb8dd4b_0ad1_e811_a2b8_00155d119707,Al Ofoq Tower,Aqaar,https://www.aqaar.com/projects/9eb8dd4b-0ad1-e811-a2b8-00155d119707,residential,residential,unknown,unknown,unknown,unknown,32400,AED,unknown,active,https://prodadmin-aqaar.realcube.estate/api/globalSearch?search=Al%20Ofoq%20Tower&pageNumber=1&pageSize=100,2026-06-24
property_98b8dd4b_0ad1_e811_a2b8_00155d119707,98b8dd4b_0ad1_e811_a2b8_00155d119707,Al Quds Villa,Aqaar,https://www.aqaar.com/projects/98b8dd4b-0ad1-e811-a2b8-00155d119707,villa,villa,unknown,unknown,unknown,unknown,on_request,unknown,unknown,active,https://prodadmin-aqaar.realcube.estate/api/globalSearch?search=Al%20Quds%20Villa&pageNumber=1&pageSize=100,2026-06-24
property_cc16b230_d81e_ee11_a2be_00155d119f33,cc16b230_d81e_ee11_a2be_00155d119f33,Al Ras,Aqaar,https://www.aqaar.com/projects/cc16b230-d81e-ee11-a2be-00155d119f33,residential,residential,unknown,unknown,unknown,unknown,on_request,unknown,unknown,active,https://prodadmin-aqaar.realcube.estate/api/globalSearch?search=Al%20Ras&pageNumber=1&pageSize=100,2026-06-24
property_88c9f0b0_29ea_f011_8406_70a8a5211049,88c9f0b0_29ea_f011_8406_70a8a5211049,Al Refaa,Aqaar,https://www.aqaar.com/projects/88c9f0b0-29ea-f011-8406-70a8a5211049,mixed_use,mixed_use,unknown,unknown,unknown,unknown,on_request,unknown,unknown,active,https://prodadmin-aqaar.realcube.estate/api/globalSearch?search=Al%20Refaa&pageNumber=1&pageSize=100,2026-06-24
property_f0d34484_309f_ee11_a2bf_00155d119841,f0d34484_309f_ee11_a2bf_00155d119841,Al Rumaila 1,Aqaar,https://www.aqaar.com/projects/f0d34484-309f-ee11-a2bf-00155d119841,residential,residential,unknown,unknown,unknown,unknown,15600,AED,unknown,active,https://prodadmin-aqaar.realcube.estate/api/globalSearch?search=Al%20Rumaila%201&pageNumber=1&pageSize=100,2026-06-24
property_18b8dd4b_0ad1_e811_a2b8_00155d119707,18b8dd4b_0ad1_e811_a2b8_00155d119707,Al Rumailah,Aqaar,https://www.aqaar.com/projects/18b8dd4b-0ad1-e811-a2b8-00155d119707,residential,residential,unknown,unknown,unknown,unknown,21600,AED,unknown,active,https://prodadmin-aqaar.realcube.estate/api/globalSearch?search=Al%20Rumailah&pageNumber=1&pageSize=100,2026-06-24
property_86b8dd4b_0ad1_e811_a2b8_00155d119707,86b8dd4b_0ad1_e811_a2b8_00155d119707,Al Rumailah New Villas,Aqaar,https://www.aqaar.com/projects/86b8dd4b-0ad1-e811-a2b8-00155d119707,villa,villa,unknown,unknown,unknown,unknown,102000,AED,unknown,active,https://prodadmin-aqaar.realcube.estate/api/globalSearch?search=Al%20Rumailah%20New%20Villas&pageNumber=1&pageSize=100,2026-06-24
property_11f6f9c7_d27d_ec11_a2ca_00155d119619,11f6f9c7_d27d_ec11_a2ca_00155d119619,Al Sediq,Aqaar,https://www.aqaar.com/projects/11f6f9c7-d27d-ec11-a2ca-00155d119619,residential,residential,unknown,unknown,unknown,unknown,19200,AED,unknown,active,https://prodadmin-aqaar.realcube.estate/api/globalSearch?search=Al%20Sediq&pageNumber=1&pageSize=100,2026-06-24
property_32b8dd4b_0ad1_e811_a2b8_00155d119707,32b8dd4b_0ad1_e811_a2b8_00155d119707,Al Shahba,Aqaar,https://www.aqaar.com/projects/32b8dd4b-0ad1-e811-a2b8-00155d119707,residential,Leasing,unknown,unknown,unknown,unknown,27000,AED,unknown,active,https://prodadmin-aqaar.realcube.estate/api/globalSearch?search=Al%20Shahba&pageNumber=1&pageSize=100,2026-06-24
property_90b8dd4b_0ad1_e811_a2b8_00155d119707,90b8dd4b_0ad1_e811_a2b8_00155d119707,Al Sheikh Humaid Building (Abu-Dhabi),Aqaar,https://www.aqaar.com/projects/90b8dd4b-0ad1-e811-a2b8-00155d119707,residential,residential,unknown,unknown,unknown,unknown,37800,AED,unknown,active,https://prodadmin-aqaar.realcube.estate/api/globalSearch?search=Al%20Sheikh%20Humaid%20Building%20(Abu-Dhabi)&pageNumber=1&pageSize=100,2026-06-24
property_b4b8dd4b_0ad1_e811_a2b8_00155d119707,b4b8dd4b_0ad1_e811_a2b8_00155d119707,Al Sheikha Fatima Building (Abu-Dhabi),Aqaar,https://www.aqaar.com/projects/b4b8dd4b-0ad1-e811-a2b8-00155d119707,residential,residential,unknown,unknown,unknown,unknown,36750,AED,unknown,active,https://prodadmin-aqaar.realcube.estate/api/globalSearch?search=Al%20Sheikha%20Fatima%20Building%20(Abu-Dhabi)&pageNumber=1&pageSize=100,2026-06-24
property_44f00817_9e49_eb11_a2c6_00155d119619,44f00817_9e49_eb11_a2c6_00155d119619,Al Shorouq,Aqaar,https://www.aqaar.com/projects/44f00817-9e49-eb11-a2c6-00155d119619,residential,residential,unknown,unknown,unknown,unknown,14400,AED,unknown,active,https://prodadmin-aqaar.realcube.estate/api/globalSearch?search=Al%20Shorouq&pageNumber=1&pageSize=100,2026-06-24
property_0eb8dd4b_0ad1_e811_a2b8_00155d119707,0eb8dd4b_0ad1_e811_a2b8_00155d119707,Al Suwan,Aqaar,https://www.aqaar.com/projects/0eb8dd4b-0ad1-e811-a2b8-00155d119707,residential,residential,unknown,unknown,unknown,unknown,28800,AED,unknown,active,https://prodadmin-aqaar.realcube.estate/api/globalSearch?search=Al%20Suwan&pageNumber=1&pageSize=100,2026-06-24
property_10b8dd4b_0ad1_e811_a2b8_00155d119707,10b8dd4b_0ad1_e811_a2b8_00155d119707,Al Tameer,Aqaar,https://www.aqaar.com/projects/10b8dd4b-0ad1-e811-a2b8-00155d119707,residential,residential,unknown,unknown,unknown,unknown,40800,AED,unknown,active,https://prodadmin-aqaar.realcube.estate/api/globalSearch?search=Al%20Tameer&pageNumber=1&pageSize=100,2026-06-24
property_a8b8dd4b_0ad1_e811_a2b8_00155d119707,a8b8dd4b_0ad1_e811_a2b8_00155d119707,Al Thuraya 1,Aqaar,https://www.aqaar.com/projects/a8b8dd4b-0ad1-e811-a2b8-00155d119707,residential,residential,unknown,unknown,unknown,unknown,20000,AED,unknown,active,https://prodadmin-aqaar.realcube.estate/api/globalSearch?search=Al%20Thuraya%201&pageNumber=1&pageSize=100,2026-06-24
property_aab8dd4b_0ad1_e811_a2b8_00155d119707,aab8dd4b_0ad1_e811_a2b8_00155d119707,Al Thuraya 2,Aqaar,https://www.aqaar.com/projects/aab8dd4b-0ad1-e811-a2b8-00155d119707,residential,residential,unknown,unknown,unknown,unknown,20000,AED,unknown,active,https://prodadmin-aqaar.realcube.estate/api/globalSearch?search=Al%20Thuraya%202&pageNumber=1&pageSize=100,2026-06-24
property_acb8dd4b_0ad1_e811_a2b8_00155d119707,acb8dd4b_0ad1_e811_a2b8_00155d119707,Al Thuraya 3,Aqaar,https://www.aqaar.com/projects/acb8dd4b-0ad1-e811-a2b8-00155d119707,residential,residential,unknown,unknown,unknown,unknown,33600,AED,unknown,active,https://prodadmin-aqaar.realcube.estate/api/globalSearch?search=Al%20Thuraya%203&pageNumber=1&pageSize=100,2026-06-24
property_42b8dd4b_0ad1_e811_a2b8_00155d119707,42b8dd4b_0ad1_e811_a2b8_00155d119707,Al Yasmeen Complex,Aqaar,https://www.aqaar.com/projects/42b8dd4b-0ad1-e811-a2b8-00155d119707,residential,Leasing,unknown,unknown,unknown,unknown,14000,AED,unknown,active,https://prodadmin-aqaar.realcube.estate/api/globalSearch?search=Al%20Yasmeen%20%20Complex&pageNumber=1&pageSize=100,2026-06-24
property_beabdf96_e122_e911_a2b8_00155d119707,beabdf96_e122_e911_a2b8_00155d119707,Al Zahir,Aqaar,https://www.aqaar.com/projects/beabdf96-e122-e911-a2b8-00155d119707,residential,residential,unknown,unknown,unknown,unknown,14400,AED,unknown,active,https://prodadmin-aqaar.realcube.estate/api/globalSearch?search=Al%20Zahir&pageNumber=1&pageSize=100,2026-06-24
property_02b8dd4b_0ad1_e811_a2b8_00155d119707,02b8dd4b_0ad1_e811_a2b8_00155d119707,Al Zahra Complex,Aqaar,https://www.aqaar.com/projects/02b8dd4b-0ad1-e811-a2b8-00155d119707,residential,residential,unknown,unknown,unknown,unknown,24000,AED,unknown,active,https://prodadmin-aqaar.realcube.estate/api/globalSearch?search=Al%20Zahra%20Complex&pageNumber=1&pageSize=100,2026-06-24
property_6c1c103f_f0f0_ea11_a2c4_00155d119619,6c1c103f_f0f0_ea11_a2c4_00155d119619,Al-Khour Tower C,Aqaar,https://www.aqaar.com/projects/6c1c103f-f0f0-ea11-a2c4-00155d119619,residential,residential,unknown,unknown,unknown,unknown,44400,AED,unknown,active,https://prodadmin-aqaar.realcube.estate/api/globalSearch?search=Al-Khour%20Tower%20C&pageNumber=1&pageSize=100,2026-06-24
property_eeb7dd4b_0ad1_e811_a2b8_00155d119707,eeb7dd4b_0ad1_e811_a2b8_00155d119707,AL-Khour Towers,Aqaar,https://www.aqaar.com/projects/eeb7dd4b-0ad1-e811-a2b8-00155d119707,residential,residential,unknown,unknown,unknown,unknown,195000,AED,unknown,sold_out,https://prodadmin-aqaar.realcube.estate/api/globalSearch?search=AL-Khour%20Towers&pageNumber=1&pageSize=100,2026-06-24
property_88b8dd4b_0ad1_e811_a2b8_00155d119707,88b8dd4b_0ad1_e811_a2b8_00155d119707,Amina Hospital,Aqaar,https://www.aqaar.com/projects/88b8dd4b-0ad1-e811-a2b8-00155d119707,healthcare,healthcare,unknown,unknown,unknown,unknown,on_request,unknown,unknown,active,https://prodadmin-aqaar.realcube.estate/api/globalSearch?search=Amina%20Hospital&pageNumber=1&pageSize=100,2026-06-24
property_98de02ed_2222_e911_a2b8_00155d119707,98de02ed_2222_e911_a2b8_00155d119707,Aqaar Offices,Aqaar,https://www.aqaar.com/projects/98de02ed-2222-e911-a2b8-00155d119707,commercial,commercial,unknown,unknown,unknown,unknown,on_request,unknown,unknown,active,https://prodadmin-aqaar.realcube.estate/api/globalSearch?search=Aqaar%20Offices&pageNumber=1&pageSize=100,2026-06-24
property_1ab8dd4b_0ad1_e811_a2b8_00155d119707,1ab8dd4b_0ad1_e811_a2b8_00155d119707,Asayel 1,Aqaar,https://www.aqaar.com/projects/1ab8dd4b-0ad1-e811-a2b8-00155d119707,residential,residential,unknown,unknown,unknown,unknown,21600,AED,unknown,active,https://prodadmin-aqaar.realcube.estate/api/globalSearch?search=Asayel%201&pageNumber=1&pageSize=100,2026-06-24
property_a0b8dd4b_0ad1_e811_a2b8_00155d119707,a0b8dd4b_0ad1_e811_a2b8_00155d119707,Asayel 2,Aqaar,https://www.aqaar.com/projects/a0b8dd4b-0ad1-e811-a2b8-00155d119707,residential,residential,unknown,unknown,unknown,unknown,22800,AED,unknown,active,https://prodadmin-aqaar.realcube.estate/api/globalSearch?search=Asayel%202&pageNumber=1&pageSize=100,2026-06-24
property_c05d8b0f_bab9_e911_a2bb_00155d119619,c05d8b0f_bab9_e911_a2bb_00155d119619,Beach Residence,Aqaar,https://www.aqaar.com/projects/c05d8b0f-bab9-e911-a2bb-00155d119619,residential,residential,unknown,unknown,unknown,unknown,sold_out,unknown,unknown,sold_out,https://prodadmin-aqaar.realcube.estate/api/globalSearch?search=Beach%20Residence&pageNumber=1&pageSize=100,2026-06-24
property_5cb8dd4b_0ad1_e811_a2b8_00155d119707,5cb8dd4b_0ad1_e811_a2b8_00155d119707,Bloomington School,Aqaar,https://www.aqaar.com/projects/5cb8dd4b-0ad1-e811-a2b8-00155d119707,education,education,unknown,unknown,unknown,unknown,on_request,unknown,unknown,active,https://prodadmin-aqaar.realcube.estate/api/globalSearch?search=Bloomington%20School&pageNumber=1&pageSize=100,2026-06-24
property_64b8dd4b_0ad1_e811_a2b8_00155d119707,64b8dd4b_0ad1_e811_a2b8_00155d119707,British International School,Aqaar,https://www.aqaar.com/projects/64b8dd4b-0ad1-e811-a2b8-00155d119707,education,education,unknown,unknown,unknown,unknown,on_request,unknown,unknown,active,https://prodadmin-aqaar.realcube.estate/api/globalSearch?search=British%20International%20School&pageNumber=1&pageSize=100,2026-06-24
property_54b8dd4b_0ad1_e811_a2b8_00155d119707,54b8dd4b_0ad1_e811_a2b8_00155d119707,Building materials Factory,Aqaar,https://www.aqaar.com/projects/54b8dd4b-0ad1-e811-a2b8-00155d119707,commercial,commercial,unknown,unknown,unknown,unknown,on_request,unknown,unknown,active,https://prodadmin-aqaar.realcube.estate/api/globalSearch?search=Building%20materials%20Factory&pageNumber=1&pageSize=100,2026-06-24
property_30b8dd4b_0ad1_e811_a2b8_00155d119707,30b8dd4b_0ad1_e811_a2b8_00155d119707,City Towers,Aqaar,https://www.aqaar.com/projects/30b8dd4b-0ad1-e811-a2b8-00155d119707,residential,residential,unknown,unknown,unknown,unknown,222000,AED,unknown,sold_out,https://prodadmin-aqaar.realcube.estate/api/globalSearch?search=City%20Towers&pageNumber=1&pageSize=100,2026-06-24
property_04b8dd4b_0ad1_e811_a2b8_00155d119707,04b8dd4b_0ad1_e811_a2b8_00155d119707,Commercial Complex,Aqaar,https://www.aqaar.com/projects/04b8dd4b-0ad1-e811-a2b8-00155d119707,residential,residential,unknown,unknown,unknown,unknown,24000,AED,unknown,active,https://prodadmin-aqaar.realcube.estate/api/globalSearch?search=Commercial%20Complex&pageNumber=1&pageSize=100,2026-06-24
property_16b8dd4b_0ad1_e811_a2b8_00155d119707,16b8dd4b_0ad1_e811_a2b8_00155d119707,Corniche Tower,Aqaar,https://www.aqaar.com/projects/16b8dd4b-0ad1-e811-a2b8-00155d119707,residential,residential,unknown,unknown,unknown,unknown,357000,AED,unknown,sold_out,https://prodadmin-aqaar.realcube.estate/api/globalSearch?search=Corniche%20Tower&pageNumber=1&pageSize=100,2026-06-24
property_301c3301_382a_eb11_a2c5_00155d119619,301c3301_382a_eb11_a2c5_00155d119619,Crown Private,Aqaar,https://www.aqaar.com/projects/301c3301-382a-eb11-a2c5-00155d119619,mixed_use,mixed_use,unknown,unknown,unknown,unknown,on_request,unknown,unknown,active,https://prodadmin-aqaar.realcube.estate/api/globalSearch?search=Crown%20Private&pageNumber=1&pageSize=100,2026-06-24
property_aeb8dd4b_0ad1_e811_a2b8_00155d119707,aeb8dd4b_0ad1_e811_a2b8_00155d119707,Crystal,Aqaar,https://www.aqaar.com/projects/aeb8dd4b-0ad1-e811-a2b8-00155d119707,commercial,commercial,unknown,unknown,unknown,unknown,25200,AED,unknown,active,https://prodadmin-aqaar.realcube.estate/api/globalSearch?search=Crystal&pageNumber=1&pageSize=100,2026-06-24
property_38b8dd4b_0ad1_e811_a2b8_00155d119707,38b8dd4b_0ad1_e811_a2b8_00155d119707,Crystal 1,Aqaar,https://www.aqaar.com/projects/38b8dd4b-0ad1-e811-a2b8-00155d119707,commercial,commercial,unknown,unknown,unknown,unknown,27600,AED,unknown,active,https://prodadmin-aqaar.realcube.estate/api/globalSearch?search=Crystal%201&pageNumber=1&pageSize=100,2026-06-24
property_eab7dd4b_0ad1_e811_a2b8_00155d119707,eab7dd4b_0ad1_e811_a2b8_00155d119707,Dewan Towers,Aqaar,https://www.aqaar.com/projects/eab7dd4b-0ad1-e811-a2b8-00155d119707,commercial,commercial,unknown,unknown,unknown,unknown,12000,AED,unknown,active,https://prodadmin-aqaar.realcube.estate/api/globalSearch?search=Dewan%20Towers&pageNumber=1&pageSize=100,2026-06-24
property_836256dc_a305_f111_8407_70a8a5232028,836256dc_a305_f111_8407_70a8a5232028,Dusit Thani Residences Ajman,Aqaar,https://www.aqaar.com/projects/836256dc-a305-f111-8407-70a8a5232028,residential,residential,unknown,unknown,unknown,unknown,on_request,unknown,unknown,active,https://prodadmin-aqaar.realcube.estate/api/globalSearch?search=Dusit%20Thani%20Residences%20Ajman&pageNumber=1&pageSize=100,2026-06-24
property_14b8dd4b_0ad1_e811_a2b8_00155d119707,14b8dd4b_0ad1_e811_a2b8_00155d119707,Falcon Towers,Aqaar,https://www.aqaar.com/projects/14b8dd4b-0ad1-e811-a2b8-00155d119707,commercial,commercial,unknown,unknown,unknown,unknown,183500,AED,unknown,sold_out,https://prodadmin-aqaar.realcube.estate/api/globalSearch?search=Falcon%20Towers&pageNumber=1&pageSize=100,2026-06-24
property_34b8dd4b_0ad1_e811_a2b8_00155d119707,34b8dd4b_0ad1_e811_a2b8_00155d119707,Flamingo Building,Aqaar,https://www.aqaar.com/projects/34b8dd4b-0ad1-e811-a2b8-00155d119707,commercial,commercial,unknown,unknown,unknown,unknown,19200,AED,unknown,active,https://prodadmin-aqaar.realcube.estate/api/globalSearch?search=Flamingo%20Building&pageNumber=1&pageSize=100,2026-06-24
property_36b8dd4b_0ad1_e811_a2b8_00155d119707,36b8dd4b_0ad1_e811_a2b8_00155d119707,Flamingo Villas,Aqaar,https://www.aqaar.com/projects/36b8dd4b-0ad1-e811-a2b8-00155d119707,commercial,commercial,unknown,unknown,unknown,unknown,120000,AED,unknown,active,https://prodadmin-aqaar.realcube.estate/api/globalSearch?search=Flamingo%20Villas&pageNumber=1&pageSize=100,2026-06-24
property_bd3ddba0_76fe_eb11_a2c8_00155d119619,bd3ddba0_76fe_eb11_a2c8_00155d119619,Galleria Mall,Aqaar,https://www.aqaar.com/projects/bd3ddba0-76fe-eb11-a2c8-00155d119619,commercial,commercial,unknown,unknown,unknown,unknown,on_request,unknown,unknown,active,https://prodadmin-aqaar.realcube.estate/api/globalSearch?search=Galleria%20Mall&pageNumber=1&pageSize=100,2026-06-24
property_7d307ab5_a6a9_ea11_a2c3_00155d119619,7d307ab5_a6a9_ea11_a2c3_00155d119619,Garden City,Aqaar,https://www.aqaar.com/projects/7d307ab5-a6a9-ea11-a2c3-00155d119619,commercial,commercial,unknown,unknown,unknown,unknown,102500,AED,unknown,sold_out,https://prodadmin-aqaar.realcube.estate/api/globalSearch?search=Garden%20City&pageNumber=1&pageSize=100,2026-06-24
property_e4b7dd4b_0ad1_e811_a2b8_00155d119707,e4b7dd4b_0ad1_e811_a2b8_00155d119707,Grand,Aqaar,https://www.aqaar.com/projects/e4b7dd4b-0ad1-e811-a2b8-00155d119707,commercial,Leasing,unknown,unknown,unknown,unknown,27000,AED,unknown,active,https://prodadmin-aqaar.realcube.estate/api/globalSearch?search=Grand&pageNumber=1&pageSize=100,2026-06-24
property_92b8dd4b_0ad1_e811_a2b8_00155d119707,92b8dd4b_0ad1_e811_a2b8_00155d119707,Gulfa Warehouses,Aqaar,https://www.aqaar.com/projects/92b8dd4b-0ad1-e811-a2b8-00155d119707,commercial,commercial,unknown,unknown,unknown,unknown,on_request,unknown,unknown,active,https://prodadmin-aqaar.realcube.estate/api/globalSearch?search=Gulfa%20Warehouses&pageNumber=1&pageSize=100,2026-06-24
property_58b8dd4b_0ad1_e811_a2b8_00155d119707,58b8dd4b_0ad1_e811_a2b8_00155d119707,Habitat School,Aqaar,https://www.aqaar.com/projects/58b8dd4b-0ad1-e811-a2b8-00155d119707,education,education,unknown,unknown,unknown,unknown,on_request,unknown,unknown,active,https://prodadmin-aqaar.realcube.estate/api/globalSearch?search=Habitat%20School&pageNumber=1&pageSize=100,2026-06-24
property_f4b7dd4b_0ad1_e811_a2b8_00155d119707,f4b7dd4b_0ad1_e811_a2b8_00155d119707,Horizon Towers,Aqaar,https://www.aqaar.com/projects/f4b7dd4b-0ad1-e811-a2b8-00155d119707,commercial,commercial,unknown,unknown,unknown,unknown,174500,AED,unknown,sold_out,https://prodadmin-aqaar.realcube.estate/api/globalSearch?search=Horizon%20Towers&pageNumber=1&pageSize=100,2026-06-24
property_b984f548_ab76_f011_a2e0_00155d119f38,b984f548_ab76_f011_a2e0_00155d119f38,Horizon University,Aqaar,https://www.aqaar.com/projects/b984f548-ab76-f011-a2e0-00155d119f38,mixed_use,mixed_use,unknown,unknown,unknown,unknown,on_request,unknown,unknown,active,https://prodadmin-aqaar.realcube.estate/api/globalSearch?search=Horizon%20University&pageNumber=1&pageSize=100,2026-06-24
property_50b8dd4b_0ad1_e811_a2b8_00155d119707,50b8dd4b_0ad1_e811_a2b8_00155d119707,Houses and Flats Masfoot,Aqaar,https://www.aqaar.com/projects/50b8dd4b-0ad1-e811-a2b8-00155d119707,commercial,commercial,unknown,unknown,unknown,unknown,12000,AED,unknown,active,https://prodadmin-aqaar.realcube.estate/api/globalSearch?search=Houses%20and%20Flats%20Masfoot&pageNumber=1&pageSize=100,2026-06-24
property_5ab8dd4b_0ad1_e811_a2b8_00155d119707,5ab8dd4b_0ad1_e811_a2b8_00155d119707,Indian International School 1,Aqaar,https://www.aqaar.com/projects/5ab8dd4b-0ad1-e811-a2b8-00155d119707,education,education,unknown,unknown,unknown,unknown,on_request,unknown,unknown,active,https://prodadmin-aqaar.realcube.estate/api/globalSearch?search=Indian%20International%20School%201&pageNumber=1&pageSize=100,2026-06-24
property_8ab8dd4b_0ad1_e811_a2b8_00155d119707,8ab8dd4b_0ad1_e811_a2b8_00155d119707,Industrial area -1,Aqaar,https://www.aqaar.com/projects/8ab8dd4b-0ad1-e811-a2b8-00155d119707,mixed_use,mixed_use,unknown,unknown,unknown,unknown,on_request,unknown,unknown,active,https://prodadmin-aqaar.realcube.estate/api/globalSearch?search=Industrial%20area%20-1&pageNumber=1&pageSize=100,2026-06-24
property_8eb8dd4b_0ad1_e811_a2b8_00155d119707,8eb8dd4b_0ad1_e811_a2b8_00155d119707,Industrial area -20,Aqaar,https://www.aqaar.com/projects/8eb8dd4b-0ad1-e811-a2b8-00155d119707,mixed_use,mixed_use,unknown,unknown,unknown,unknown,on_request,unknown,unknown,active,https://prodadmin-aqaar.realcube.estate/api/globalSearch?search=Industrial%20area%20-20&pageNumber=1&pageSize=100,2026-06-24
property_8cb8dd4b_0ad1_e811_a2b8_00155d119707,8cb8dd4b_0ad1_e811_a2b8_00155d119707,Industrial area -3,Aqaar,https://www.aqaar.com/projects/8cb8dd4b-0ad1-e811-a2b8-00155d119707,mixed_use,mixed_use,unknown,unknown,unknown,unknown,on_request,unknown,unknown,active,https://prodadmin-aqaar.realcube.estate/api/globalSearch?search=Industrial%20area%20-3&pageNumber=1&pageSize=100,2026-06-24
property_8dc5f8f8_ebb3_ec11_a2bf_00155d119927,8dc5f8f8_ebb3_ec11_a2bf_00155d119927,industrial area 2,Aqaar,https://www.aqaar.com/projects/8dc5f8f8-ebb3-ec11-a2bf-00155d119927,mixed_use,mixed_use,unknown,unknown,unknown,unknown,on_request,unknown,unknown,active,https://prodadmin-aqaar.realcube.estate/api/globalSearch?search=industrial%20area%202&pageNumber=1&pageSize=100,2026-06-24
property_8daed8f6_bd22_e911_a2b8_00155d119707,8daed8f6_bd22_e911_a2b8_00155d119707,Labor Accommodation,Aqaar,https://www.aqaar.com/projects/8daed8f6-bd22-e911-a2b8-00155d119707,mixed_use,mixed_use,unknown,unknown,unknown,unknown,on_request,unknown,unknown,active,https://prodadmin-aqaar.realcube.estate/api/globalSearch?search=Labor%20Accommodation&pageNumber=1&pageSize=100,2026-06-24
property_30485a5c_911e_ec11_a2c8_00155d119619,30485a5c_911e_ec11_a2c8_00155d119619,Lake Tower C4,Aqaar,https://www.aqaar.com/projects/30485a5c-911e-ec11-a2c8-00155d119619,residential,residential,unknown,unknown,unknown,unknown,on_request,unknown,unknown,active,https://prodadmin-aqaar.realcube.estate/api/globalSearch?search=Lake%20Tower%20C4&pageNumber=1&pageSize=100,2026-06-24
property_9ab8dd4b_0ad1_e811_a2b8_00155d119707,9ab8dd4b_0ad1_e811_a2b8_00155d119707,Lewara,Aqaar,https://www.aqaar.com/projects/9ab8dd4b-0ad1-e811-a2b8-00155d119707,commercial,commercial,unknown,unknown,unknown,unknown,27000,AED,unknown,active,https://prodadmin-aqaar.realcube.estate/api/globalSearch?search=Lewara&pageNumber=1&pageSize=100,2026-06-24
property_4cb8dd4b_0ad1_e811_a2b8_00155d119707,4cb8dd4b_0ad1_e811_a2b8_00155d119707,Manama Flats,Aqaar,https://www.aqaar.com/projects/4cb8dd4b-0ad1-e811-a2b8-00155d119707,commercial,commercial,unknown,unknown,unknown,unknown,15000,AED,unknown,active,https://prodadmin-aqaar.realcube.estate/api/globalSearch?search=Manama%20Flats&pageNumber=1&pageSize=100,2026-06-24
property_4eb8dd4b_0ad1_e811_a2b8_00155d119707,4eb8dd4b_0ad1_e811_a2b8_00155d119707,Manama Shops,Aqaar,https://www.aqaar.com/projects/4eb8dd4b-0ad1-e811-a2b8-00155d119707,commercial,commercial,unknown,unknown,unknown,unknown,on_request,unknown,unknown,active,https://prodadmin-aqaar.realcube.estate/api/globalSearch?search=Manama%20Shops&pageNumber=1&pageSize=100,2026-06-24
property_7ab8dd4b_0ad1_e811_a2b8_00155d119707,7ab8dd4b_0ad1_e811_a2b8_00155d119707,Manama Wedding Hall (Ajman Society),Aqaar,https://www.aqaar.com/projects/7ab8dd4b-0ad1-e811-a2b8-00155d119707,mixed_use,mixed_use,unknown,unknown,unknown,unknown,on_request,unknown,unknown,active,https://prodadmin-aqaar.realcube.estate/api/globalSearch?search=Manama%20Wedding%20Hall%20(Ajman%20Society)&pageNumber=1&pageSize=100,2026-06-24
property_84b8dd4b_0ad1_e811_a2b8_00155d119707,84b8dd4b_0ad1_e811_a2b8_00155d119707,Masfoot Buildings,Aqaar,https://www.aqaar.com/projects/84b8dd4b-0ad1-e811-a2b8-00155d119707,commercial,commercial,unknown,unknown,unknown,unknown,14400,AED,unknown,active,https://prodadmin-aqaar.realcube.estate/api/globalSearch?search=Masfoot%20Buildings&pageNumber=1&pageSize=100,2026-06-24
property_a736c16e_313f_e911_a2b9_00155d119910,a736c16e_313f_e911_a2b9_00155d119910,Masfoot Plaza,Aqaar,https://www.aqaar.com/projects/a736c16e-313f-e911-a2b9-00155d119910,commercial,commercial,unknown,unknown,unknown,unknown,on_request,unknown,unknown,active,https://prodadmin-aqaar.realcube.estate/api/globalSearch?search=Masfoot%20Plaza&pageNumber=1&pageSize=100,2026-06-24
property_ed194b08_59aa_f011_a2e0_00155d119f3e,ed194b08_59aa_f011_a2e0_00155d119f3e,Mawjan,Aqaar,https://www.aqaar.com/projects/ed194b08-59aa-f011-a2e0-00155d119f3e,residential,residential,unknown,unknown,unknown,unknown,on_request,unknown,unknown,active,https://prodadmin-aqaar.realcube.estate/api/globalSearch?search=Mawjan&pageNumber=1&pageSize=100,2026-06-24
property_fcb24d18_ff7d_ee11_a2bf_00155d119f33,fcb24d18_ff7d_ee11_a2bf_00155d119f33,Metropolitan International Indian Private School,Aqaar,https://www.aqaar.com/projects/fcb24d18-ff7d-ee11-a2bf-00155d119f33,education,education,unknown,unknown,unknown,unknown,on_request,unknown,unknown,active,https://prodadmin-aqaar.realcube.estate/api/globalSearch?search=Metropolitan%20International%20Indian%20Private%20School&pageNumber=1&pageSize=100,2026-06-24
property_dd64d3c4_e079_ed11_a2ba_00155d119841,dd64d3c4_e079_ed11_a2ba_00155d119841,Mortuary in Ajman Cemetery,Aqaar,https://www.aqaar.com/projects/dd64d3c4-e079-ed11-a2ba-00155d119841,mixed_use,mixed_use,unknown,unknown,unknown,unknown,on_request,unknown,unknown,active,https://prodadmin-aqaar.realcube.estate/api/globalSearch?search=Mortuary%20in%20Ajman%20Cemetery&pageNumber=1&pageSize=100,2026-06-24
property_52b8dd4b_0ad1_e811_a2b8_00155d119707,52b8dd4b_0ad1_e811_a2b8_00155d119707,Musheirif Shops,Aqaar,https://www.aqaar.com/projects/52b8dd4b-0ad1-e811-a2b8-00155d119707,commercial,commercial,unknown,unknown,unknown,unknown,on_request,unknown,unknown,active,https://prodadmin-aqaar.realcube.estate/api/globalSearch?search=Musheirif%20Shops&pageNumber=1&pageSize=100,2026-06-24
property_b514b2db_08f8_ea11_a2c5_00155d119619,b514b2db_08f8_ea11_a2c5_00155d119619,Musherif Villas,Aqaar,https://www.aqaar.com/projects/b514b2db-08f8-ea11-a2c5-00155d119619,commercial,commercial,unknown,unknown,unknown,unknown,30000,AED,unknown,active,https://prodadmin-aqaar.realcube.estate/api/globalSearch?search=Musherif%20Villas&pageNumber=1&pageSize=100,2026-06-24
property_f8b7dd4b_0ad1_e811_a2b8_00155d119707,f8b7dd4b_0ad1_e811_a2b8_00155d119707,New Gold Market,Aqaar,https://www.aqaar.com/projects/f8b7dd4b-0ad1-e811-a2b8-00155d119707,mixed_use,mixed_use,unknown,unknown,unknown,unknown,21600,AED,unknown,active,https://prodadmin-aqaar.realcube.estate/api/globalSearch?search=New%20Gold%20Market&pageNumber=1&pageSize=100,2026-06-24
property_e9afbd0c_b405_ee11_a2bc_00155d119841,e9afbd0c_b405_ee11_a2bc_00155d119841,New Musherif Villas,Aqaar,https://www.aqaar.com/projects/e9afbd0c-b405-ee11-a2bc-00155d119841,commercial,commercial,unknown,unknown,unknown,unknown,114000,AED,unknown,active,https://prodadmin-aqaar.realcube.estate/api/globalSearch?search=New%20Musherif%20Villas&pageNumber=1&pageSize=100,2026-06-24
property_bb57baca_fa02_ef11_a2c0_00155d119841,bb57baca_fa02_ef11_a2c0_00155d119841,North Gate British School,Aqaar,https://www.aqaar.com/projects/bb57baca-fa02-ef11-a2c0-00155d119841,education,education,unknown,unknown,unknown,unknown,on_request,unknown,unknown,active,https://prodadmin-aqaar.realcube.estate/api/globalSearch?search=North%20Gate%20British%20School&pageNumber=1&pageSize=100,2026-06-24
property_f0b7dd4b_0ad1_e811_a2b8_00155d119707,f0b7dd4b_0ad1_e811_a2b8_00155d119707,Nuaiemiyah Towers,Aqaar,https://www.aqaar.com/projects/f0b7dd4b-0ad1-e811-a2b8-00155d119707,commercial,commercial,unknown,unknown,unknown,unknown,139000,AED,unknown,sold_out,https://prodadmin-aqaar.realcube.estate/api/globalSearch?search=Nuaiemiyah%20Towers&pageNumber=1&pageSize=100,2026-06-24
property_ea381dec_0c0f_ed11_a2bb_00155d119f33,ea381dec_0c0f_ed11_a2bb_00155d119f33,Nuaimeya 3,Aqaar,https://www.aqaar.com/projects/ea381dec-0c0f-ed11-a2bb-00155d119f33,commercial,commercial,unknown,unknown,unknown,unknown,on_request,unknown,unknown,active,https://prodadmin-aqaar.realcube.estate/api/globalSearch?search=Nuaimeya%203&pageNumber=1&pageSize=100,2026-06-24
property_70b8dd4b_0ad1_e811_a2b8_00155d119707,70b8dd4b_0ad1_e811_a2b8_00155d119707,Old Civil Defense (Middle East ),Aqaar,https://www.aqaar.com/projects/70b8dd4b-0ad1-e811-a2b8-00155d119707,mixed_use,mixed_use,unknown,unknown,unknown,unknown,on_request,unknown,unknown,active,https://prodadmin-aqaar.realcube.estate/api/globalSearch?search=Old%20Civil%20Defense%20(Middle%20East%20)&pageNumber=1&pageSize=100,2026-06-24
property_fab7dd4b_0ad1_e811_a2b8_00155d119707,fab7dd4b_0ad1_e811_a2b8_00155d119707,Old Gold Market,Aqaar,https://www.aqaar.com/projects/fab7dd4b-0ad1-e811-a2b8-00155d119707,mixed_use,mixed_use,unknown,unknown,unknown,unknown,14400,AED,unknown,active,https://prodadmin-aqaar.realcube.estate/api/globalSearch?search=Old%20Gold%20Market&pageNumber=1&pageSize=100,2026-06-24
property_0cb8dd4b_0ad1_e811_a2b8_00155d119707,0cb8dd4b_0ad1_e811_a2b8_00155d119707,Old Quds,Aqaar,https://www.aqaar.com/projects/0cb8dd4b-0ad1-e811-a2b8-00155d119707,commercial,commercial,unknown,unknown,unknown,unknown,20700,AED,unknown,active,https://prodadmin-aqaar.realcube.estate/api/globalSearch?search=Old%20Quds&pageNumber=1&pageSize=100,2026-06-24
property_e2bc7f18_16cd_f011_8543_6045bd6a88e0,e2bc7f18_16cd_f011_8543_6045bd6a88e0,Online Test Project,Aqaar,https://www.aqaar.com/projects/e2bc7f18-16cd-f011-8543-6045bd6a88e0,mixed_use,mixed_use,unknown,unknown,unknown,unknown,on_request,unknown,unknown,active,https://prodadmin-aqaar.realcube.estate/api/globalSearch?search=Online%20Test%20Project&pageNumber=1&pageSize=100,2026-06-24
property_bd8bd1e6_0420_e911_a2b8_00155d119707,bd8bd1e6_0420_e911_a2b8_00155d119707,Orient Towers,Aqaar,https://www.aqaar.com/projects/bd8bd1e6-0420-e911-a2b8-00155d119707,commercial,commercial,unknown,unknown,unknown,unknown,284000,AED,unknown,sold_out,https://prodadmin-aqaar.realcube.estate/api/globalSearch?search=Orient%20Towers&pageNumber=1&pageSize=100,2026-06-24
property_6cb8dd4b_0ad1_e811_a2b8_00155d119707,6cb8dd4b_0ad1_e811_a2b8_00155d119707,Preston shops,Aqaar,https://www.aqaar.com/projects/6cb8dd4b-0ad1-e811-a2b8-00155d119707,commercial,commercial,unknown,unknown,unknown,unknown,30139,AED,unknown,active,https://prodadmin-aqaar.realcube.estate/api/globalSearch?search=Preston%20shops&pageNumber=1&pageSize=100,2026-06-24
property_00f262fd_7fd2_ec11_a2c0_00155d119927,00f262fd_7fd2_ec11_a2c0_00155d119927,PRJ-RP,Aqaar,https://www.aqaar.com/projects/00f262fd-7fd2-ec11-a2c0-00155d119927,mixed_use,mixed_use,unknown,unknown,unknown,unknown,on_request,unknown,unknown,active,https://prodadmin-aqaar.realcube.estate/api/globalSearch?search=PRJ-RP&pageNumber=1&pageSize=100,2026-06-24
property_1be2d3a1_dee9_ef11_a2ce_00155d119747,1be2d3a1_dee9_ef11_a2ce_00155d119747,Rashidia 2,Aqaar,https://www.aqaar.com/projects/1be2d3a1-dee9-ef11-a2ce-00155d119747,mixed_use,mixed_use,unknown,unknown,unknown,unknown,on_request,unknown,unknown,active,https://prodadmin-aqaar.realcube.estate/api/globalSearch?search=Rashidia%202&pageNumber=1&pageSize=100,2026-06-24
property_f2b7dd4b_0ad1_e811_a2b8_00155d119707,f2b7dd4b_0ad1_e811_a2b8_00155d119707,Rashidia Towers,Aqaar,https://www.aqaar.com/projects/f2b7dd4b-0ad1-e811-a2b8-00155d119707,commercial,commercial,unknown,unknown,unknown,unknown,90000,AED,unknown,sold_out,https://prodadmin-aqaar.realcube.estate/api/globalSearch?search=Rashidia%20Towers&pageNumber=1&pageSize=100,2026-06-24
property_46b8dd4b_0ad1_e811_a2b8_00155d119707,46b8dd4b_0ad1_e811_a2b8_00155d119707,Rawdat Al Reef Flats & Shops,Aqaar,https://www.aqaar.com/projects/46b8dd4b-0ad1-e811-a2b8-00155d119707,commercial,commercial,unknown,unknown,unknown,unknown,6600,AED,unknown,active,https://prodadmin-aqaar.realcube.estate/api/globalSearch?search=Rawdat%20Al%20Reef%20Flats%20%26%20Shops&pageNumber=1&pageSize=100,2026-06-24
property_5eb8dd4b_0ad1_e811_a2b8_00155d119707,5eb8dd4b_0ad1_e811_a2b8_00155d119707,Royal Academic School,Aqaar,https://www.aqaar.com/projects/5eb8dd4b-0ad1-e811-a2b8-00155d119707,education,education,unknown,unknown,unknown,unknown,on_request,unknown,unknown,active,https://prodadmin-aqaar.realcube.estate/api/globalSearch?search=Royal%20Academic%20School&pageNumber=1&pageSize=100,2026-06-24
property_ceba2b44_2322_e911_a2b8_00155d119707,ceba2b44_2322_e911_a2b8_00155d119707,Royal Palaces,Aqaar,https://www.aqaar.com/projects/ceba2b44-2322-e911-a2b8-00155d119707,mixed_use,mixed_use,unknown,unknown,unknown,unknown,on_request,unknown,unknown,active,https://prodadmin-aqaar.realcube.estate/api/globalSearch?search=Royal%20Palaces&pageNumber=1&pageSize=100,2026-06-24
property_d6e426c5_e7c4_ee11_a2bf_00155d119841,d6e426c5_e7c4_ee11_a2bf_00155d119841,Settlement Project,Aqaar,https://www.aqaar.com/projects/d6e426c5-e7c4-ee11-a2bf-00155d119841,mixed_use,mixed_use,unknown,unknown,unknown,unknown,on_request,unknown,unknown,active,https://prodadmin-aqaar.realcube.estate/api/globalSearch?search=Settlement%20Project&pageNumber=1&pageSize=100,2026-06-24
property_4ab8dd4b_0ad1_e811_a2b8_00155d119707,4ab8dd4b_0ad1_e811_a2b8_00155d119707,Traditional Houses - Al Manama,Aqaar,https://www.aqaar.com/projects/4ab8dd4b-0ad1-e811-a2b8-00155d119707,commercial,commercial,unknown,unknown,unknown,unknown,4800,AED,unknown,active,https://prodadmin-aqaar.realcube.estate/api/globalSearch?search=Traditional%20Houses%20-%20Al%20Manama&pageNumber=1&pageSize=100,2026-06-24
property_2a3a3b61_bd9f_ee11_a2bf_00155d119841,2a3a3b61_bd9f_ee11_a2bf_00155d119841,UM Khalaad School For Basic Education C-1,Aqaar,https://www.aqaar.com/projects/2a3a3b61-bd9f-ee11-a2bf-00155d119841,education,education,unknown,unknown,unknown,unknown,on_request,unknown,unknown,active,https://prodadmin-aqaar.realcube.estate/api/globalSearch?search=UM%20Khalaad%20School%20For%20Basic%20Education%20C-1&pageNumber=1&pageSize=100,2026-06-24
property_cab8dd4b_0ad1_e811_a2b8_00155d119707,cab8dd4b_0ad1_e811_a2b8_00155d119707,Waqf Thamer Saied Salman (University),Aqaar,https://www.aqaar.com/projects/cab8dd4b-0ad1-e811-a2b8-00155d119707,mixed_use,mixed_use,unknown,unknown,unknown,unknown,20400,AED,unknown,active,https://prodadmin-aqaar.realcube.estate/api/globalSearch?search=Waqf%20Thamer%20Saied%20Salman%20(University)&pageNumber=1&pageSize=100,2026-06-24
property_5a6d07a8_f7e1_ea11_a2c4_00155d119619,5a6d07a8_f7e1_ea11_a2c4_00155d119619,Water Treatment Plant,Aqaar,https://www.aqaar.com/projects/5a6d07a8-f7e1-ea11-a2c4-00155d119619,mixed_use,mixed_use,unknown,unknown,unknown,unknown,on_request,unknown,unknown,active,https://prodadmin-aqaar.realcube.estate/api/globalSearch?search=Water%20Treatment%20Plant&pageNumber=1&pageSize=100,2026-06-24
property_62b8dd4b_0ad1_e811_a2b8_00155d119707,62b8dd4b_0ad1_e811_a2b8_00155d119707,Wood Lem Park School,Aqaar,https://www.aqaar.com/projects/62b8dd4b-0ad1-e811-a2b8-00155d119707,education,education,unknown,unknown,unknown,unknown,on_request,unknown,unknown,active,https://prodadmin-aqaar.realcube.estate/api/globalSearch?search=Wood%20Lem%20Park%20School&pageNumber=1&pageSize=100,2026-06-24
